SampleID	SampleID2	RIBBITR_ID	Species	Date	Location	region	site	survey_time	life_stage	sex	snout_vent_length	body_mass_g	ColoniesBact	ColoniesPast	CFU_bact	CFU_past	Percent_spore	Total bacteria_blue	Total_bacteria_red	No_fields_obs	Dilution factor	Area_mm2	Total_cells_ml	Active_cells_ml	Per_active	Per_dormant	TotalFluorRep1	TotalFluorRep2	TotalFluorRep3	AvgFluorTotal	ViableFluorRep1	ViableFluorRep2	ViableFluorRep3	AvgFluorVia	PerViableSpores	TotalNoSporesTbCl	ViableNoSporesTbCl	TotalNoSporesTbClCorrected	ViableNoSporesTbClCorrected	S16CopiesRep1	S16CopiesRep2	S16CopiesRep3	S16CopiesAvg	bd_replicates	bd_detected	bd_mean_its1_copies_per_swab	total_peptides_ug	body_temp_c	lat	long	annual_mean_temp	mean_diurnal_range	isothermality	temp_seasonality	max_temp_warmest_month	min_temp_coldest_month	temp_annual_range	mean_temp_wettest_quarter	mean_temp_driest_quarter	mean_temp_warmest_quarter	mean_temp_coldest_quarter	annual_precip	precip_wettest_month	precip_driest_month	precip_seasonality	precip_wettest_quarter	precip_driest_quarter	precip_warmest_quarter	precip_coldest_quarter	Elevation_M
N/A	N/A	BR_AMPs_97	Hylodes phyllodes	10/3/23	Brazil	Santa Virginia	s2	NA	Adult	N/A	24.7	1.56	25.00	210.00	25000.00	2100	0.084	304	254	10	10	4	121600	102684	0.844440789	0.155559211	24116.52742	24509.89247	25950.92513	24859.11501	23300.47144	22862.27165	23447.57973	23203.44094	0.933397707	7578	1491	7578	1491	142090.00	111374.00	155960.00	1.36E+05	1	NA	NA	NA	14.9	-23.33646	-45.14643	17.05833244	10.1833334	56.26151276	251.918396	25.29999924	7.199999809	18.09999847	19.98333359	13.86666679	20.10000038	13.86666679	1778	278	42	60.12615585	800	160	767	160	117
N/A	N/A	BR_AMPs_101	Hylodes phyllodes	10/3/23	Brazil	Santa Virginia	s2	NA	Adult	N/A	21.85	0.93	26.00	159.00	26000.00	1590	0.061153846	304	290	10	10	4	121600	115182	0.947220395	0.052779605	24985.10786	24038.10598	24450.90248	24491.37211	22830.48596	22317.76279	23598.4831	22915.57728	0.935659186	6226	433	6226	433	142174.00	84857.00	114186.00	1.14E+05	1	NA	NA	7.062	15.9	-23.33646	-45.14643	17.05833244	10.1833334	56.26151276	251.918396	25.29999924	7.199999809	18.09999847	19.98333359	13.86666679	20.10000038	13.86666679	1778	278	42	60.12615585	800	160	767	160	117
N/A	N/A	BR_AMPs_100	Hylodes phyllodes	10/3/23	Brazil	Santa Virginia	s2	NA	Adult	N/A	19.95	0.69	24.00	366.00	24000.00	3660	0.1525	304	294	10	10	4	121600	111129	0.913889803	0.086110197	25544.15308	26927.9684	25948.31546	26140.14565	24594.46323	25796.04394	24798.68872	25063.06529	0.958795931	12288	8328	12288	8328	79050.00	81507.00	132054.00	9.75E+04	1	NA	NA	18	16.1	-23.33646	-45.14643	17.05833244	10.1833334	56.26151276	251.918396	25.29999924	7.199999809	18.09999847	19.98333359	13.86666679	20.10000038	13.86666679	1778	278	42	60.12615585	800	160	767	160	117
N/A	N/A	BR_AMPs_99	Hylodes phyllodes	10/3/23	Brazil	Santa Virginia	s2	NA	Adult	N/A	20.9	1.1	23.00	444.00	23000.00	4440	0.193043478	305	352	10	10	4	122000	108106	0.886114754	0.113885246	24242.5532	23828.74178	23503.28884	23858.19461	22467.47257	21727.65174	23166.28604	22453.80345	0.9411359	3898	-1266	3898	0	119871.00	107962.00	133521.00	1.20E+05	1	NA	NA	NA	16.7	-23.33646	-45.14643	17.05833244	10.1833334	56.26151276	251.918396	25.29999924	7.199999809	18.09999847	19.98333359	13.86666679	20.10000038	13.86666679	1778	278	42	60.12615585	800	160	767	160	117
N/A	N/A	BR_207_amp	Hylodes phyllodes	10/18/24	Brazil	Santa Virginia	s2	NA	Adult	N/A	22.8	1.14	37.00	77.00	37000.00	770	0.020810811	306	364	10	10	4	122400	98600	0.805555556	0.194444444	25576.75582	25096.84863	24763.89715	25145.83386	24380.54586	24720.29848	22210.63538	23770.49324	0.945305428	8632	3576	8632	3576	186667.00	158527.00	95171.00	1.47E+05	1	NA	NA	12.102	16.9	-23.33646	-45.14643	17.05833244	10.1833334	56.26151276	251.918396	25.29999924	7.199999809	18.09999847	19.98333359	13.86666679	20.10000038	13.86666679	1778	278	42	60.12615585	800	160	767	160	117
N/A	N/A	BR_AMPs_98	Hylodes phyllodes	10/3/23	Brazil	Santa Virginia	s2	NA	Adult	N/A	24.7	1.57	28.00	417.00	28000.00	4170	0.148928571	307	272	10	10	4	122800	98581	0.802776873	0.197223127	25397.89756	25180.41	26564.75482	25714.35412	24213.1611	24390.61388	23794.19626	24132.65708	0.938489723	10722	4907	10722	4907	134042.00	126937.00	141517.00	1.34E+05	1	NA	NA	47.394	17	-23.33646	-45.14643	17.05833244	10.1833334	56.26151276	251.918396	25.29999924	7.199999809	18.09999847	19.98333359	13.86666679	20.10000038	13.86666679	1778	278	42	60.12615585	800	160	767	160	117
N/A	N/A	BR_AMPs_107	Hylodes phyllodes	10/3/23	Brazil	Santa Virginia	s2	NA	Adult	N/A	24.7	1.82	19.00	611.00	19000.00	6110	0.321578947	307	376	10	10	4	122800	94829	0.772223127	0.227776873	24849.87588	24405.06968	25149.02807	24801.32454	23447.78297	21938.72019	23092.30805	22826.2704	0.920364973	7366	104	7366	104	151950.00	186976.00	114451.00	1.51E+05	1	NA	NA	NA	17.1	-23.33646	-45.14643	17.05833244	10.1833334	56.26151276	251.918396	25.29999924	7.199999809	18.09999847	19.98333359	13.86666679	20.10000038	13.86666679	1778	278	42	60.12615585	800	160	767	160	117
N/A	N/A	BR_AMPs_93	Hylodes phyllodes	10/3/23	Brazil	Santa Virginia	s2	NA	Adult	N/A	20.9	0.84	58.00	47.00	58000.00	470	0.008103448	308	374	10	10	4	123200	114644	0.930551948	0.069448052	25629.58015	25160.2539	26352.45804	25714.09736	23041.73523	23443.2698	24143.34646	23542.78383	0.915559411	10721	2739	10721	2739	142373.00	108040.00	149293.00	1.33E+05	1	NA	NA	25.074	17.6	-23.33646	-45.14643	17.05833244	10.1833334	56.26151276	251.918396	25.29999924	7.199999809	18.09999847	19.98333359	13.86666679	20.10000038	13.86666679	1778	278	42	60.12615585	800	160	767	160	117
N/A	N/A	BR_226_amp	Hylodes phyllodes	10/18/24	Brazil	Santa Virginia	s4	NA	Adult	N/A	27.55	1.72	26.00	306.00	26000.00	3060	0.117692308	309	317	10	10	4	123600	109180	0.883333333	0.116666667	25496.68702	24708.60892	25132.06266	25112.45287	24821.79608	24162.84099	22988.24443	23990.9605	0.955341186	8510	4386	8510	4386	108970.00	99714.00	145024.00	1.18E+05	1	NA	NA	NA	17.6	-23.33646	-45.14643	17.05833244	10.1833334	56.26151276	251.918396	25.29999924	7.199999809	18.09999847	19.98333359	13.86666679	20.10000038	13.86666679	1778	278	42	60.12615585	800	160	767	160	117
N/A	N/A	BR_200_amp	Hylodes phyllodes	10/18/24	Brazil	Santa Virginia	s2	NA	Adult	N/A	30.4	2.4	47.00	458.00	47000.00	4580	0.097446809	309	327	10	10	4	123600	111583	0.902775081	0.097224919	25059.79087	24806.20013	25960.68877	25275.55993	23107.08201	24421.03928	25457.71232	24328.6112	0.962535005	9109	5628	9109	5628	148876.00	133632.00	228373.00	1.70E+05	1	NA	NA	39.882	17.8	-23.33646	-45.14643	17.05833244	10.1833334	56.26151276	251.918396	25.29999924	7.199999809	18.09999847	19.98333359	13.86666679	20.10000038	13.86666679	1778	278	42	60.12615585	800	160	767	160	117
N/A	N/A	BR_247_amp	Hylodes phyllodes	10/19/24	Brazil	Santa Virginia	s5	NA	Adult	N/A	26.6	1.88	33.00	168.00	33000.00	1680	0.050909091	311	323	10	10	4	124400	95373	0.766663987	0.233336013	27164.40432	25510.41221	26491.18062	26388.66572	24682.98627	23896.62739	24238.2281	24272.61392	0.919812096	13201	5422	13201	5422	106732.00	159140.00	160874.00	1.42E+05	1	NA	NA	NA	18.2	-23.33646	-45.14643	17.05833244	10.1833334	56.26151276	251.918396	25.29999924	7.199999809	18.09999847	19.98333359	13.86666679	20.10000038	13.86666679	1778	278	42	60.12615585	800	160	767	160	117
N/A	N/A	BR_AMPs_102	Hylodes phyllodes	10/3/23	Brazil	Santa Virginia	s2	NA	Adult	N/A	19.95	1	28.00	22.00	28000.00	220	0.007857143	311	257	10	10	4	124400	117143	0.941663987	0.058336013	24463.99072	24545.74931	24493.11504	24500.95169	21872.70401	23351.3811	22464.96198	22563.01569	0.920903644	6261	-864	6261	0	137693.00	101021.00	129606.00	1.23E+05	1	NA	NA	58.5	18.3	-23.33646	-45.14643	17.05833244	10.1833334	56.26151276	251.918396	25.29999924	7.199999809	18.09999847	19.98333359	13.86666679	20.10000038	13.86666679	1778	278	42	60.12615585	800	160	767	160	117
N/A	N/A	BR_193_amp	Hylodes phyllodes	10/17/24	Brazil	Santa Virginia	s4	NA	Adult	N/A	28.03	1.66	54.00	58.00	54000.00	580	0.010740741	313	353	10	10	4	125200	115114	0.919440895	0.080559105	24021.39662	24477.65281	24037.91694	24178.98879	22798.45036	22193.9709	23219.18131	22737.20086	0.940370214	5078	-224	5078	0	145708.00	134853.00	119472.00	1.33E+05	1	NA	NA	NA	18.3	-23.33646	-45.14643	17.05833244	10.1833334	56.26151276	251.918396	25.29999924	7.199999809	18.09999847	19.98333359	13.86666679	20.10000038	13.86666679	1778	278	42	60.12615585	800	160	767	160	117
N/A	N/A	BR_188_amp	Hylodes phyllodes	10/17/24	Brazil	Santa Virginia	s4	NA	Adult	N/A	28.5	1.56	25.00	94.00	25000.00	940	0.0376	315	371	10	10	4	126000	102200	0.811111111	0.188888889	23957.45017	24122.84633	24788.92761	24289.74137	21361.87086	22028.19132	23987.52775	22459.19664	0.924637126	5485	-1246	5485	0	119123.00	122150.00	117901.00	1.20E+05	1	NA	NA	66.384	18.7	-23.33646	-45.14643	17.05833244	10.1833334	56.26151276	251.918396	25.29999924	7.199999809	18.09999847	19.98333359	13.86666679	20.10000038	13.86666679	1778	278	42	60.12615585	800	160	767	160	117
N/A	N/A	BR_187_amp	Hylodes phyllodes	10/17/24	Brazil	Santa Virginia	s4	NA	Adult	N/A	21.85	1.2	44.00	596.00	44000.00	5960	0.135454545	317	273	10	10	4	126800	101088	0.797223975	0.202776025	25152.37859	24413.14238	24951.58615	24839.03571	23673.6528	24029.20122	22370.01061	23357.62154	0.940359433	7504	2058	7504	2058	180921.00	136421.00	121143.00	1.46E+05	1	NA	NA	81.51	18.8	-23.33646	-45.14643	17.05833244	10.1833334	56.26151276	251.918396	25.29999924	7.199999809	18.09999847	19.98333359	13.86666679	20.10000038	13.86666679	1778	278	42	60.12615585	800	160	767	160	117
N/A	N/A	BR_AMPs_104	Hylodes phyllodes	10/3/23	Brazil	Santa Virginia	s2	NA	Adult	N/A	23.75	1.38	63.00	136.00	63000.00	1360	0.021587302	318	350	10	10	4	127200	101053	0.794441824	0.205558176	24805.34412	25421.95533	24755.02642	24994.10863	23677.12958	24170.52601	22115.18407	23320.94655	0.933057742	8074	1923	8074	1923	174518.00	148184.00	143935.00	1.56E+05	1	NA	NA	37.62	19	-23.33646	-45.14643	17.05833244	10.1833334	56.26151276	251.918396	25.29999924	7.199999809	18.09999847	19.98333359	13.86666679	20.10000038	13.86666679	1778	278	42	60.12615585	800	160	767	160	117
N/A	N/A	BR_246_amp	Hylodes phyllodes	10/19/24	Brazil	Santa Virginia	s5	NA	Adult	N/A	25.65	1.82	49.00	104.00	49000.00	1040	0.02122449	323	285	10	10	4	129200	106590	0.825	0.175	24598.15095	24686.82078	25524.63447	24936.5354	22321.26352	23236.93543	22876.84469	22811.68122	0.914789519	7863	51	7863	51	106600.00	155696.00	159015.00	1.40E+05	1	NA	NA	NA	19.1	-23.33646	-45.14643	17.05833244	10.1833334	56.26151276	251.918396	25.29999924	7.199999809	18.09999847	19.98333359	13.86666679	20.10000038	13.86666679	1778	278	42	60.12615585	800	160	767	160	117
N/A	N/A	BR_216_amp	Hylodes phyllodes	10/18/24	Brazil	Santa Virginia	s2	NA	Adult	N/A	27.55	2.01	30.00	556.00	30000.00	5560	0.185333333	324	227	10	10	4	129600	111600	0.861111111	0.138888889	25091.89325	24509.87369	25281.32823	24961.03172	24065.47859	22379.15638	24791.9764	23745.53712	0.951304313	7953	3484	7953	3484	115612.00	109899.00	134742.00	1.20E+05	1	NA	NA	41.508	19.2	-23.33646	-45.14643	17.05833244	10.1833334	56.26151276	251.918396	25.29999924	7.199999809	18.09999847	19.98333359	13.86666679	20.10000038	13.86666679	1778	278	42	60.12615585	800	160	767	160	117
N/A	N/A	BR_189_amp	Hylodes phyllodes	10/17/24	Brazil	Santa Virginia	s4	NA	Adult	N/A	19	0.63	34.00	278.00	34000.00	2780	0.081764706	325	285	10	10	4	130000	109417	0.841669231	0.158330769	25085.44797	25883.1681	25310.6999	25426.43866	23296.19163	23492.93008	22878.96269	23222.6948	0.913328646	9664	1562	9664	1562	147992.00	124661.00	173029.00	1.49E+05	1	NA	NA	104.322	19.2	-23.33646	-45.14643	17.05833244	10.1833334	56.26151276	251.918396	25.29999924	7.199999809	18.09999847	19.98333359	13.86666679	20.10000038	13.86666679	1778	278	42	60.12615585	800	160	767	160	117
N/A	N/A	BR_225_amp	Hylodes phyllodes	10/18/24	Brazil	Santa Virginia	s4	NA	Adult	N/A	29.93	2.39	23.00	57.00	23000.00	570	0.024782609	326	236	10	10	4	130400	106856	0.819447853	0.180552147	24452.51395	24802.13134	24348.22532	24534.2902	24053.27772	22620.74968	22966.27041	23213.4326	0.946162796	6384	1528	6384	1528	122533.00	107338.00	122559.00	1.17E+05	1	NA	NA	NA	19.2	-23.33646	-45.14643	17.05833244	10.1833334	56.26151276	251.918396	25.29999924	7.199999809	18.09999847	19.98333359	13.86666679	20.10000038	13.86666679	1778	278	42	60.12615585	800	160	767	160	117
N/A	N/A	BR_242_amp	Hylodes phyllodes	10/19/24	Brazil	Santa Virginia	s5	NA	Adult	N/A	28.5	1.68	34.00	523.00	34000.00	5230	0.153823529	327	388	10	10	4	130800	114450	0.875	0.125	26563.05023	27258.4744	26466.88207	26762.80223	24006.41228	24768.24448	24643.56692	24472.74123	0.914431195	14577	6158	14577	6158	108377.00	127521.00	151244.00	1.29E+05	1	NA	NA	NA	19.2	-23.33646	-45.14643	17.05833244	10.1833334	56.26151276	251.918396	25.29999924	7.199999809	18.09999847	19.98333359	13.86666679	20.10000038	13.86666679	1778	278	42	60.12615585	800	160	767	160	117
N/A	N/A	BR_227_amp	Hylodes phyllodes	10/18/24	Brazil	Santa Virginia	s2	NA	Adult	N/A	27.55	1.82	44.00	371.00	44000.00	3710	0.084318182	327	342	10	10	4	130800	102097	0.780558104	0.219441896	25785.15806	24802.45857	25632.21409	25406.61024	23828.23565	24007.74929	23702.98839	23846.32444	0.938587408	9591	3855	9591	3855	106533.00	173987.00	126625.00	1.36E+05	1	NA	NA	33.042	19.4	-23.33646	-45.14643	17.05833244	10.1833334	56.26151276	251.918396	25.29999924	7.199999809	18.09999847	19.98333359	13.86666679	20.10000038	13.86666679	1778	278	42	60.12615585	800	160	767	160	117
N/A	N/A	BR_190_amp	Hylodes phyllodes	10/17/24	Brazil	Santa Virginia	s4	NA	Adult	N/A	28.5	1.96	37.00	640.00	37000.00	6400	0.172972973	328	289	10	10	4	131200	107147	0.816669207	0.183330793	25104.81631	23148.20975	23985.58437	24079.53681	22628.15971	21412.38397	23505.47295	22515.33888	0.935040365	4712	-1040	4712	0	171843.00	198758.00	149790.00	1.73E+05	1	NA	NA	NA	19.4	-23.33646	-45.14643	17.05833244	10.1833334	56.26151276	251.918396	25.29999924	7.199999809	18.09999847	19.98333359	13.86666679	20.10000038	13.86666679	1778	278	42	60.12615585	800	160	767	160	117
N/A	N/A	BR_191_amp	Hylodes phyllodes	10/17/24	Brazil	Santa Virginia	s4	NA	Adult	N/A	28.5	1.96	57.00	259.00	57000.00	2590	0.045438596	329	382	10	10	4	131600	109301	0.830554711	0.169445289	24532.48806	24142.42931	24429.52494	24368.14744	24102.41789	21626.40836	21795.59072	22508.13899	0.923670503	5773	-1066	5773	0	128272.00	167668.00	125417.00	1.40E+05	1	NA	NA	89.22	1.95E+01	-23.33646	-45.14643	17.05833244	10.1833334	56.26151276	251.918396	25.29999924	7.199999809	18.09999847	19.98333359	13.86666679	20.10000038	13.86666679	1778	278	42	60.12615585	800	160	767	160	117
N/A	N/A	BR_199_amp	Hylodes phyllodes	10/18/24	Brazil	Santa Virginia	s2	NA	Adult	N/A	25.65	1.51	46.00	258.00	46000.00	2580	0.056086957	330	299	10	10	4	132000	111833	0.847219697	0.152780303	24971.47941	25316.76689	25195.63338	25161.29323	24415.46283	24985.37707	24096.57387	24499.13792	0.973683574	8689	6255	8689	6255	159223.00	186594.00	138545.00	1.61E+05	1	NA	NA	13.134	19.6	-23.33646	-45.14643	17.05833244	10.1833334	56.26151276	251.918396	25.29999924	7.199999809	18.09999847	19.98333359	13.86666679	20.10000038	13.86666679	1778	278	42	60.12615585	800	160	767	160	117
N/A	N/A	BR_221_amp	Hylodes phyllodes	10/18/24	Brazil	Santa Virginia	s2	NA	Adult	N/A	34.2	4.57	74.00	639.00	74000.00	6390	0.086351351	331	296	10	10	4	132400	120631	0.911110272	0.088889728	25388.16303	24931.48242	24973.07333	25097.57293	23250.33151	24392.42858	24631.92725	24091.56245	0.959916025	8455	4756	8455	4756	175700.00	119002.00	140530.00	1.45E+05	1	NA	NA	31.242	19.6	-23.33646	-45.14643	17.05833244	10.1833334	56.26151276	251.918396	25.29999924	7.199999809	18.09999847	19.98333359	13.86666679	20.10000038	13.86666679	1778	278	42	60.12615585	800	160	767	160	117
N/A	N/A	BR_192_amp	Hylodes phyllodes	10/17/24	Brazil	Santa Virginia	s4	NA	Adult	N/A	25.65	1.46	42.00	92.00	42000.00	920	0.021904762	331	351	10	10	4	132400	104081	0.786110272	0.213889728	25220.66952	25182.80489	25210.32891	25204.6011	24110.91982	24749.03682	23849.39514	24236.4506	0.961588342	8848	5289	8848	5289	105912.00	107836.00	139166.00	1.18E+05	1	NA	NA	79.482	19.6	-23.33646	-45.14643	17.05833244	10.1833334	56.26151276	251.918396	25.29999924	7.199999809	18.09999847	19.98333359	13.86666679	20.10000038	13.86666679	1778	278	42	60.12615585	800	160	767	160	117
N/A	N/A	BR_229_amp	Hylodes phyllodes	10/19/24	Brazil	Santa Virginia	s5	NA	Adult	N/A	24.7	1.55	38.00	373.00	38000.00	3730	0.098157895	336	389	10	10	4	134400	114987	0.855558036	0.144441964	25464.44207	25056.72376	25412.10343	25311.08975	24744.36418	24793.39719	24997.43498	24845.06545	0.981588138	9240	7526	9240	7526	166941.00	150638.00	154277.00	1.57E+05	1	NA	NA	NA	19.6	-23.33646	-45.14643	17.05833244	10.1833334	56.26151276	251.918396	25.29999924	7.199999809	18.09999847	19.98333359	13.86666679	20.10000038	13.86666679	1778	278	42	60.12615585	800	160	767	160	117
N/A	N/A	BR_234_amp	Hylodes phyllodes	10/19/24	Brazil	Santa Virginia	s5	NA	Adult	N/A	24.7	1.29	49.00	231.00	49000.00	2310	0.047142857	350	279	10	10	4	140000	120944	0.863885714	0.136114286	23444.24484	23012.89204	23772.53126	23409.88938	21432.38234	22226.39993	21776.01374	21811.59867	0.931725833	2250	-3627	2250	0	133663.00	140559.00	187555.00	1.54E+05	1	NA	NA	NA	19.8	-23.33646	-45.14643	17.05833244	10.1833334	56.26151276	251.918396	25.29999924	7.199999809	18.09999847	19.98333359	13.86666679	20.10000038	13.86666679	1778	278	42	60.12615585	800	160	767	160	117
N/A	N/A	BR_241_amp	Hylodes phyllodes	10/19/24	Brazil	Santa Virginia	s5	NA	Adult	N/A	21.85	1.58	71.00	304.00	71000.00	3040	0.042816901	352	270	10	10	4	140800	106382	0.755553977	0.244446023	24665.51319	25494.52266	24819.76769	24993.26784	22181.94949	24464.59651	23903.4739	23516.6733	0.940920309	8071	2643	8071	2643	198655.00	116454.00	128957.00	1.48E+05	1	NA	NA	NA	19.9	-23.33646	-45.14643	17.05833244	10.1833334	56.26151276	251.918396	25.29999924	7.199999809	18.09999847	19.98333359	13.86666679	20.10000038	13.86666679	1778	278	42	60.12615585	800	160	767	160	117
N/A	N/A	BR_238_amp	Hylodes phyllodes	10/19/24	Brazil	Santa Virginia	s5	NA	Adult	N/A	29.45	2.61	45.00	226.00	45000.00	2260	0.050222222	356	351	10	10	4	142400	123413	0.866664326	0.133335674	24699.41302	24296.7842	23919.89204	24305.36309	23546.20103	22169.45636	22853.4825	22856.37996	0.940384222	5542	215	5542	215	189518.00	121737.00	161741.00	1.58E+05	1	NA	NA	NA	20	-23.33646	-45.14643	17.05833244	10.1833334	56.26151276	251.918396	25.29999924	7.199999809	18.09999847	19.98333359	13.86666679	20.10000038	13.86666679	1778	278	42	60.12615585	800	160	767	160	117
N/A	N/A	BR_186_amp	Hylodes phyllodes	10/17/24	Brazil	Santa Virginia	s4	NA	Adult	N/A	26.6	1.71	74.00	532.00	74000.00	5320	0.071891892	363	288	10	10	4	145200	112933	0.777775482	0.222224518	25332.30229	24978.51155	24783.26982	25031.36122	23430.37729	23572.15746	23458.18336	23486.90604	0.938299193	8211	2533	8211	2533	89452.00	150529.00	166680.00	1.36E+05	1	NA	NA	NA	20.2	-23.33646	-45.14643	17.05833244	10.1833334	56.26151276	251.918396	25.29999924	7.199999809	18.09999847	19.98333359	13.86666679	20.10000038	13.86666679	1778	278	42	60.12615585	800	160	767	160	117
N/A	N/A	BR_AMPs_94	Hylodes phyllodes	10/3/23	Brazil	Santa Virginia	s2	NA	Adult	N/A	18.05	0.54	50.00	460.00	50000.00	4600	0.092	365	298	10	10	4	146000	110717	0.758335616	0.241664384	24782.60791	23939.39809	24403.22312	24375.07637	23855.62853	22725.52681	22851.01337	23144.05624	0.949496768	5799	1273	5799	1273	120860.00	143884.00	89961.00	1.18E+05	1	NA	NA	NA	20.3	-23.33646	-45.14643	17.05833244	10.1833334	56.26151276	251.918396	25.29999924	7.199999809	18.09999847	19.98333359	13.86666679	20.10000038	13.86666679	1778	278	42	60.12615585	800	160	767	160	117
N/A	N/A	BR_228_amp	Hylodes phyllodes	10/19/24	Brazil	Santa Virginia	s5	NA	Adult	N/A	23.75	1.07	32.00	101.00	32000.00	1010	0.0315625	366	315	10	10	4	146400	135420	0.925	0.075	24816.77128	25295.08991	25222.43105	25111.43075	24313.26445	23979.9633	24899.59738	24397.60838	0.971573807	8506	5881	8506	5881	138412.00	166116.00	171131.00	1.59E+05	1	NA	NA	NA	20.3	-23.33646	-45.14643	17.05833244	10.1833334	56.26151276	251.918396	25.29999924	7.199999809	18.09999847	19.98333359	13.86666679	20.10000038	13.86666679	1778	278	42	60.12615585	800	160	767	160	117
N/A	N/A	BR_202_amp	Hylodes phyllodes	10/18/24	Brazil	Santa Virginia	s2	NA	Adult	N/A	26.6	1.74	57.00	79.00	57000.00	790	0.013859649	370	328	10	10	4	148000	138133	0.933331081	0.066668919	25510.99397	24737.2158	24857.28653	25035.16544	24967.83028	22242.43503	23635.61869	23615.29467	0.943284946	8225	3005	8225	3005	116112.00	156546.00	164389.00	1.46E+05	1	NA	NA	55.11	20.4	-23.33646	-45.14643	17.05833244	10.1833334	56.26151276	251.918396	25.29999924	7.199999809	18.09999847	19.98333359	13.86666679	20.10000038	13.86666679	1778	278	42	60.12615585	800	160	767	160	117
N/A	N/A	BR_231_amp	Hylodes phyllodes	10/19/24	Brazil	Santa Virginia	s5	NA	Adult	N/A	24.7	1.35	41.00	544.00	41000.00	5440	0.132682927	372	330	10	10	4	148800	135160	0.908333333	0.091666667	23706.42614	23973.66137	24384.45825	24021.51525	22947.52547	23440.15358	22554.42019	22980.69975	0.95667153	4499	672	4499	672	99966.00	231740.00	210238.00	1.81E+05	1	NA	NA	NA	20.8	-23.33646	-45.14643	17.05833244	10.1833334	56.26151276	251.918396	25.29999924	7.199999809	18.09999847	19.98333359	13.86666679	20.10000038	13.86666679	1778	278	42	60.12615585	800	160	767	160	117
N/A	N/A	BR_217_amp	Hylodes phyllodes	10/18/24	Brazil	Santa Virginia	s2	NA	Adult	N/A	28.5	1.9	42.00	552.00	42000.00	5520	0.131428571	374	293	10	10	4	149600	121758	0.813890374	0.186109626	26001.61093	25530.50945	26262.18991	25931.43676	23360.21119	23052.8116	23770.55631	23394.52637	0.902168537	11520	2194	11520	2194	135662.00	190497.00	145508.00	1.57E+05	1	NA	NA	87.474	21.1	-23.33646	-45.14643	17.05833244	10.1833334	56.26151276	251.918396	25.29999924	7.199999809	18.09999847	19.98333359	13.86666679	20.10000038	13.86666679	1778	278	42	60.12615585	800	160	767	160	117
N/A	N/A	BR_220_amp	Hylodes phyllodes	10/18/24	Brazil	Santa Virginia	s2	NA	Adult	N/A	16.15	0.39	53.00	181.00	53000.00	1810	0.034150943	379	257	10	10	4	151600	115384	0.761108179	0.238891821	26400.39016	25979.55083	25624.57566	26001.50555	25868.56535	25604.5399	23448.96376	24974.02301	0.960483729	11778	8001	11778	8001	118100.00	133444.00	207785.00	1.53E+05	1	NA	NA	62.694	21.4	-23.33646	-45.14643	17.05833244	10.1833334	56.26151276	251.918396	25.29999924	7.199999809	18.09999847	19.98333359	13.86666679	20.10000038	13.86666679	1778	278	42	60.12615585	800	160	767	160	117
N/A	N/A	BR_230_amp	Hylodes phyllodes	10/19/24	Brazil	Santa Virginia	s5	NA	Adult	N/A	27.55	1.92	56.00	77.00	56000.00	770	0.01375	381	380	10	10	4	152400	134197	0.880557743	0.119442257	24179.93631	23477.20748	25262.82799	24306.65726	22986.48492	22918.74955	24632.81363	23512.6827	0.967335099	5547	2628	5547	2628	129613.00	203378.00	147254.00	1.60E+05	1	NA	NA	NA	21.4	-23.33646	-45.14643	17.05833244	10.1833334	56.26151276	251.918396	25.29999924	7.199999809	18.09999847	19.98333359	13.86666679	20.10000038	13.86666679	1778	278	42	60.12615585	800	160	767	160	117
N/A	N/A	BR_264_amp	Hylodes phyllodes	11/2/24	Brazil	Boraceia	t6	NA	Adult	N/A	25.65	1.88	78.00	51.00	78000.00	510	0.006538462	396	342	10	10	4	158400	137720	0.869444444	0.130555556	25991.32929	25616.40298	24934.76355	25514.16528	24826.81705	24651.74077	23547.23925	24341.93236	0.954055604	9986	5677	9986	5677	261010.00	126337.00	199284.00	1.96E+05	1	NA	NA	64.302	22.2	-23.64029	-45.84747	17.02499962	8.899999619	53.61445618	254.4646912	24.60000038	8	16.60000038	19.98333359	13.83333302	20.11666679	13.83333302	2038	286	71	45.60791016	817	250	783	250	800
N/A	N/A	BR_AMPs_87	Ischnocnema henselii	10/2/23	Brazil	Santa Virginia	Olho_de_agua	NA	Adult	N/A	20.9	0.86	20.00	543.00	20000.00	5430	0.2715	300	253	10	10	4	120000	97000	0.808333333	0.191666667	23443.39153	24488.68111	24377.71584	24103.26283	22079.75896	22632.12603	22661.45267	22457.77922	0.931731914	4799	-1251	4799	0	111087.00	133345.00	153505.00	1.33E+05	NA	NA	NA	62.256	14.5	-23.34211	-45.1435	17.10833359	10.10000038	56.1111145	252.125824	25.29999924	7.300000191	18	20.04999924	13.91666603	20.14999962	13.91666603	1790	279	43	59.7257576	803	163	770	163	117
N/A	N/A	BR_AMPs_88	Ischnocnema henselii	10/2/23	Brazil	Santa Virginia	Olho_de_agua	NA	Adult	N/A	28.5	1.64	29.00	176.00	29000.00	1760	0.060689655	301	361	10	10	4	120400	105684	0.877774086	0.122225914	24921.83742	24147.67371	24245.51973	24438.34362	24367.01021	23019.06431	23797.19599	23727.75684	0.970923284	6031	3419	6031	3419	152272.00	121729.00	146513.00	1.40E+05	NA	NA	NA	NA	15.5	-23.34277	-45.14398	17.10833359	10.10000038	56.1111145	252.125824	25.29999924	7.300000191	18	20.04999924	13.91666603	20.14999962	13.91666603	1790	279	43	59.7257576	803	163	770	163	117
N/A	N/A	BR_AMPs_85	Ischnocnema henselii	10/2/23	Brazil	Santa Virginia	Olho_de_agua	NA	Adult	N/A	24.7	1.52	30.00	472.00	30000.00	4720	0.157333333	302	323	10	10	4	120800	94627	0.783336093	0.216663907	23747.11364	24053.19639	23773.99836	23858.10279	22803.12807	23661.67887	22813.28899	23092.69864	0.967918482	3898	1084	3898	1084	151352.00	211049.00	152770.00	1.72E+05	NA	NA	NA	71.826	16.4	-23.34222	-45.14358	17.10833359	10.10000038	56.1111145	252.125824	25.29999924	7.300000191	18	20.04999924	13.91666603	20.14999962	13.91666603	1790	279	43	59.7257576	803	163	770	163	117
N/A	N/A	BR_AMPs_90	Ischnocnema henselii	10/2/23	Brazil	Santa Virginia	Olho_de_agua	NA	Adult	N/A	25.65	1.47	53.00	226.00	53000.00	2260	0.042641509	309	358	10	10	4	123600	117420	0.95	0.05	25985.74824	26048.84207	24997.62599	25677.40543	24430.54355	24800.88247	22752.87834	23994.76812	0.934470119	10587	4400	10587	4400	130845.00	170945.00	146125.00	1.49E+05	NA	NA	NA	140.004	17.3	-23.34233	-45.14366	17.10833359	10.10000038	56.1111145	252.125824	25.29999924	7.300000191	18	20.04999924	13.91666603	20.14999962	13.91666603	1790	279	43	59.7257576	803	163	770	163	117
N/A	N/A	BR_AMPs_89	Ischnocnema henselii	10/2/23	Brazil	Santa Virginia	Olho_de_agua	NA	Adult	N/A	27.55	1.67	34.00	139.00	34000.00	1390	0.040882353	310	285	10	10	4	124000	103333	0.833330645	0.166669355	24095.79403	24053.04962	24171.22122	24106.68829	23011.39638	23503.52596	23673.26919	23396.06385	0.97052169	4812	2199	4812	2199	104557.00	194726.00	172338.00	1.57E+05	NA	NA	NA	NA	17.5	-23.3431	-45.14422	17.10833359	10.10000038	56.1111145	252.125824	25.29999924	7.300000191	18	20.04999924	13.91666603	20.14999962	13.91666603	1790	279	43	59.7257576	803	163	770	163	117
N/A	N/A	BR_AMPs_81	Ischnocnema henselii	10/2/23	Brazil	Santa Virginia	Olho_de_agua	NA	Adult	N/A	28.5	1.74	55.00	128.00	55000.00	1280	0.023272727	310	326	10	10	4	124000	113667	0.916669355	0.083330645	24982.22556	25116.67537	25774.81825	25291.23972	23987.85023	24798.92172	24626.0154	24470.92912	0.967565425	9167	6151	9167	6151	105253.00	162470.00	153385.00	1.40E+05	NA	NA	NA	NA	17.5	-23.34299	-45.14414	17.10833359	10.10000038	56.1111145	252.125824	25.29999924	7.300000191	18	20.04999924	13.91666603	20.14999962	13.91666603	1790	279	43	59.7257576	803	163	770	163	117
N/A	N/A	BR_168_amp	Ischnocnema henselii	10/15/24	Brazil	Santa Virginia	Olho_de_agua	NA	Adult	N/A	23.47	1.5	26.00	337.00	26000.00	3370	0.129615385	310	375	10	10	4	124000	103678	0.836112903	0.163887097	24198.74298	25190.0812	24590.92558	24659.91659	23462.59948	24859.78345	22259.96228	23527.4484	0.954076561	6846	2682	6846	2682	131464.00	234354.00	92790.00	1.53E+05	NA	NA	NA	NA	17.5	-23.34156	-45.1431	17.10833359	10.10000038	56.1111145	252.125824	25.29999924	7.300000191	18	20.04999924	13.91666603	20.14999962	13.91666603	1790	279	43	59.7257576	803	163	770	163	117
N/A	N/A	BR_178_amp	Ischnocnema henselii	10/15/24	Brazil	Santa Virginia	Olho_de_agua	NA	Adult	N/A	21.66	1.09	32.00	240.00	32000.00	2400	0.075	313	230	10	10	4	125200	109202	0.872220447	0.127779553	25004.21215	25366.35375	24467.58299	24946.04963	24479.13705	24477.64819	22853.51384	23936.76636	0.959541359	7898	4187	7898	4187	146214.00	158158.00	186411.00	1.64E+05	NA	NA	NA	NA	17.5	-23.34112	-45.14278	17.10833359	10.10000038	56.1111145	252.125824	25.29999924	7.300000191	18	20.04999924	13.91666603	20.14999962	13.91666603	1790	279	43	59.7257576	803	163	770	163	117
N/A	N/A	BR_AMPs_86	Ischnocnema henselii	10/2/23	Brazil	Santa Virginia	Olho_de_agua	NA	Adult	N/A	25.65	1.58	32.00	461.00	32000.00	4610	0.1440625	313	291	10	10	4	125200	111637	0.891669329	0.108330671	25582.72487	25474.7461	25637.74563	25565.0722	23633.30885	23003.91543	24395.07904	23677.43444	0.92616341	10174	3234	10174	3234	130155.00	172063.00	186460.00	1.63E+05	NA	NA	NA	51.654	17.6	-23.34266	-45.1439	17.10833359	10.10000038	56.1111145	252.125824	25.29999924	7.300000191	18	20.04999924	13.91666603	20.14999962	13.91666603	1790	279	43	59.7257576	803	163	770	163	117
N/A	N/A	BR_AMPs_82	Ischnocnema henselii	10/2/23	Brazil	Santa Virginia	Olho_de_agua	NA	Adult	N/A	13.3	0.65	38.00	156.00	38000.00	1560	0.041052632	315	244	10	10	4	126000	103600	0.822222222	0.177777778	26148.64832	27231.71407	25685.19401	26355.18547	24254.39566	26301.10618	23074.20179	24543.23454	0.931248789	13078	6417	13078	6417	151518.00	132272.00	129734.00	1.38E+05	NA	NA	NA	43.212	17.9	-23.34255	-45.14382	17.10833359	10.10000038	56.1111145	252.125824	25.29999924	7.300000191	18	20.04999924	13.91666603	20.14999962	13.91666603	1790	279	43	59.7257576	803	163	770	163	117
N/A	N/A	BR_AMPs_110	Ischnocnema henselii	10/3/23	Brazil	Santa Virginia	s1	NA	Adult	N/A	28.88	2.28	46.00	351.00	46000.00	3510	0.076304348	315	249	10	10	4	126000	116900	0.927777778	0.072222222	23866.11752	23820.04574	23853.87744	23846.68023	21465.143	21258.40685	23334.85611	22019.46865	0.92337669	3856	-2863	3856	0	150406.00	157538.00	162607.00	1.57E+05	1	NA	NA	NA	18	-23.33646	-45.14643	17.05833244	10.1833334	56.26151276	251.918396	25.29999924	7.199999809	18.09999847	19.98333359	13.86666679	20.10000038	13.86666679	1778	278	42	60.12615585	800	160	767	160	117
N/A	N/A	BR_AMPs_105	Ischnocnema henselii	10/3/23	Brazil	Santa Virginia	s1	NA	Adult	N/A	25.27	1.66	42.00	637.00	42000.00	6370	0.151666667	319	362	10	10	4	127600	114486	0.897225705	0.102774295	26048.49044	26961.69227	27077.43612	26695.87294	24689.48896	24055.55496	26274.87049	25006.63814	0.936722998	14331	8120	14331	8120	155599.00	148054.00	192240.00	1.65E+05	1	NA	NA	NA	18.4	-23.33646	-45.14643	17.05833244	10.1833334	56.26151276	251.918396	25.29999924	7.199999809	18.09999847	19.98333359	13.86666679	20.10000038	13.86666679	1778	278	42	60.12615585	800	160	767	160	117
N/A	N/A	BR_176_amp	Ischnocnema henselii	10/15/24	Brazil	Santa Virginia	Olho_de_agua	NA	Adult	N/A	15.35	0.38	26.00	108.00	26000.00	1080	0.041538462	321	332	10	10	4	128400	121267	0.94444704	0.05555296	23372.69085	23241.88621	23893.77178	23502.78295	20885.70162	21437.40992	22472.58642	21598.56599	0.918979086	2592	-4410	2592	0	145891.00	127331.00	165106.00	1.46E+05	NA	NA	NA	NA	18.6	-23.34101	-45.1427	17.10833359	10.10000038	56.1111145	252.125824	25.29999924	7.300000191	18	20.04999924	13.91666603	20.14999962	13.91666603	1790	279	43	59.7257576	803	163	770	163	117
N/A	N/A	BR_172_amp	Ischnocnema henselii	10/15/24	Brazil	Santa Virginia	Olho_de_agua	NA	Adult	N/A	32.3	3.22	51.00	237.00	51000.00	2370	0.046470588	321	228	10	10	4	128400	120197	0.936113707	0.063886293	24576.03248	25168.60991	24953.60551	24899.41597	23016.92411	23629.9098	24622.03851	23756.29081	0.954090282	7726	3524	7726	3524	199465.00	186241.00	105237.00	1.64E+05	NA	NA	NA	37.41	18.7	-23.34178	-45.14326	17.10833359	10.10000038	56.1111145	252.125824	25.29999924	7.300000191	18	20.04999924	13.91666603	20.14999962	13.91666603	1790	279	43	59.7257576	803	163	770	163	117
N/A	N/A	BR_AMPs_112	Ischnocnema henselii	10/3/23	Brazil	Santa Virginia	s1	NA	Adult	N/A	27.08	1.87	60.00	572.00	60000.00	5720	0.095333333	324	348	10	10	4	129600	111240	0.858333333	0.141666667	24585.23194	26116.8566	26241.04284	25647.71046	23214.96085	25256.06438	24450.7765	24307.26724	0.94773634	10477	5549	10477	5549	126041.00	116559.00	115686.00	1.19E+05	1	NA	NA	NA	18.9	-23.33646	-45.14643	17.05833244	10.1833334	56.26151276	251.918396	25.29999924	7.199999809	18.09999847	19.98333359	13.86666679	20.10000038	13.86666679	1778	278	42	60.12615585	800	160	767	160	117
N/A	N/A	BR_174_amp	Ischnocnema henselii	10/15/24	Brazil	Santa Virginia	Olho_de_agua	NA	Adult	N/A	20.76	0.89	50.00	496.00	50000.00	4960	0.0992	326	373	10	10	4	130400	122431	0.938888037	0.061111963	24832.43765	24944.98122	25281.7647	25019.72786	22812.42129	23905.51232	24988.77513	23902.23625	0.955335581	8169	4060	8169	4060	107389.00	179331.00	200047.00	1.62E+05	NA	NA	NA	NA	19	-23.34123	-45.14286	17.10833359	10.10000038	56.1111145	252.125824	25.29999924	7.300000191	18	20.04999924	13.91666603	20.14999962	13.91666603	1790	279	43	59.7257576	803	163	770	163	117
N/A	N/A	BR_161_amp	Ischnocnema henselii	10/15/24	Brazil	Santa Virginia	Olho_de_agua	NA	Adult	N/A	34.2	3.83	40.00	81.00	40000.00	810	0.02025	330	344	10	10	4	132000	104133	0.788886364	0.211113636	24707.38839	24869.43214	25545.26227	25040.69427	23449.37036	23242.72931	24441.50257	23711.20075	0.946906683	8246	3358	8246	3358	163118.00	134438.00	177924.00	1.58E+05	NA	NA	NA	51.576	19.1	-23.34189	-45.14334	17.10833359	10.10000038	56.1111145	252.125824	25.29999924	7.300000191	18	20.04999924	13.91666603	20.14999962	13.91666603	1790	279	43	59.7257576	803	163	770	163	117
N/A	N/A	BR_AMPs_117	Ischnocnema henselii	10/3/23	Brazil	Santa Virginia	s1	NA	Adult	N/A	26.18	1.91	55.00	515.00	55000.00	5150	0.093636364	345	233	10	10	4	138000	106950	0.775	0.225	26110.02064	26779.29021	25250.38961	26046.56682	24178.37687	25042.3507	23552.27487	24257.66748	0.931319189	11944	5367	11944	5367	175287.00	164563.00	119339.00	1.53E+05	1	NA	NA	NA	19.2	-23.33646	-45.14643	17.05833244	10.1833334	56.26151276	251.918396	25.29999924	7.199999809	18.09999847	19.98333359	13.86666679	20.10000038	13.86666679	1778	278	42	60.12615585	800	160	767	160	117
N/A	N/A	BR_AMPs_120	Ischnocnema henselii	10/3/23	Brazil	Santa Virginia	s1	NA	Adult	N/A	27.08	1.81	40.00	162.00	40000.00	1620	0.0405	346	297	10	10	4	138400	104184	0.752774566	0.247225434	24944.16028	25710.96044	25529.82574	25394.98215	22517.24443	23303.44735	23135.72397	22985.47192	0.905118648	9548	690	9548	690	145622.00	168852.00	186467.00	1.67E+05	1	NA	NA	NA	19.2	-23.33646	-45.14643	17.05833244	10.1833334	56.26151276	251.918396	25.29999924	7.199999809	18.09999847	19.98333359	13.86666679	20.10000038	13.86666679	1778	278	42	60.12615585	800	160	767	160	117
N/A	N/A	BR_173_amp	Ischnocnema henselii	10/15/24	Brazil	Santa Virginia	Olho_de_agua	NA	Adult	N/A	27.55	2.51	45.00	364.00	45000.00	3640	0.080888889	348	289	10	10	4	139200	116773	0.838886494	0.161113506	25417.00166	24785.61209	24314.00195	24838.8719	23948.51726	24029.17888	21670.11567	23215.93727	0.9346615	7504	1537	7504	1537	172380.00	236122.00	127615.00	1.79E+05	NA	NA	NA	39.228	19.2	-23.342	-45.14342	17.10833359	10.10000038	56.1111145	252.125824	25.29999924	7.300000191	18	20.04999924	13.91666603	20.14999962	13.91666603	1790	279	43	59.7257576	803	163	770	163	117
N/A	N/A	BR_165_amp	Ischnocnema henselii	10/15/24	Brazil	Santa Virginia	Olho_de_agua	NA	Adult	N/A	22.57	1.32	28.00	161.00	28000.00	1610	0.0575	362	377	10	10	4	144800	123482	0.852776243	0.147223757	25442.84484	25972.74248	24961.02016	25458.86916	22861.28014	24883.18412	24437.48287	24060.64904	0.945079253	9783	4643	9783	4643	154144.00	121664.00	89420.00	1.22E+05	NA	NA	NA	NA	19.5	-23.34145	-45.14302	17.10833359	10.10000038	56.1111145	252.125824	25.29999924	7.300000191	18	20.04999924	13.91666603	20.14999962	13.91666603	1790	279	43	59.7257576	803	163	770	163	117
N/A	N/A	BR_167_amp	Ischnocnema henselii	10/15/24	Brazil	Santa Virginia	Olho_de_agua	NA	Adult	N/A	19.86	0.8	39.00	205.00	39000.00	2050	0.052564103	365	254	10	10	4	146000	120856	0.827780822	0.172219178	24586.86465	24205.85859	24416.90041	24403.20789	22009.37869	23127.51474	21924.92763	22353.94035	0.916024666	5902	-1633	5902	0	221676.00	122087.00	172666.00	1.72E+05	NA	NA	NA	NA	19.5	-23.34134	-45.14294	17.10833359	10.10000038	56.1111145	252.125824	25.29999924	7.300000191	18	20.04999924	13.91666603	20.14999962	13.91666603	1790	279	43	59.7257576	803	163	770	163	117
N/A	N/A	BR_AMPs_119	Ischnocnema henselii	10/3/23	Brazil	Santa Virginia	s1	NA	Adult	N/A	24.37	1.44	70.00	497.00	70000.00	4970	0.071	373	310	10	10	4	149200	135109	0.9055563	0.0944437	24768.43993	25821.49478	25771.11009	25453.6816	23382.98039	25436.40221	23419.26936	24079.55065	0.946014452	9764	4712	9764	4712	157152.00	159615.00	220456.00	1.79E+05	1	NA	NA	NA	19.8	-23.33646	-45.14643	17.05833244	10.1833334	56.26151276	251.918396	25.29999924	7.199999809	18.09999847	19.98333359	13.86666679	20.10000038	13.86666679	1778	278	42	60.12615585	800	160	767	160	117
N/A	N/A	BR_166_amp	Ischnocnema henselii	10/15/24	Brazil	Santa Virginia	Olho_de_agua	NA	Adult	N/A	18.96	0.66	55.00	334.00	55000.00	3340	0.060727273	373	258	10	10	4	149200	126820	0.85	0.15	26439.41936	25203.90288	25467.36716	25703.56314	25216.41088	22812.19841	24851.50779	24293.37236	0.94513637	10683	5498	10683	5498	158015.00	162982.00	204305.00	1.75E+05	NA	NA	NA	NA	19.8	-23.34167	-45.14318	17.10833359	10.10000038	56.1111145	252.125824	25.29999924	7.300000191	18	20.04999924	13.91666603	20.14999962	13.91666603	1790	279	43	59.7257576	803	163	770	163	117
N/A	N/A	BR_AMPs_116	Ischnocnema henselii	10/3/23	Brazil	Santa Virginia	s1	NA	Adult	N/A	27.08	1.49	78.00	204.00	78000.00	2040	0.026153846	398	303	10	10	4	159200	126033	0.791664573	0.208335427	25576.57519	25896.837	26336.60787	25936.67335	24083.67139	24135.14592	25310.11962	24509.64564	0.944980311	11540	6293	11540	6293	220484.00	94805.00	182651.00	1.66E+05	1	NA	NA	NA	20.1	-23.33646	-45.14643	17.05833244	10.1833334	56.26151276	251.918396	25.29999924	7.199999809	18.09999847	19.98333359	13.86666679	20.10000038	13.86666679	1778	278	42	60.12615585	800	160	767	160	117
N/A	N/A	BR_AMPs_83	Ischnocnema henselii	10/2/23	Brazil	Santa Virginia	Olho_de_agua	NA	Adult	N/A	20.9	0.9	47.00	234.00	47000.00	2340	0.049787234	412	249	10	10	4	164800	146489	0.888889563	0.111110437	25913.69931	24554.58255	25036.71508	25168.33231	25123.81398	22829.85491	23462.32606	23805.33165	0.945844618	8715	3704	8715	3704	197319.00	131258.00	170589.00	1.66E+05	NA	NA	NA	56.01	21.1	-23.34244	-45.14374	17.10833359	10.10000038	56.1111145	252.125824	25.29999924	7.300000191	18	20.04999924	13.91666603	20.14999962	13.91666603	1790	279	43	59.7257576	803	163	770	163	117
N/A	N/A	BR_AMPs_118	Ischnocnema henselii	10/3/23	Brazil	Santa Virginia	s1	NA	Adult	N/A	32.49	4.35	57.00	38.00	57000.00	380	0.006666667	419	233	10	10	4	167600	128028	0.763890215	0.236109785	25007.02194	25601.17801	24785.54087	25131.24694	22933.52033	23487.07165	24095.60286	23505.39828	0.935305691	8579	2601	8579	2601	134393.00	138367.00	149368.00	1.41E+05	1	NA	NA	NA	NA	-23.33646	-45.14643	17.05833244	10.1833334	56.26151276	251.918396	25.29999924	7.199999809	18.09999847	19.98333359	13.86666679	20.10000038	13.86666679	1778	278	42	60.12615585	800	160	767	160	117
N/A	N/A	BR_AMPs_109	Ischnocnema henselii	10/3/23	Brazil	Santa Virginia	s1	NA	Adult	N/A	26.18	1.73	89.00	645.00	89000.00	6450	0.07247191	421	266	10	10	4	168400	151560	0.9	0.1	24531.02424	25749.20253	24084.61705	24788.28127	22909.45343	25450.45423	22541.43181	23633.77982	0.953425514	7318	3073	7318	3073	171448.00	157212.00	125117.00	1.51E+05	1	NA	NA	NA	NA	-23.33646	-45.14643	17.05833244	10.1833334	56.26151276	251.918396	25.29999924	7.199999809	18.09999847	19.98333359	13.86666679	20.10000038	13.86666679	1778	278	42	60.12615585	800	160	767	160	117
N/A	N/A	BR_AMPs_84	Ischnocnema henselii	10/2/23	Brazil	Santa Virginia	Olho_de_agua	NA	Adult	N/A	27.55	1.84	63.00	86.00	63000.00	860	0.013650794	423	358	10	10	4	169200	135360	0.8	0.2	24580.98102	25900.39123	25429.35689	25303.57638	22069.92659	24111.53928	23541.98561	23241.15049	0.918492712	9212	1630	9212	1630	177700.00	191729.00	115572.00	1.62E+05	NA	NA	NA	100.224	NA	-23.34288	-45.14406	17.10833359	10.10000038	56.1111145	252.125824	25.29999924	7.300000191	18	20.04999924	13.91666603	20.14999962	13.91666603	1790	279	43	59.7257576	803	163	770	163	117
PA26	BacSwab00144	BacSwab00144	Rana catesbeiana	7/12/22	Pennsylvania	Vorisek Pond	N/A	NA	Juvenile	Unknown	53.6	17.8	231.00	525.00	231000.00	52500	0.227272727	305	273	10	100	4	1220000	1125111	0.922222131	0.077777869	24375.41062	25632.46281	25446.37119	25151.41487	23890.72511	24700.47163	24464.22433	24351.80702	0.968208236	8653	5713	8653	5713	816805.00	721134.00	1338349.00	9.59E+05	NA	NA	NA	NA	NA	41.69171	-80.50082	8.524999619	10.9333334	30.20257759	935.7143555	26.89999962	-9.300000191	36.20000076	19.66666603	-2.483333349	19.66666603	-3.333333254	1062	109	55	19.7213974	315	189	315	200	180
PA42	BacSwab00152	BacSwab00152	Rana catesbeiana	5/4/22	Pennsylvania	RV Pond	N/A	NA	Adult	Female	111.8	177.3	441.00	116.00	441000.00	11600	0.026303855	307	284	10	100	4	1228000	1098378	0.894444625	0.105555375	27019.25542	25843.77713	25672.55559	26178.52938	25001.86873	23148.49565	23001.3896	23717.25132	0.905981042	12429	3380	12429	3380	1172466.00	1008540.00	1523058.00	1.23E+06	NA	NA	NA	NA	19	41.59313	-80.35629	8.558333397	11.25	30.99173546	928.5028076	27	-9.300000191	36.29999924	19.63333321	-2.316666842	19.63333321	-3.233333349	1078	113	57	19.97618866	325	194	325	202	185
PA40	BacSwab00150	BacSwab00150	Rana catesbeiana	5/4/22	Pennsylvania	RV Pond	N/A	NA	Adult	Female	84.7	62.2	321.00	84.00	321000.00	8400	0.026168224	325	282	10	100	4	1300000	1000278	0.769444615	0.230555385	24236.06508	25072.82041	24390.45233	24566.44594	23068.19755	22582.06895	23713.42795	23121.23148	0.941171203	6502	1189	6502	1189	1016229.00	1227595.00	1759996.00	1.33E+06	NA	NA	NA	NA	22.7	41.59313	-80.35629	8.558333397	11.25	30.99173546	928.5028076	27	-9.300000191	36.29999924	19.63333321	-2.316666842	19.63333321	-3.233333349	1078	113	57	19.97618866	325	194	325	202	185
Pan23	221210C003	221210_C003	Colostethus panamansis	11/18/22	Panama	El Cope	Guabal	N/A	Adult	NA	N/A	N/A	17.00	14.00	17000.00	140	0.008235294	280	250	10	10	4	112000	86311	0.770633929	0.229366071	26141.98908	25824.49985	26217.47627	26061.32173	24245.49265	24955.77864	23669.3886	24290.21996	0.932040984	11998	5487	11998	5487	108794.00	72904.00	125821.00	1.03E+05	1	FALSE	0	NA	22.2	8.61304	-80.59042	24.5041656	8.00833321	80.8922577	57.1464462	29.8999996	20	9.89999962	24.0333328	24.5333328	25.3666668	23.9500008	2293	401	16	67.6412506	981	69	394	804	552
Pan44	221208010	221208_010	Colostethus panamansis	7/28/22	Panama	Campana	Rabbit	N/A	Adult	NA	N/A	N/A	40.00	10.00	40000.00	100	0.0025	283	245	10	10	4	113200	94988	0.839116608	0.160883392	26784.15041	26378.26136	25759.80681	26307.40619	25798.47745	25767.52014	25316.95359	25627.65039	0.974161048	12903	10404	12903	10404	88149.00	196767.00	127024.00	1.37E+05	1	FALSE	0	20.844	19.6	8.61304	-80.59042	24.5041656	8.00833321	80.8922577	57.1464462	29.8999996	20	9.89999962	24.0333328	24.5333328	25.3666668	23.9500008	2293	401	16	67.6412506	981	69	394	804	619
Pan12	221120005	221120_005	Colostethus panamansis	11/18/22	Panama	El Cope	Guabal	N/A	Adult	NA	N/A	N/A	21.00	30.00	21000.00	300	0.014285714	290	235	10	10	4	116000	96127	0.828681034	0.171318966	25959.17585	26105.8281	25359.68991	25808.23129	25352.18839	23292.845	24124.51979	24256.51773	0.939875246	11068	5363	11068	5363	113683.00	144772.00	124041.00	1.27E+05	1	FALSE	0	NA	20.4	8.5128	-81.12274	21.4750004	8.25	80.0970764	44.7975426	26.7000008	16.3999996	10.3000011	21.1499996	21.7166672	22.083334	21.0166664	3425	445	69	41.3896484	1178	348	561	998	552
Pan31	221208017	221208_017	Colostethus panamansis	11/18/22	Panama	Campana	Rabbit	N/A	Adult	NA	N/A	N/A	15.00	20.00	15000.00	200	0.013333333	292	251	10	10	4	116800	93029	0.796481164	0.203518836	24982.78464	25310.43729	24679.47921	24990.90038	23736.43102	23206.32334	24292.19855	23744.9843	0.95014521	8063	3482	8063	3482	95250.00	100345.00	119653.00	1.05E+05	1	FALSE	0	1498.62	19.4	8.68678	-79.92707	22.9041672	7.4083333	81.4102707	53.8287926	27.7999992	18.7000008	9.09999847	22.5333328	23.0499992	23.7166672	22.416666	2589	435	22	66.59021	1064	84	448	924	619
Pan16	221208006	221208_006	Colostethus panamansis	7/26/22	Panama	Campana	Rabbit	N/A	Adult	NA	N/A	N/A	22.00	14.00	22000.00	140	0.006363636	295	252	10	10	4	118000	85851	0.727550847	0.272449153	25829.9678	24745.70094	25061.44298	25212.37057	25138.868	22368.52021	24527.44603	24011.61141	0.952374206	8877	4462	8877	4462	124895.00	98431.00	141836.00	1.22E+05	1	FALSE	0	26.844	20	8.61304	-80.59042	24.5041656	8.00833321	80.8922577	57.1464462	29.8999996	20	9.89999962	24.0333328	24.5333328	25.3666668	23.9500008	2293	401	16	67.6412506	981	69	394	804	619
Pan32	221208005	221208_005	Colostethus panamansis	7/25/22	Panama	Campana	Rabbit	N/A	Adult	NA	N/A	N/A	15.00	20.00	15000.00	200	0.013333333	300	264	10	10	4	120000	87252	0.7271	0.2729	25064.75314	24011.42392	25054.98598	24710.38768	23070.20597	21782.3937	24457.09885	23103.23284	0.934960355	7031	1123	7031	1123	175920.00	149935.00	158463.00	1.61E+05	1	FALSE	0	175.296	20.7	8.61304	-80.59042	24.5041656	8.00833321	80.8922577	57.1464462	29.8999996	20	9.89999962	24.0333328	24.5333328	25.3666668	23.9500008	2293	401	16	67.6412506	981	69	394	804	619
Pan15	221208016	221208_016	Colostethus panamansis	11/18/22	Panama	Campana	Rabbit	N/A	Adult	NA	N/A	N/A	26.00	40.00	26000.00	400	0.015384615	303	248	10	10	4	121200	85651	0.706691419	0.293308581	25478.89176	25429.03206	24543.78324	25150.56902	23776.76171	22678.60424	24099.36045	23518.24213	0.935097815	8650	2648	8650	2648	154129.00	145516.00	122912.00	1.41E+05	1	FALSE	0	NA	24	8.65217	-80.59049	23.8875008	7.6583333	81.4716339	54.3191261	28.8999996	19.5	9.39999962	23.4833336	24.3166656	24.7000008	23.3833332	2496	446	25	60.0795937	1027	162	344	593	619
N/A	N/A	231119_K006	Colostethus panamansis	11/19/23	Panama	El Cope	Guabal	N/A	Adult	N/A	N/A	N/A	25.00	142.00	25000.00	1420	0.0568	304	290	10	10	4	121600	101264	0.832763158	0.167236842	26296.78088	26443.53851	25983.20051	26241.1733	25013.11113	23846.1248	25086.88904	24648.70833	0.939314262	12659	6805	12659	6805	91336.00	72452.00	197658.00	1.20E+05	1	FALSE	0	151.608	20	8.61304	-80.59042	24.5041656	8.00833321	80.8922577	57.1464462	29.8999996	20	9.89999962	24.0333328	24.5333328	25.3666668	23.9500008	2293	401	16	67.6412506	981	69	394	804	552
N/A	N/A	240804_D007	Colostethus panamansis	8/4/24	Panama	Altos de Campana	Rabbit	N/A	Adult	N/A	N/A	N/A	29.00	470.00	29000.00	4700	0.162068966	308	328	10	10	4	123200	99133	0.804650974	0.195349026	26049.71925	25682.29153	25489.26432	25740.42504	25229.61147	24988.20656	24357.9535	24858.59051	0.96574126	10818	7576	10818	7576	91006.00	119936.00	90113.00	1.00E+05	1	FALSE	0	NA	20.5	8.61304	-80.59042	24.5041656	8.00833321	80.8922577	57.1464462	29.8999996	20	9.89999962	24.0333328	24.5333328	25.3666668	23.9500008	2293	401	16	67.6412506	981	69	394	804	619
N/A	N/A	241125_K003	Colostethus panamansis	11/25/24	Panama	El Cope	Guabal	N/A	Adult	N/A	N/A	N/A	31.00	386.00	31000.00	3860	0.124516129	309	251	10	10	4	123600	101360	0.820064725	0.179935275	24846.88839	23807.22354	24691.17206	24448.428	22609.85788	21679.86069	22413.23556	22234.31804	0.909437533	6068	-2073	6068	0	168865.00	138529.00	119392.00	1.42E+05	1	FALSE	0	NA	20.7	8.61304	-80.59042	24.5041656	8.00833321	80.8922577	57.1464462	29.8999996	20	9.89999962	24.0333328	24.5333328	25.3666668	23.9500008	2293	401	16	67.6412506	981	69	394	804	552
N/A	N/A	241127_D001	Colostethus panamansis	11/27/24	Panama	El Cope	Guabal	N/A	Adult	N/A	N/A	N/A	18.00	441.00	18000.00	4410	0.245	315	307	10	10	4	126000	89157	0.707595238	0.292404762	25214.57077	25650.3545	24815.00545	25226.64357	23972.86626	25070.37453	22192.4905	23745.24376	0.941276381	8929	3483	8929	3483	108599.00	131720.00	182810.00	1.41E+05	1	FALSE	0	NA	20.9	8.61304	-80.59042	24.5041656	8.00833321	80.8922577	57.1464462	29.8999996	20	9.89999962	24.0333328	24.5333328	25.3666668	23.9500008	2293	401	16	67.6412506	981	69	394	804	552
N/A	N/A	231119_K005	Colostethus panamansis	11/19/23	Panama	El Cope	Guabal	N/A	Adult	N/A	N/A	N/A	38.00	301.00	38000.00	3010	0.079210526	322	266	10	10	4	128800	108195	0.840023292	0.159976708	25702.78014	25685.24764	25557.27673	25648.43483	23042.675	24402.31282	23082.63916	23509.209	0.916594293	10480	2615	10480	2615	120580.00	113069.00	107998.00	1.14E+05	1	FALSE	0	72.072	21.3	8.61304	-80.59042	24.5041656	8.00833321	80.8922577	57.1464462	29.8999996	20	9.89999962	24.0333328	24.5333328	25.3666668	23.9500008	2293	401	16	67.6412506	981	69	394	804	552
N/A	N/A	240804_D006	Colostethus panamansis	8/4/24	Panama	Altos de Campana	Rabbit	N/A	Adult	N/A	N/A	N/A	25.00	340.00	25000.00	3400	0.136	322	244	10	10	4	128800	106793	0.829138199	0.170861801	24747.09043	24156.69863	24654.06134	24519.28347	24373.12611	23105.97083	23731.94991	23737.01562	0.968095811	6329	3453	6329	3453	89866.00	227239.00	108797.00	1.42E+05	1	FALSE	0	NA	21.3	8.61304	-80.59042	24.5041656	8.00833321	80.8922577	57.1464462	29.8999996	20	9.89999962	24.0333328	24.5333328	25.3666668	23.9500008	2293	401	16	67.6412506	981	69	394	804	619
N/A	N/A	240720_K004	Colostethus panamansis	7/20/24	Panama	El Cope	Guabal	N/A	Adult	N/A	N/A	N/A	41.00	63.00	41000.00	630	0.015365854	324	280	10	10	4	129600	95760	0.738888889	0.261111111	25939.33074	25709.54937	26030.04514	25892.97508	25590.78923	23332.37059	25295.43908	24739.53297	0.955453473	11379	7138	11379	7138	204010.00	129912.00	305266.00	2.13E+05	1	FALSE	0	NA	21.3	8.61304	-80.59042	24.5041656	8.00833321	80.8922577	57.1464462	29.8999996	20	9.89999962	24.0333328	24.5333328	25.3666668	23.9500008	2293	401	16	67.6412506	981	69	394	804	552
N/A	N/A	240804_D002	Colostethus panamansis	8/4/24	Panama	Altos de Campana	Rabbit	N/A	Adult	N/A	N/A	N/A	26.00	134.00	26000.00	1340	0.051538462	325	291	10	10	4	130000	95289	0.732992308	0.267007692	25831.4632	25665.46504	24743.30239	25413.41021	23776.86418	23917.05791	23273.18574	23655.70261	0.93083543	9616	3154	9616	3154	182216.00	235686.00	157827.00	1.92E+05	1	FALSE	0	NA	21.5	8.61304	-80.59042	24.5041656	8.00833321	80.8922577	57.1464462	29.8999996	20	9.89999962	24.0333328	24.5333328	25.3666668	23.9500008	2293	401	16	67.6412506	981	69	394	804	619
N/A	N/A	241126_K003	Colostethus panamansis	11/26/24	Panama	El Cope	Medina		Adult	N/A	N/A	N/A	23.00	271.00	23000.00	2710	0.117826087	326	340	10	10	4	130400	97179	0.74523773	0.25476227	24588.13952	24835.09367	24666.96412	24696.73243	23565.84588	23391.97035	23761.197	23573.00441	0.954498919	6981	2850	6981	2850	109512.00	201146.00	139705.00	1.50E+05	1	FALSE	0	NA	21.6	8.60359	-80.68257	23.67083359	7.924999714	80.86735535	52.84877014	28.89999962	19.10000038	9.799999237	23.28333282	23.63333321	24.48333359	23.20000076	2634	483	19	68.12210846	1212	97	353	623	300
N/A	N/A	240804_D001	Colostethus panamansis	8/4/24	Panama	Altos de Campana	Rabbit	N/A	Adult	N/A	N/A	N/A	45.00	423.00	45000.00	4230	0.094	331	334	10	10	4	132400	100411	0.758391239	0.241608761	25110.73298	26266.48341	26071.03852	25816.08497	23453.80753	23500.53331	24616.89299	23857.07794	0.924116804	11096	3894	11096	3894	110382.00	192087.00	174396.00	1.59E+05	1	FALSE	0	NA	21.8	8.61304	-80.59042	24.5041656	8.00833321	80.8922577	57.1464462	29.8999996	20	9.89999962	24.0333328	24.5333328	25.3666668	23.9500008	2293	401	16	67.6412506	981	69	394	804	619
N/A	N/A	240804_D010	Colostethus panamansis	8/4/24	Panama	Altos de Campana	Rabbit	N/A	Adult	N/A	N/A	N/A	44.00	40.00	44000.00	400	0.009090909	341	375	10	10	4	136400	108208	0.793313783	0.206686217	25113.94217	24590.34828	25399.96149	25034.75065	24635.07053	23368.58202	24041.11941	24014.92399	0.959263558	8224	4474	8224	4474	121323.00	173318.00	125282.00	1.40E+05	1	FALSE	0	NA	22	8.61304	-80.59042	24.5041656	8.00833321	80.8922577	57.1464462	29.8999996	20	9.89999962	24.0333328	24.5333328	25.3666668	23.9500008	2293	401	16	67.6412506	981	69	394	804	619
N/A	N/A	240721_K004	Colostethus panamansis	7/21/24	Panama	El Cope	Medina		Adult	N/A	N/A	N/A	47.00	359.00	47000.00	3590	0.076382979	345	240	10	10	4	138000	108788	0.788318841	0.211681159	25665.54261	24643.35184	25372.51397	25227.13614	23642.35631	22644.02127	24195.96856	23494.11538	0.93130331	8931	2560	8931	2560	251586.00	137273.00	195201.00	1.95E+05	1	FALSE	0	NA	23.1	8.60359	-80.68257	23.67083359	7.924999714	80.86735535	52.84877014	28.89999962	19.10000038	9.799999237	23.28333282	23.63333321	24.48333359	23.20000076	2634	483	19	68.12210846	1212	97	353	623	300
N/A	N/A	240722_K003	Colostethus panamansis	7/22/24	Panama	El Cope	Medina		Adult	N/A	N/A	N/A	25.00	535.00	25000.00	5350	0.214	346	235	10	10	4	138400	106154	0.767008671	0.232991329	26918.75538	25461.44238	26357.50093	26245.89956	25357.65067	23566.27776	25464.30199	24796.07681	0.944760028	12677	7346	12677	7346	143564.00	134134.00	155263.00	1.44E+05	1	FALSE	0	NA	23.2	8.60359	-80.68257	23.67083359	7.924999714	80.86735535	52.84877014	28.89999962	19.10000038	9.799999237	23.28333282	23.63333321	24.48333359	23.20000076	2634	483	19	68.12210846	1212	97	353	623	300
N/A	N/A	240722_K001	Colostethus panamansis	7/22/24	Panama	El Cope	Medina		Adult	N/A	N/A	N/A	50.00	481.00	50000.00	4810	0.0962	348	351	10	10	4	139200	113459	0.815079023	0.184920977	25922.1174	26183.08744	25173.70064	25759.63516	24487.87329	25185.632	22807.55312	24160.3528	0.937915178	10889	5009	10889	5009	171746.00	132861.00	176382.00	1.60E+05	1	FALSE	0	NA	23.6	8.60359	-80.68257	23.67083359	7.924999714	80.86735535	52.84877014	28.89999962	19.10000038	9.799999237	23.28333282	23.63333321	24.48333359	23.20000076	2634	483	19	68.12210846	1212	97	353	623	300
N/A	N/A	240721_K003	Colostethus panamansis	7/21/24	Panama	El Cope	Medina		Adult	N/A	N/A	N/A	43.00	148.00	43000.00	1480	0.034418605	349	374	10	10	4	139600	102769	0.736167622	0.263832378	25905.45443	25953.4321	25440.19564	25766.36072	25567.60748	24568.56901	22665.51394	24267.23014	0.941818303	10914	5402	10914	5402	155611.00	142424.00	174060.00	1.57E+05	1	FALSE	0	NA	24.4	8.60359	-80.68257	23.67083359	7.924999714	80.86735535	52.84877014	28.89999962	19.10000038	9.799999237	23.28333282	23.63333321	24.48333359	23.20000076	2634	483	19	68.12210846	1212	97	353	623	300
N/A	N/A	230806_K018	Colostethus panamansis	8/6/23	Panama	Altos de Campana	Rabbit	N/A	Adult	N/A	N/A	N/A	25.00	293.00	25000.00	2930	0.1172	371	363	10	10	4	148400	112141	0.755667116	0.244332884	24884.76194	24630.58792	24562.69879	24692.68288	22367.64961	21998.02914	23825.99214	22730.55696	0.920538164	6966	-248	6966	0	194090.00	178807.00	207908.00	1.94E+05	1	FALSE	0	6.222	NA	8.61304	-80.59042	24.5041656	8.00833321	80.8922577	57.1464462	29.8999996	20	9.89999962	24.0333328	24.5333328	25.3666668	23.9500008	2293	401	16	67.6412506	981	69	394	804	619
N/A	N/A	230723_001	Colostethus panamansis	7/23/23	Panama	El Cope	Medina		Adult	N/A	N/A	N/A	47.00	92.00	47000.00	920	0.019574468	372	279	10	10	4	148800	115548	0.776532258	0.223467742	26937.55104	26078.45558	27570.86858	26862.29174	24850.78066	23343.93605	26559.21428	24917.977	0.927619179	14943	7795	14943	7795	126731.00	175650.00	212473.00	1.72E+05	1	FALSE	0	14.04	NA	8.60359	-80.68257	23.67083359	7.924999714	80.86735535	52.84877014	28.89999962	19.10000038	9.799999237	23.28333282	23.63333321	24.48333359	23.20000076	2634	483	19	68.12210846	1212	97	353	623	300
N/A	N/A	230806_K012	Colostethus panamansis	8/6/23	Panama	Altos de Campana	Rabbit	N/A	Adult	N/A	N/A	N/A	71.00	233.00	71000.00	2330	0.032816901	373	228	10	10	4	149200	116535	0.781065684	0.218934316	25559.64967	24818.23722	24711.36975	25029.75222	23741.53375	23320.12465	23515.3035	23525.65397	0.939907585	8205	2676	8205	2676	174407.00	217718.00	172655.00	1.88E+05	1	FALSE	0	16.968	NA	8.61304	-80.59042	24.5041656	8.00833321	80.8922577	57.1464462	29.8999996	20	9.89999962	24.0333328	24.5333328	25.3666668	23.9500008	2293	401	16	67.6412506	981	69	394	804	619
N/A	N/A	230806_K014	Colostethus panamansis	8/6/23	Panama	Altos de Campana	Rabbit	N/A	Adult	N/A	N/A	N/A	36.00	493.00	36000.00	4930	0.136944444	379	225	10	10	4	151600	125354	0.826873351	0.173126649	25682.26021	25329.29261	25798.02425	25603.19235	23554.09723	24054.83114	23445.30825	23684.74554	0.925070015	10314	3261	10314	3261	206837.00	131925.00	166982.00	1.69E+05	1	FALSE	0	18.222	NA	8.61304	-80.59042	24.5041656	8.00833321	80.8922577	57.1464462	29.8999996	20	9.89999962	24.0333328	24.5333328	25.3666668	23.9500008	2293	401	16	67.6412506	981	69	394	804	619
N/A	N/A	230720_C003	Colostethus panamansis	7/20/23	Panama	El Cope	Guabal	N/A	Adult	N/A	N/A	N/A	62.00	549.00	62000.00	5490	0.088548387	383	277	10	10	4	153200	112920	0.737075718	0.262924282	24013.93639	24548.10252	25199.5594	24587.19944	22229.10855	23740.25443	24402.72863	23457.36387	0.954047814	6578	2425	6578	2425	223778.00	294182.00	214845.00	2.44E+05	1	FALSE	0	20.028	NA	8.61304	-80.59042	24.5041656	8.00833321	80.8922577	57.1464462	29.8999996	20	9.89999962	24.0333328	24.5333328	25.3666668	23.9500008	2293	401	16	67.6412506	981	69	394	804	552
N/A	N/A	230806_K017	Colostethus panamansis	8/6/23	Panama	Altos de Campana	Rabbit	N/A	Adult	N/A	N/A	N/A	57.00	517.00	57000.00	5170	0.090701754	387	358	10	10	4	154800	122664	0.792403101	0.207596899	26656.40269	26021.81528	26540.60655	26406.27484	25170.83093	23354.93775	23635.01954	24053.59607	0.910904556	13266	4617	13266	4617	129890.00	191557.00	195956.00	1.72E+05	1	FALSE	0	29.496	NA	8.61304	-80.59042	24.5041656	8.00833321	80.8922577	57.1464462	29.8999996	20	9.89999962	24.0333328	24.5333328	25.3666668	23.9500008	2293	401	16	67.6412506	981	69	394	804	619
N/A	N/A	231128_S009	Colostethus panamansis	11/28/23	Panama	El Cope	Medina		Adult	N/A	N/A	N/A	47.00	183.00	47000.00	1830	0.03893617	391	270	10	10	4	156400	126911	0.811451407	0.188548593	25545.20036	24944.61085	25694.98968	25394.93363	23095.22208	24017.14217	24823.90579	23978.75668	0.944233879	9548	4342	9548	4342	107461.00	244195.00	163510.00	1.72E+05	1	FALSE	0	32.892	NA	8.60359	-80.68257	23.67083359	7.924999714	80.86735535	52.84877014	28.89999962	19.10000038	9.799999237	23.28333282	23.63333321	24.48333359	23.20000076	2634	483	19	68.12210846	1212	97	353	623	300
N/A	N/A	230720_C004	Colostethus panamansis	7/20/23	Panama	El Cope	Guabal	N/A	Adult	N/A	N/A	N/A	69.00	31.00	69000.00	310	0.004492754	393	336	10	10	4	157200	111876	0.711679389	0.288320611	25114.76532	25334.68748	26061.11763	25503.52348	22539.37332	24291.91781	25137.86028	23989.71714	0.940643247	9947	4382	9947	4382	187138.00	193521.00	222956.00	2.01E+05	1	FALSE	0	44.358	NA	8.61304	-80.59042	24.5041656	8.00833321	80.8922577	57.1464462	29.8999996	20	9.89999962	24.0333328	24.5333328	25.3666668	23.9500008	2293	401	16	67.6412506	981	69	394	804	552
N/A	N/A	231128_S005	Colostethus panamansis	11/28/23	Panama	El Cope	Medina		Adult	N/A	N/A	N/A	54.00	176.00	54000.00	1760	0.032592593	398	262	10	10	4	159200	129616	0.814170854	0.185829146	25394.63698	25395.26784	27064.10975	25951.33819	25107.39046	23706.04405	24635.05328	24482.82926	0.943412979	11594	6195	11594	6195	188117.00	192784.00	187520.00	1.89E+05	1	FALSE	0	51.936	NA	8.60359	-80.68257	23.67083359	7.924999714	80.86735535	52.84877014	28.89999962	19.10000038	9.799999237	23.28333282	23.63333321	24.48333359	23.20000076	2634	483	19	68.12210846	1212	97	353	623	300
N/A	N/A	231128_S006	Colostethus panamansis	11/28/23	Panama	El Cope	Medina		Adult	N/A	N/A	N/A	41.00	11.00	41000.00	110	0.002682927	399	343	10	10	4	159600	118506	0.742518797	0.257481203	26909.11963	26425.78938	26962.90861	26765.9392	24483.84287	25683.49508	24989.06395	25052.13397	0.935970667	14589	8288	14589	8288	122837.00	200724.00	220290.00	1.81E+05	1	FALSE	0	71.346	NA	8.60359	-80.68257	23.67083359	7.924999714	80.86735535	52.84877014	28.89999962	19.10000038	9.799999237	23.28333282	23.63333321	24.48333359	23.20000076	2634	483	19	68.12210846	1212	97	353	623	300
N/A	N/A	230806_K010	Colostethus panamansis	8/6/23	Panama	Altos de Campana	Rabbit	N/A	Adult	N/A	N/A	N/A	63.00	316.00	63000.00	3160	0.05015873	405	311	10	10	4	162000	115586	0.713493827	0.286506173	25153.61939	25421.6227	25297.35023	25290.86411	22400.61138	24657.48909	23341.69206	23466.59751	0.927868554	9165	2459	9165	2459	268086.00	93466.00	178944.00	1.80E+05	1	FALSE	0	75.978	NA	8.61304	-80.59042	24.5041656	8.00833321	80.8922577	57.1464462	29.8999996	20	9.89999962	24.0333328	24.5333328	25.3666668	23.9500008	2293	401	16	67.6412506	981	69	394	804	619
N/A	N/A	231120_K002	Colostethus panamansis	11/20/23	Panama	El Cope	Guabal	N/A	Adult	N/A	N/A	N/A	82.00	119.00	82000.00	1190	0.014512195	412	269	10	10	4	164800	138212	0.838665049	0.161334951	26654.3473	26142.01201	25570.99961	26122.45297	25665.49012	24809.37241	24999.87328	25158.24527	0.96308893	12223	8678	12223	8678	169908.00	235150.00	244180.00	2.16E+05	1	FALSE	0	153.504	NA	8.61304	-80.59042	24.5041656	8.00833321	80.8922577	57.1464462	29.8999996	20	9.89999962	24.0333328	24.5333328	25.3666668	23.9500008	2293	401	16	67.6412506	981	69	394	804	552
N/A	N/A	231128_S004	Colostethus panamansis	11/28/23	Panama	El Cope	Medina		Adult	N/A	N/A	N/A	63.00	56.00	63000.00	560	0.008888889	416	335	10	10	4	166400	140383	0.843647837	0.156352163	25265.06815	25962.51887	25257.53668	25495.04123	24434.53044	24043.82096	24995.70276	24491.35138	0.960631958	9916	6226	9916	6226	199315.00	216931.00	178776.00	1.98E+05	1	FALSE	0	187.944	NA	8.60359	-80.68257	23.67083359	7.924999714	80.86735535	52.84877014	28.89999962	19.10000038	9.799999237	23.28333282	23.63333321	24.48333359	23.20000076	2634	483	19	68.12210846	1212	97	353	623	300
N/A	N/A	240721_D001	Colostethus panamansis	7/21/24	Panama	El Cope	Guabal	N/A	Adult	N/A	N/A	N/A	89.00	223.00	89000.00	2230	0.02505618	420	334	10	10	4	168000	139143	0.828232143	0.171767857	25473.90929	25388.46592	25039.87983	25300.75168	22860.39995	22828.2475	23207.73568	22965.46104	0.907698765	9202	616	9202	616	224385.00	146760.00	209664.00	1.94E+05	1	FALSE	0	NA	NA	8.61304	-80.59042	24.5041656	8.00833321	80.8922577	57.1464462	29.8999996	20	9.89999962	24.0333328	24.5333328	25.3666668	23.9500008	2293	401	16	67.6412506	981	69	394	804	552
N/A	N/A	240722_D003	Colostethus panamansis	7/22/24	Panama	El Cope	Guabal	N/A	Adult	N/A	N/A	N/A	69.00	241.00	69000.00	2410	0.034927536	426.25	339	10	10	4	170500	129383	0.758844575	0.241155425	26697.14004	25942.12751	24612.59671	25750.62142	24717.45562	25468.20006	23009.35832	24398.338	0.947485406	10856	5884	10856	5884	135499.00	185909.00	129799.00	1.50E+05	1	FALSE	0	NA	NA	8.61304	-80.59042	24.5041656	8.00833321	80.8922577	57.1464462	29.8999996	20	9.89999962	24.0333328	24.5333328	25.3666668	23.9500008	2293	401	16	67.6412506	981	69	394	804	552
N/A	N/A	240720_D009	Colostethus panamansis	7/20/24	Panama	El Cope	Medina		Adult	N/A	N/A	N/A	51.00	232.00	51000.00	2320	0.045490196	431.25	229	10	10	4	172500	125346	0.726643478	0.273356522	24339.35516	23915.23477	24672.34467	24308.9782	21944.04391	21611.76391	23739.90506	22431.90429	0.92278269	5556	-1346	5556	0	133739.00	124964.00	184532.00	1.48E+05	1	FALSE	0	NA	NA	8.60359	-80.68257	23.67083359	7.924999714	80.86735535	52.84877014	28.89999962	19.10000038	9.799999237	23.28333282	23.63333321	24.48333359	23.20000076	2634	483	19	68.12210846	1212	97	353	623	300
N/A	N/A	Pe_16S00760	Desmognathus fuscus	10/9/24	Pennsylvania	Tyron Weber	N/A		Adult	N/A	N/A	N/A	183.00	558.00	183000.00	55800	0.304918033	282	287	10	100	4	1128000	861091	0.763378546	0.236621454	26865.8856	25832.8598	26265.75738	26321.50093	25585.1838	24143.40568	24934.19993	24887.59647	0.945523454	12955	7683	12955	7683	1140758.00	1016168.00	926751.00	1.03E+06	1	FALSE	0	NA	10.9	41.59313	-80.35629	8.558333397	11.25	30.99173546	928.5028076	27	-9.300000191	36.29999924	19.63333321	-2.316666842	19.63333321	-3.233333349	1078	113	57	19.97618866	325	194	325	202	800
N/A	N/A	Pe_16S00764	Desmognathus fuscus	10/9/24	Pennsylvania	Tyron Weber	N/A		Adult	N/A	N/A	N/A	180.00	399.00	180000.00	39900	0.221666667	304	357	10	100	4	1216000	871467	0.716666941	0.283333059	26937.82334	26848.63138	28058.02312	27281.49262	24866.03003	24392.33851	26070.18429	25109.51761	0.920386504	16484	8499	16484	8499	1053684.00	1058637.00	1956762.00	1.36E+06	1	FALSE	0	NA	12.8	41.59313	-80.35629	8.558333397	11.25	30.99173546	928.5028076	27	-9.300000191	36.29999924	19.63333321	-2.316666842	19.63333321	-3.233333349	1078	113	57	19.97618866	325	194	325	202	800
N/A	N/A	Pe_16S00462	Desmognathus fuscus	5/28/24	Pennsylvania	Tyron Weber	N/A		Adult	N/A	N/A	N/A	252.00	34.00	252000.00	3400	0.013492063	326	243	10	100	4	1304000	880717	0.675396472	0.324603528	26054.23486	25221.30202	26310.67497	25862.07062	23353.86544	23813.70355	24502.13664	23889.90188	0.923742814	11265	4015	11265	4015	1382607.00	1058474.00	1309968.00	1.25E+06	1	FALSE	0	NA	14.6	41.59313	-80.35629	8.558333397	11.25	30.99173546	928.5028076	27	-9.300000191	36.29999924	19.63333321	-2.316666842	19.63333321	-3.233333349	1078	113	57	19.97618866	325	194	325	202	800
N/A	N/A	Pe_16S00511	Desmognathus fuscus	6/17/24	Pennsylvania	Tyron Weber	N/A		Adult	N/A	N/A	N/A	255.00	638.00	255000.00	63800	0.250196078	339	239	10	100	4	1356000	979795	0.722562684	0.277437316	26720.7901	26175.94463	24900.02702	25932.25392	24612.47252	25581.60891	23893.11511	24695.73218	0.952317229	11523	6977	11523	6977	1001478.00	1195768.00	878975.00	1.03E+06	1	FALSE	0	NA	17.8	41.59313	-80.35629	8.558333397	11.25	30.99173546	928.5028076	27	-9.300000191	36.29999924	19.63333321	-2.316666842	19.63333321	-3.233333349	1078	113	57	19.97618866	325	194	325	202	800
N/A	N/A	Pe_16S00649	Desmognathus fuscus	7/9/24	Pennsylvania	Tyron Weber	N/A		Adult	N/A	N/A	N/A	345.00	554.00	345000.00	55400	0.16057971	352	231	10	100	4	1408000	938826	0.66677983	0.33322017	27025.10971	27190.51703	26339.73476	26851.78717	26024.11635	26392.64162	25074.34582	25830.36793	0.961960847	14904	11149	14904	11149	1098981.00	1687978.00	1469630.00	1.42E+06	1	FALSE	0	NA	20.2	41.59313	-80.35629	8.558333397	11.25	30.99173546	928.5028076	27	-9.300000191	36.29999924	19.63333321	-2.316666842	19.63333321	-3.233333349	1078	113	57	19.97618866	325	194	325	202	800
N/A	N/A	Pe_16S00655	Desmognathus fuscus	7/9/24	Pennsylvania	Tyron Weber	N/A		Adult	N/A	N/A	N/A	230.00	115.00	230000.00	11500	0.05	362	238	10	100	4	1448000	1155281	0.797845994	0.202154006	26384.47732	24793.60633	25902.04618	25693.37661	25164.34688	23699.67118	23973.62074	24279.21293	0.944959991	10645	5446	10645	5446	1713512.00	1392533.00	1644451.00	1.58E+06	1	FALSE	0	NA	21.7	41.59313	-80.35629	8.558333397	11.25	30.99173546	928.5028076	27	-9.300000191	36.29999924	19.63333321	-2.316666842	19.63333321	-3.233333349	1078	113	57	19.97618866	325	194	325	202	800
N/A	N/A	Pe_16S00766	Desmognathus ochrophaeus	10/9/24	Pennsylvania	Tyron Weber	N/A		Adult	N/A	N/A	N/A	173.00	128.00	173000.00	12800	0.073988439	284	300	10	100	4	1136000	783222	0.689455986	0.310544014	26843.67653	26347.80567	27069.61174	26753.69798	25805.48335	24739.07443	25393.92938	25312.82906	0.946143186	14544	9246	14544	9246	893576.00	1196702.00	1285529.00	1.13E+06	1	FALSE	0	NA	12.7	41.59313	-80.35629	8.558333397	11.25	30.99173546	928.5028076	27	-9.300000191	36.29999924	19.63333321	-2.316666842	19.63333321	-3.233333349	1078	113	57	19.97618866	325	194	325	202	800
N/A	N/A	Pe_16S00457	Desmognathus ochrophaeus	5/28/24	Pennsylvania	Tyron Weber	N/A		Adult	N/A	N/A	N/A	207.00	411.00	207000.00	41100	0.198550725	298	367	10	100	4	1192000	906704	0.760657718	0.239342282	25830.77785	25431.13956	25766.14904	25676.02215	24954.55924	23196.27503	24586.89817	24245.91081	0.944301679	10581	5324	10581	5324	1042440.00	1100507.00	1157439.00	1.10E+06	1	FALSE	0	NA	13.3	41.59313	-80.35629	8.558333397	11.25	30.99173546	928.5028076	27	-9.300000191	36.29999924	19.63333321	-2.316666842	19.63333321	-3.233333349	1078	113	57	19.97618866	325	194	325	202	800
N/A	N/A	Pe_16S00463	Desmognathus ochrophaeus	5/28/24	Pennsylvania	Tyron Weber	N/A		Adult	N/A	N/A	N/A	186.00	345.00	186000.00	34500	0.185483871	309	380	10	100	4	1236000	861136	0.696711974	0.303288026	25786.3832	26035.79867	26310.10534	26044.09574	24397.21194	25743.33336	23586.62424	24575.72318	0.943619753	11935	6536	11935	6536	792313.00	946768.00	1242401.00	9.94E+05	1	FALSE	0	NA	13.6	41.59313	-80.35629	8.558333397	11.25	30.99173546	928.5028076	27	-9.300000191	36.29999924	19.63333321	-2.316666842	19.63333321	-3.233333349	1078	113	57	19.97618866	325	194	325	202	800
N/A	N/A	Pe_16S00459	Desmognathus ochrophaeus	5/28/24	Pennsylvania	Tyron Weber	N/A		Adult	N/A	N/A	N/A	423.00	341.00	423000.00	34100	0.080614657	321	291	10	100	4	1284000	937087	0.729818536	0.270181464	26729.61641	25317.70025	27003.12469	26350.14712	25850.1243	24922.89436	25598.91842	25457.31236	0.966116517	13060	9777	13060	9777	1347319.00	893319.00	1883140.00	1.37E+06	1	FALSE	0	NA	13.6	41.59313	-80.35629	8.558333397	11.25	30.99173546	928.5028076	27	-9.300000191	36.29999924	19.63333321	-2.316666842	19.63333321	-3.233333349	1078	113	57	19.97618866	325	194	325	202	800
N/A	N/A	Pe_16S00464	Desmognathus ochrophaeus	5/28/24	Pennsylvania	Tyron Weber	N/A		Adult	N/A	N/A	N/A	364.00	76.00	364000.00	7600	0.020879121	324	287	10	100	4	1296000	952898	0.735260802	0.264739198	24249.8281	25149.97945	25520.0306	24973.27939	22779.79284	22482.64006	24145.73762	23136.05684	0.926432468	7998	1243	7998	1243	1590269.00	891989.00	1142472.00	1.21E+06	1	FALSE	0	NA	14	41.59313	-80.35629	8.558333397	11.25	30.99173546	928.5028076	27	-9.300000191	36.29999924	19.63333321	-2.316666842	19.63333321	-3.233333349	1078	113	57	19.97618866	325	194	325	202	800
N/A	N/A	Pe_16S00516	Desmognathus ochrophaeus	6/17/24	Pennsylvania	Tyron Weber	N/A		Adult	N/A	N/A	N/A	588.00	651.00	588000.00	65100	0.110714286	383	282	10	100	4	1532000	1041656	0.679932115	0.320067885	26193.34576	26446.12706	26354.51042	26331.32775	23594.68147	25039.04826	25577.02337	24736.9177	0.939448171	12991	7129	12991	7129	1974961.00	1922676.00	1707236.00	1.87E+06	1	FALSE	0	NA	18.5	41.59313	-80.35629	8.558333397	11.25	30.99173546	928.5028076	27	-9.300000191	36.29999924	19.63333321	-2.316666842	19.63333321	-3.233333349	1078	113	57	19.97618866	325	194	325	202	800
N/A	N/A	Pe_16S00651	Desmognathus ochrophaeus	7/9/24	Pennsylvania	Tyron Weber	N/A		Adult	N/A	N/A	N/A	568.00	377.00	568000.00	37700	0.066373239	420	320	10	100	4	1680000	1357143	0.807823214	0.192176786	24842.38249	24976.78948	25630.5268	25149.89959	22187.79801	24515.93849	23502.73357	23402.15669	0.930506963	8647	2222	8647	2222	1803169.00	1407916.00	1713130.00	1.64E+06	1	FALSE	0	NA	21.6	41.59313	-80.35629	8.558333397	11.25	30.99173546	928.5028076	27	-9.300000191	36.29999924	19.63333321	-2.316666842	19.63333321	-3.233333349	1078	113	57	19.97618866	325	194	325	202	800
N/A	N/A	Pe_16S00762	Eurycea bislineata	10/9/24	Pennsylvania	Tyron Weber	N/A		Adult	N/A	N/A	N/A	189.00	455.00	189000.00	45500	0.240740741	282	298	10	100	4	1128000	875415	0.776077128	0.223922872	26222.75313	25907.1172	25976.23169	26035.36734	25007.0936	23145.27856	25262.01367	24471.46194	0.939931502	11903	6153	11903	6153	1283545.00	1192195.00	1523867.00	1.33E+06	1	FALSE	0	NA	10.6	41.59313	-80.35629	8.558333397	11.25	30.99173546	928.5028076	27	-9.300000191	36.29999924	19.63333321	-2.316666842	19.63333321	-3.233333349	1078	113	57	19.97618866	325	194	325	202	800
N/A	N/A	Pe_16S00752	Eurycea bislineata	10/9/24	Pennsylvania	Tyron Weber	N/A		Adult	N/A	N/A	N/A	247.00	150.00	247000.00	15000	0.060728745	297	339	10	100	4	1188000	952151	0.801473906	0.198526094	26607.26445	25672.64631	26241.98069	26173.96381	24516.88063	24639.1176	24662.88441	24606.29421	0.940105763	12412	6649	12412	6649	1227947.00	1135762.00	1322160.00	1.23E+06	1	FALSE	0	NA	11.7	41.59313	-80.35629	8.558333397	11.25	30.99173546	928.5028076	27	-9.300000191	36.29999924	19.63333321	-2.316666842	19.63333321	-3.233333349	1078	113	57	19.97618866	325	194	325	202	800
N/A	N/A	Pe_16S00756	Eurycea bislineata	10/9/24	Pennsylvania	Tyron Weber	N/A		Adult	N/A	N/A	N/A	341.00	277.00	341000.00	27700	0.081231672	306	324	10	100	4	1224000	973233	0.795125	0.204875	25563.23967	25555.4954	26213.72443	25777.4865	24051.35476	23504.28102	23532.21319	23695.94966	0.919249813	10954	3302	10954	3302	1171636.00	1301270.00	1608218.00	1.36E+06	1	FALSE	0	NA	12.9	41.59313	-80.35629	8.558333397	11.25	30.99173546	928.5028076	27	-9.300000191	36.29999924	19.63333321	-2.316666842	19.63333321	-3.233333349	1078	113	57	19.97618866	325	194	325	202	800
N/A	N/A	Pe_16S00460	Eurycea bislineata	5/28/24	Pennsylvania	Tyron Weber	N/A		Adult	N/A	N/A	N/A	352.00	8.00	352000.00	800	0.002272727	315	383	10	100	4	1260000	940143	0.746145238	0.253854762	26502.72417	26496.77082	26742.7554	26580.75013	25992.72291	26031.47744	23957.63363	25327.27799	0.952842861	13908	9299	13908	9299	2637014.00	1422083.00	1656630.00	1.91E+06	1	FALSE	0	NA	14.6	41.59313	-80.35629	8.558333397	11.25	30.99173546	928.5028076	27	-9.300000191	36.29999924	19.63333321	-2.316666842	19.63333321	-3.233333349	1078	113	57	19.97618866	325	194	325	202	800
N/A	N/A	Pe_16S00514	Eurycea bislineata	6/17/24	Pennsylvania	Tyron Weber	N/A		Adult	N/A	N/A	N/A	382.00	508.00	382000.00	50800	0.132984293	408	316	10	100	4	1632000	1304305	0.799206495	0.200793505	26473.97392	26804.44849	26308.33862	26528.92034	24221.81239	26458.82722	24293.74686	24991.46216	0.942045957	13717	8065	13717	8065	1687579.00	1486507.00	1563347.00	1.58E+06	1	FALSE	0	NA	17.1	41.59313	-80.35629	8.558333397	11.25	30.99173546	928.5028076	27	-9.300000191	36.29999924	19.63333321	-2.316666842	19.63333321	-3.233333349	1078	113	57	19.97618866	325	194	325	202	800
N/A	N/A	Pe_16S00386	Hyla versicolor	5/8/24	Pennsylvania	Tuttle Pond	N/A	NA	Adult	N/A	N/A	N/A	169.00	330.00	169000.00	33000	0.195266272	278	359	10	100	4	1112000	726330	0.65317446	0.34682554	27610.19518	27383.04047	27496.60998	27496.61521	25706.14897	26956.59477	26630.18349	26430.97574	0.961244704	17275	13357	17275	13357	983733.00	1212684.00	930873.00	1.04E+06	1	FALSE	0	NA	14.3	41.69171	-80.50082	8.524999619	10.9333334	30.20257759	935.7143555	26.89999962	-9.300000191	36.20000076	19.66666603	-2.483333349	19.66666603	-3.333333254	1062	109	55	19.7213974	315	189	315	200	800
N/A	N/A	Pe_16S00369	Hyla versicolor	5/6/24	Pennsylvania	RV Pond	N/A	NA	Adult	N/A	N/A	N/A	235.00	627.00	235000.00	62700	0.266808511	288	315	10	100	4	1152000	771788	0.669954861	0.330045139	26610.63451	25903.94566	27359.24964	26624.60994	25694.03424	24282.91357	26285.89411	25420.94731	0.954791352	14069	9644	14069	9644	1342701.00	954112.00	1001690.00	1.10E+06	1	FALSE	0	NA	16.1	41.63888	-80.49512	8.8125	10.74166679	29.51007271	941.782959	27.20000076	-9.199999809	36.40000153	20.03333282	-2.283333302	20.03333282	-3.066666603	1045	108	54	19.86804199	311	186	311	196	800
N/A	N/A	Pe_16S00387	Hyla versicolor	5/8/24	Pennsylvania	Tuttle Pond	N/A	NA	Adult	N/A	N/A	N/A	247.00	284.00	247000.00	28400	0.114979757	293	273	10	100	4	1172000	763926	0.651813993	0.348186007	25864.99131	25760.90569	26947.05544	26190.98415	23611.62852	25147.90601	26107.96446	24955.833	0.952840598	12475	7934	12475	7934	1598242.00	935005.00	1095853.00	1.21E+06	1	FALSE	0	NA	17.1	41.69171	-80.50082	8.524999619	10.9333334	30.20257759	935.7143555	26.89999962	-9.300000191	36.20000076	19.66666603	-2.483333349	19.66666603	-3.333333254	1062	109	55	19.7213974	315	189	315	200	800
N/A	N/A	Pe_16S00533	Hyla versicolor	6/18/24	Pennsylvania	Tyron Weber	N/A		Adult	N/A	N/A	N/A	202.00	591.00	202000.00	59100	0.292574257	364	320	10	100	4	1456000	1017714	0.698979396	0.301020604	26541.60735	26457.83591	26459.94875	26486.464	23826.34759	25781.9689	24918.04566	24842.12072	0.937917599	13561	7516	13561	7516	1125252.00	1265074.00	1175514.00	1.19E+06	1	FALSE	0	NA	18.6	41.59313	-80.35629	8.558333397	11.25	30.99173546	928.5028076	27	-9.300000191	36.29999924	19.63333321	-2.316666842	19.63333321	-3.233333349	1078	113	57	19.97618866	325	194	325	202	800
N/A	N/A	Pe_16S00531	Hyla versicolor	6/18/24	Pennsylvania	Tyron Weber	N/A		Adult	N/A	N/A	N/A	329.00	207.00	329000.00	20700	0.062917933	369	229	10	100	4	1476000	1047090	0.709410569	0.290589431	24917.55661	24475.05281	24961.58228	24784.73057	22898.61521	22563.7971	23314.61458	22925.67563	0.924991925	7305	470	7305	470	1701007.00	1482881.00	1398449.00	1.53E+06	1	FALSE	0	NA	20.5	41.59313	-80.35629	8.558333397	11.25	30.99173546	928.5028076	27	-9.300000191	36.29999924	19.63333321	-2.316666842	19.63333321	-3.233333349	1078	113	57	19.97618866	325	194	325	202	800
N/A	N/A	2022-05-12-rv-hyve23	Hyla versicolor	5/12/22	Pennsylvania	RV Pond	N/A	NA	Adult	N/A	N/A	N/A	240.00	587.00	240000.00	58700	0.244583333	399	351	10	100	4	1596000	1080829	0.677211153	0.322788847	25824.9634	26077.01908	26444.17773	26115.38674	25385.15821	23305.05186	24403.19693	24364.469	0.932954555	12197	5760	12197	5760	1380978.00	1646514.00	1267669.00	1.43E+06	1	FALSE	0	NA	NA	41.63888	-80.49512	8.8125	10.74166679	29.51007271	941.782959	27.20000076	-9.199999809	36.40000153	20.03333282	-2.283333302	20.03333282	-3.066666603	1045	108	54	19.86804199	311	186	311	196	800
N/A	N/A	2022-05-12-rv-hyve22	Hyla versicolor	5/12/22	Pennsylvania	RV Pond	N/A	NA	Adult	N/A	N/A	N/A	425.00	69.00	425000.00	6900	0.016235294	402	291	10	100	4	1608000	1232618	0.766553483	0.233446517	27548.40972	27419.1618	27952.11561	27639.89571	26744.32779	26037.97603	26090.55884	26290.95422	0.951195855	17802	12842	17802	12842	1271018.00	1554622.00	1947784.00	1.59E+06	1	FALSE	0	NA	NA	41.63888	-80.49512	8.8125	10.74166679	29.51007271	941.782959	27.20000076	-9.199999809	36.40000153	20.03333282	-2.283333302	20.03333282	-3.066666603	1045	108	54	19.86804199	311	186	311	196	800
N/A	N/A	2022-05-12-rv-hyve24	Hyla versicolor	5/12/22	Pennsylvania	RV Pond	N/A	NA	Adult	N/A	N/A	N/A	411.00	602.00	411000.00	60200	0.146472019	418	327	10	100	4	1672000	1145946	0.685374402	0.314625598	26192.09929	25816.14441	25834.09685	25947.44685	24969.98577	23570.16266	23221.2374	23920.46195	0.921881143	11579	4127	11579	4127	1554842.00	935490.00	1371409.00	1.29E+06	1	FALSE	0	NA	NA	41.63888	-80.49512	8.8125	10.74166679	29.51007271	941.782959	27.20000076	-9.199999809	36.40000153	20.03333282	-2.283333302	20.03333282	-3.066666603	1045	108	54	19.86804199	311	186	311	196	800
BR59	BR59	BRBac059	Hylodes phyllodes	11/9/22	Brazil	Santa Virginia	Pirapitinga	day	Adult	NA	29	1.75	9.00	41.00	9000.00	410	0.045555556	278	243	10	10	4	111200	86199	0.775170863	0.224829137	25701.6119	25209.85532	25701.86343	25537.77688	25168.45508	23293.5911	25440.59759	24634.21459	0.9646186	10073	6751	10073	6751	88730.00	69917.00	90682.00	8.31E+04	1	FALSE	0	39.546	21.3	-23.34067	-45.14935	17.05833244	10.1833334	56.26151276	251.918396	25.29999924	7.199999809	18.09999847	19.98333359	13.86666679	20.10000038	13.86666679	1778	278	42	60.12615585	800	160	767	160	117
BR75	BR75	BRBac075	Hylodes phyllodes	11/12/22	Brazil	Santa Virginia	A2W	night	Adult	NA	29	1.84	13.00	46.00	13000.00	460	0.035384615	278	242	10	10	4	111200	90385	0.812814748	0.187185252	25307.03068	25612.71928	25037.74453	25319.16483	23888.17237	24651.64495	24619.89795	24386.57176	0.963166515	9269	5841	9269	5841	99105.00	95456.00	98466.00	9.77E+04	1	FALSE	0	45.636	22.4	-23.33646	-45.14643	17.05833244	10.1833334	56.26151276	251.918396	25.29999924	7.199999809	18.09999847	19.98333359	13.86666679	20.10000038	13.86666679	1778	278	42	60.12615585	800	160	767	160	117
BR66	BR66	BRBac066	Hylodes phyllodes	11/12/22	Brazil	Santa Virginia	A4W	night	Adult	NA	27	1.74	9.00	44.00	9000.00	440	0.048888889	283	245	10	10	4	113200	84772	0.748869258	0.251130742	24551.70386	24695.92	24150.23776	24465.95387	24051.07326	22758.00729	22511.03567	23106.70541	0.944443267	6133	1135	6133	1135	91231.00	165522.00	82002.00	1.13E+05	1	FALSE	0	46.842	22.1	-23.33646	-45.14643	17.05833244	10.1833334	56.26151276	251.918396	25.29999924	7.199999809	18.09999847	19.98333359	13.86666679	20.10000038	13.86666679	1778	278	42	60.12615585	800	160	767	160	117
BR62	BR62	BRBac062	Hylodes phyllodes	11/12/22	Brazil	Santa Virginia	A3W	night	Adult	NA	25	1.47	13.00	39.00	13000.00	390	0.03	285	252	10	10	4	114000	95556	0.838210526	0.161789474	25994.52624	25888.7762	25931.31805	25938.20683	23961.76332	24437.68775	24728.56482	24376.0053	0.939772185	11545	5802	11545	5802	137289.00	84908.00	113243.00	1.12E+05	1	FALSE	0	23.916	21.8	-23.34067	-45.14935	17.05833244	10.1833334	56.26151276	251.918396	25.29999924	7.199999809	18.09999847	19.98333359	13.86666679	20.10000038	13.86666679	1778	278	42	60.12615585	800	160	767	160	117
BR67	BR67	BRBac067	Hylodes phyllodes	11/12/22	Brazil	Santa Virginia	A4W	night	Adult	Female	31	2.22	17.00	70.00	17000.00	700	0.041176471	285	238	10	10	4	114000	83716	0.734350877	0.265649123	23636.31111	24035.07109	24271.81515	23981.06578	21296.43904	23291.72202	23508.83456	22698.99854	0.946538354	4350	-364	4350	0	94844.00	114271.00	121403.00	1.10E+05	1	FALSE	0	47.004	21.6	-23.33646	-45.14643	17.05833244	10.1833334	56.26151276	251.918396	25.29999924	7.199999809	18.09999847	19.98333359	13.86666679	20.10000038	13.86666679	1778	278	42	60.12615585	800	160	767	160	117
BR69	BR69	BRBac069	Hylodes phyllodes	10/31/22	Brazil	Santa Virginia	Estrada	night	Adult	NA	28	1.52	12.00	20.00	12000.00	200	0.016666667	285	239	10	10	4	114000	96538	0.846824561	0.153175439	26067.0438	25821.10741	26418.06323	26102.07148	23793.82857	23803.83986	23824.69757	23807.45533	0.91209065	12148	3712	12148	3712	139487.00	174516.00	132831.00	1.49E+05	1	FALSE	0	131.73	22.4	-23.33646	-45.14643	17.05833244	10.1833334	56.26151276	251.918396	25.29999924	7.199999809	18.09999847	19.98333359	13.86666679	20.10000038	13.86666679	1778	278	42	60.12615585	800	160	767	160	117
BR1	BR1	BRBac001	Hylodes phyllodes	11/11/22	Brazil	Boraceia	B3W	day	Adult	NA	23	1.66	15.00	32.00	15000.00	320	0.021333333	287	250	10	10	4	114800	97059	0.845461672	0.154538328	26015.06222	26834.89632	26490.407	26446.78851	24264.52894	25562.63074	24662.31697	24829.82555	0.938859761	13415	7470	13415	7470	112847.00	161244.00	224513.00	1.66E+05	1	FALSE	0	38.61	20.9	-23.6575	-45.90628	17.14999962	8.733333588	53.25203323	252.9822235	24.70000076	8.300000191	16.40000153	20.10000038	14	20.23333359	14	2112	286	78	42.93177032	826	276	795	276	800
BR77	BR77	BRBac077	Hylodes phyllodes	11/9/22	Brazil	Santa Virginia	Pirapitinga	day	Adult	NA	30	1.72	14.00	16.00	14000.00	160	0.011428571	287	270	10	10	4	114800	87376	0.761114983	0.238885017	25391.89347	23892.84286	23877.13108	24387.28913	24675.87956	23381.48285	23255.85359	23771.072	0.974732036	5843	3578	5843	3578	88984.00	96070.00	106845.00	9.73E+04	1	FALSE	0	88.722	20.9	-23.33646	-45.14643	17.05833244	10.1833334	56.26151276	251.918396	25.29999924	7.199999809	18.09999847	19.98333359	13.86666679	20.10000038	13.86666679	1778	278	42	60.12615585	800	160	767	160	117
BR3	BR3	BRBac003	Hylodes phyllodes	11/11/22	Brazil	Boraceia	B3W	day	Adult	NA	31	2.74	11.00	51.00	11000.00	510	0.046363636	288	232	10	10	4	115200	87314	0.757934028	0.242065972	24272.28768	23510.03614	24309.10649	24030.47677	23691.52607	22371.82874	22568.16839	22877.1744	0.95200668	4532	292	4532	292	132251.00	116684.00	106224.00	1.18E+05	1	FALSE	0	29.7	21.3	-23.6575	-45.90628	17.14999962	8.733333588	53.25203323	252.9822235	24.70000076	8.300000191	16.40000153	20.10000038	14	20.23333359	14	2112	286	78	42.93177032	826	276	795	276	800
BR64	BR64	BRBac064	Hylodes phyllodes	11/12/22	Brazil	Santa Virginia	A2W	night	Adult	NA	30	1.71	19.00	33.00	19000.00	330	0.017368421	290	254	10	10	4	116000	97074	0.836844828	0.163155172	25557.39742	25094.52392	24330.86017	24994.2605	24051.42088	22395.35889	23084.55897	23177.11291	0.927297405	8075	1394	8075	1394	124254.00	102839.00	145597.00	1.24E+05	1	FALSE	0	46.764	22	-23.33646	-45.14643	17.05833244	10.1833334	56.26151276	251.918396	25.29999924	7.199999809	18.09999847	19.98333359	13.86666679	20.10000038	13.86666679	1778	278	42	60.12615585	800	160	767	160	117
BR35	BR35	BRBac035	Hylodes phyllodes	11/12/22	Brazil	Boraceia	B4T	night	Adult	Female	30	2.06	17.00	39.00	17000.00	390	0.022941176	291	226	10	10	4	116400	97462	0.837302405	0.162697595	25907.68138	25581.67206	24757.36417	25415.57254	23633.26627	22822.09884	22930.85359	23128.73957	0.91002237	9624	1216	9624	1216	76014.00	131204.00	117836.00	1.08E+05	1	FALSE	0	140.04	24.1	-23.64029	-45.84747	17.02499962	8.899999619	53.61445618	254.4646912	24.60000038	8	16.60000038	19.98333359	13.83333302	20.11666679	13.83333302	2038	286	71	45.60791016	817	250	783	250	800
BR76	BR76	BRBac076	Hylodes phyllodes	11/12/22	Brazil	Santa Virginia	A2W	night	Adult	NA	27	1.66	14.00	41.00	14000.00	410	0.029285714	294	252	10	10	4	117600	97613	0.830042517	0.169957483	26291.55297	25446.31779	25908.93826	25882.26967	24249.23284	24679.83203	25213.79378	24714.28622	0.954873222	11340	7046	11340	7046	102897.00	141747.00	105593.00	1.17E+05	1	FALSE	0	73.98	23.1	-23.33646	-45.14643	17.05833244	10.1833334	56.26151276	251.918396	25.29999924	7.199999809	18.09999847	19.98333359	13.86666679	20.10000038	13.86666679	1778	278	42	60.12615585	800	160	767	160	117
BR4	BR4	BRBac004	Hylodes phyllodes	11/11/22	Brazil	Boraceia	B3W	day	Adult	NA	25	1.12	15.00	34.00	15000.00	340	0.022666667	294	253	10	10	4	117600	99373	0.845008503	0.154991497	24487.69982	24684.77142	24783.35944	24651.94356	23064.45174	24432.8241	22733.9511	23410.40898	0.949637457	6816	2252	6816	2252	81482.00	88007.00	118094.00	9.59E+04	1	FALSE	0	30.132	20	-23.6575	-45.90628	17.14999962	8.733333588	53.25203323	252.9822235	24.70000076	8.300000191	16.40000153	20.10000038	14	20.23333359	14	2112	286	78	42.93177032	826	276	795	276	800
BR61	BR61	BRBac061	Hylodes phyllodes	11/12/22	Brazil	Santa Virginia	A3W	night	Adult	NA	28	1.56	16.00	35.00	16000.00	350	0.021875	295	259	10	10	4	118000	87135	0.738432203	0.261567797	24177.48695	23972.75091	25378.64641	24509.62809	23217.68656	22176.50101	23901.80909	23098.66555	0.942432315	6293	1106	6293	1106	125416.00	171941.00	168200.00	1.55E+05	1	FALSE	0	75.702	22.2	-23.34067	-45.14935	17.05833244	10.1833334	56.26151276	251.918396	25.29999924	7.199999809	18.09999847	19.98333359	13.86666679	20.10000038	13.86666679	1778	278	42	60.12615585	800	160	767	160	117
BR65	BR65	BRBac065	Hylodes phyllodes	11/12/22	Brazil	Santa Virginia	A2W	night	Adult	NA	28	1.61	19.00	45.00	19000.00	450	0.023684211	296	238	10	10	4	118400	92800	0.783783784	0.216216216	26134.93396	25982.23042	24980.07793	25699.08077	25775.44088	24371.00897	22879.99468	24342.14817	0.947199178	10666	5678	10666	5678	121965.00	196755.00	108753.00	1.42E+05	1	FALSE	0	71.202	23.7	-23.33646	-45.14643	17.05833244	10.1833334	56.26151276	251.918396	25.29999924	7.199999809	18.09999847	19.98333359	13.86666679	20.10000038	13.86666679	1778	278	42	60.12615585	800	160	767	160	117
BR34	BR34	BRBac034	Hylodes phyllodes	11/11/22	Brazil	Boraceia	B3W	night	Adult	NA	32	2.52	24.00	21.00	24000.00	210	0.00875	297	251	10	10	4	118800	90851	0.764739057	0.235260943	26298.90548	26135.80797	26497.43578	26310.71641	24068.18575	24900.90533	24721.19822	24563.42977	0.933590305	12915	6491	12915	6491	163589.00	134625.00	162480.00	1.54E+05	1	FALSE	0	51.87	24.8	-23.64029	-45.84747	17.02499962	8.899999619	53.61445618	254.4646912	24.60000038	8	16.60000038	19.98333359	13.83333302	20.11666679	13.83333302	2038	286	71	45.60791016	817	250	783	250	800
BR5	BR5	BRBac005	Hylodes phyllodes	11/11/22	Brazil	Boraceia	B3W	night	Adult	NA	29	2.02	22.00	29.00	22000.00	290	0.013181818	298	261	10	10	4	119200	101104	0.848187919	0.151812081	24189.55826	24477.29874	24049.31191	24238.72297	22256.51819	24193.56639	23428.6799	23292.92149	0.960979731	5297	1820	5297	1820	109151.00	122566.00	140032.00	1.24E+05	1	FALSE	0	38.628	21.1	-23.6575	-45.90628	17.14999962	8.733333588	53.25203323	252.9822235	24.70000076	8.300000191	16.40000153	20.10000038	14	20.23333359	14	2112	286	78	42.93177032	826	276	795	276	800
BR6	BR6	BRBac006	Hylodes phyllodes	11/11/22	Brazil	Boraceia	B3W	night	Adult	NA	26	1.35	22.00	52.00	22000.00	520	0.023636364	298	251	10	10	4	119200	99482	0.834580537	0.165419463	25501.46339	26278.72377	24774.36527	25518.18414	22790.36953	24485.90194	24037.68295	23771.31814	0.931544267	10001	3579	10001	3579	156391.00	153914.00	103219.00	1.38E+05	1	FALSE	0	30.216	24.2	-23.64673	-45.91349	17.26250076	8.741666794	53.62985611	251.1801605	24.70000076	8.399999619	16.30000114	20.18333244	14.11666679	20.31666756	14.11666679	2095	283	78	42.87940598	818	273	788	273	800
BR60	BR60	BRBac060	Hylodes phyllodes	11/9/22	Brazil	Santa Virginia	Pirapitinga	day	Adult	NA	30	1.83	23.00	27.00	23000.00	270	0.01173913	298	261	10	10	4	119200	93373	0.783330537	0.216669463	23281.55678	24105.47415	24325.28072	23904.10389	22139.7462	22469.57303	22764.05231	22457.79051	0.939495185	4067	-1251	4067	0	126949.00	115872.00	169791.00	1.38E+05	1	FALSE	0	61.17	20.3	-23.34067	-45.14935	17.05833244	10.1833334	56.26151276	251.918396	25.29999924	7.199999809	18.09999847	19.98333359	13.86666679	20.10000038	13.86666679	1778	278	42	60.12615585	800	160	767	160	117
BR32	BR32	BRBac032	Hylodes phyllodes	11/11/22	Brazil	Boraceia	B3W	night	Adult	NA	28	1.83	26.00	24.00	26000.00	240	0.009230769	300	243	10	10	4	120000	90626	0.755216667	0.244783333	24640.00525	25627.07627	25475.53912	25247.54022	22056.44834	23420.0139	23013.27725	22829.91316	0.904243066	9006	118	9006	118	142850.00	126965.00	204800.00	1.58E+05	1	FALSE	0	62.856	24	-23.64029	-45.84747	17.02499962	8.899999619	53.61445618	254.4646912	24.60000038	8	16.60000038	19.98333359	13.83333302	20.11666679	13.83333302	2038	286	71	45.60791016	817	250	783	250	800
BR31	BR31	BRBac031	Hylodes phyllodes	11/11/22	Brazil	Boraceia	B3W	night	Adult	NA	29	2.11	18.00	16.00	18000.00	160	0.008888889	300	232	10	10	4	120000	95306	0.794216667	0.205783333	24673.51611	24886.52254	24613.84924	24724.6293	22646.94814	22423.93671	22104.71717	22391.86734	0.905650276	7084	-1494	7084	0	133693.00	229219.00	96702.00	1.53E+05	1	FALSE	0	57.198	24.3	-23.64029	-45.84747	17.02499962	8.899999619	53.61445618	254.4646912	24.60000038	8	16.60000038	19.98333359	13.83333302	20.11666679	13.83333302	2038	286	71	45.60791016	817	250	783	250	800
BR8	BR8	BRBac008	Hylodes phyllodes	11/11/22	Brazil	Boraceia	B3W	day	Adult	Male	30	1.76	32.00	65.00	32000.00	650	0.0203125	301	243	10	10	4	120400	97098	0.806461794	0.193538206	25428.11926	24910.96719	24779.65958	25039.58201	23240.18697	22886.30091	23284.11086	23136.86625	0.92401168	8242	1246	8242	1246	132757.00	180377.00	137492.00	1.50E+05	1	FALSE	0	69.804	25.5	-23.64673	-45.91349	17.26250076	8.741666794	53.62985611	251.1801605	24.70000076	8.399999619	16.30000114	20.18333244	14.11666679	20.31666756	14.11666679	2095	283	78	42.87940598	818	273	788	273	800
BR72	BR72	BRBac072	Hylodes phyllodes	11/12/22	Brazil	Santa Virginia	A2W	night	Adult	NA	26	1.65	24.00	24.00	24000.00	240	0.01	301	247	10	10	4	120400	99992	0.830498339	0.169501661	24448.02082	23983.91484	24224.71135	24218.88234	22112.97781	22056.34708	22618.25132	22262.5254	0.919221833	5224	-1969	5224	0	108340.00	162648.00	130226.00	1.34E+05	1	FALSE	0	78.906	22.9	-23.33646	-45.14643	17.05833244	10.1833334	56.26151276	251.918396	25.29999924	7.199999809	18.09999847	19.98333359	13.86666679	20.10000038	13.86666679	1778	278	42	60.12615585	800	160	767	160	117
BR9	BR9	BRBac009	Hylodes phyllodes	11/11/22	Brazil	Boraceia	B3W	day	Adult	Male	27	1.91	29.00	29.00	29000.00	290	0.01	302	265	10	10	4	120800	100927	0.835488411	0.164511589	24502.08505	26083.38657	25118.65578	25234.70913	23006.11701	23823.54217	24188.03025	23672.56314	0.938095344	8959	3216	8959	3216	95776.00	152645.00	123586.00	1.24E+05	1	FALSE	0	41.004	24	-23.64673	-45.91349	17.26250076	8.741666794	53.62985611	251.1801605	24.70000076	8.399999619	16.30000114	20.18333244	14.11666679	20.31666756	14.11666679	2095	283	78	42.87940598	818	273	788	273	800
BR73	BR73	BRBac073	Hylodes phyllodes	11/12/22	Brazil	Santa Virginia	A2W	night	Adult	NA	25	1	27.00	29.00	27000.00	290	0.010740741	302	254	10	10	4	120800	101803	0.842740066	0.157259934	24798.21725	25255.06996	25091.91598	25048.40106	24514.65076	22583.31891	24252.62375	23783.53114	0.949502968	8274	3624	8274	3624	160891.00	103769.00	128224.00	1.31E+05	1	FALSE	0	83.274	21.6	-23.33646	-45.14643	17.05833244	10.1833334	56.26151276	251.918396	25.29999924	7.199999809	18.09999847	19.98333359	13.86666679	20.10000038	13.86666679	1778	278	42	60.12615585	800	160	767	160	117
BR70	BR70	BRBac070	Hylodes phyllodes	10/30/22	Brazil	Santa Virginia	A4W	night	Adult	NA	30	1.68	25.00	27.00	25000.00	270	0.0108	302	262	10	10	4	120800	96763	0.801018212	0.198981788	24368.4752	24786.04335	24857.71386	24670.74414	22277.79472	22103.88099	22518.37471	22300.01681	0.903905317	6886	-1831	6886	0	152761.00	126680.00	139657.00	1.40E+05	1	FALSE	0	175.464	22.5	-23.33646	-45.14643	17.05833244	10.1833334	56.26151276	251.918396	25.29999924	7.199999809	18.09999847	19.98333359	13.86666679	20.10000038	13.86666679	1778	278	42	60.12615585	800	160	767	160	117
N/A	N/A	BR_AMPs_143	Hylodes phyllodes	10/11/23	Brazil	Boraceia	t5	NA	Adult	N/A	25.65	1.66	29.00	201.00	29000.00	2010	0.069310345	314	378	10	10	4	125600	96165	0.765644904	0.234355096	24493.14841	24332.80095	24238.44598	24354.79844	23458.47053	24067.98373	22662.31641	23396.25689	0.9606426	5724	2200	5724	2200	125396.00	101787.00	142000.00	1.23E+05	1	FALSE	0	61.404	18.6	-23.64029	-45.84747	17.02499962	8.899999619	53.61445618	254.4646912	24.60000038	8	16.60000038	19.98333359	13.83333302	20.11666679	13.83333302	2038	286	71	45.60791016	817	250	783	250	800
N/A	N/A	BR_AMPs_156	Hylodes phyllodes	10/11/23	Brazil	Boraceia	t5	NA	Adult	N/A	27.55	1.75	41.00	151.00	41000.00	1510	0.036829268	344	229	10	10	4	137600	115275	0.83775436	0.16224564	25936.6284	25334.49035	24735.91623	25335.67833	24523.60299	22988.25116	22144.2301	23218.69475	0.916442593	9330	1547	9330	1547	128952.00	206055.00	160827.00	1.65E+05	1	FALSE	0	24.882	19.7	-23.64029	-45.84747	17.02499962	8.899999619	53.61445618	254.4646912	24.60000038	8	16.60000038	19.98333359	13.83333302	20.11666679	13.83333302	2038	286	71	45.60791016	817	250	783	250	800
N/A	N/A	BR_AMPs_158	Hylodes phyllodes	10/11/23	Brazil	Boraceia	t5	NA	Adult	N/A	26.6	1.53	34.00	49.00	34000.00	490	0.014411765	349	281	10	10	4	139600	117457	0.841382521	0.158617479	24986.54296	24181.89831	23366.87373	24178.43834	23561.43693	22480.07792	21775.10668	22605.54051	0.934946261	5076	-708	5076	0	227355.00	129698.00	210949.00	1.89E+05	1	FALSE	0	79.89	19.7	-23.64029	-45.84747	17.02499962	8.899999619	53.61445618	254.4646912	24.60000038	8	16.60000038	19.98333359	13.83333302	20.11666679	13.83333302	2038	286	71	45.60791016	817	250	783	250	800
N/A	N/A	BR_AMPs_160	Hylodes phyllodes	10/11/23	Brazil	Boraceia	t5	NA	Adult	N/A	28.5	1.63	95.00	153.00	95000.00	1530	0.016105263	353	318	10	10	4	141200	116818	0.827322946	0.172677054	25406.00174	25930.25479	24409.98435	25248.74696	24890.80806	23476.98277	24120.23073	24162.67385	0.956985069	9011	5018	9011	5018	198061.00	128681.00	159810.00	1.62E+05	1	FALSE	0	28.734	19.9	-23.64029	-45.84747	17.02499962	8.899999619	53.61445618	254.4646912	24.60000038	8	16.60000038	19.98333359	13.83333302	20.11666679	13.83333302	2038	286	71	45.60791016	817	250	783	250	800
N/A	N/A	BR_AMPs_157	Hylodes phyllodes	10/11/23	Brazil	Boraceia	t5	NA	Adult	N/A	25.65	1.58	45.00	135.00	45000.00	1350	0.03	355	332	10	10	4	142000	119605	0.842288732	0.157711268	25207.67928	25475.3046	24350.57888	25011.18758	24704.57952	24751.38083	22296.68075	23917.54703	0.956273945	8137	4116	8137	4116	164073.00	194520.00	132463.00	1.64E+05	1	FALSE	0	39.936	19.9	-23.64029	-45.84747	17.02499962	8.899999619	53.61445618	254.4646912	24.60000038	8	16.60000038	19.98333359	13.83333302	20.11666679	13.83333302	2038	286	71	45.60791016	817	250	783	250	800
N/A	N/A	BR_260_amp	Hylodes phyllodes	11/2/24	Brazil	Boraceia	t4	NA	Adult	N/A	29.45	2.03	35.00	119.00	35000.00	1190	0.034	373	363	10	10	4	149200	122422	0.820522788	0.179477212	25563.02231	24723.44534	25619.33096	25301.93287	24392.31678	22660.52116	23093.51032	23382.11609	0.924123711	9206	2148	9206	2148	204753.00	179311.00	167463.00	1.84E+05	1	FALSE	0	69.612	20.8	-23.64029	-45.84747	17.02499962	8.899999619	53.61445618	254.4646912	24.60000038	8	16.60000038	19.98333359	13.83333302	20.11666679	13.83333302	2038	286	71	45.60791016	817	250	783	250	800
N/A	N/A	BR_AMPs_141	Hylodes phyllodes	10/11/23	Brazil	Boraceia	t5	NA	Adult	N/A	29.45	2.11	30.00	47.00	30000.00	470	0.015666667	377	312	10	10	4	150800	124419	0.825059682	0.174940318	25277.4414	25042.00865	24774.97588	25031.47531	22905.47888	24512.99141	22607.95068	23342.14032	0.932511569	8212	2001	8212	2001	119352.00	196096.00	103164.00	1.40E+05	1	FALSE	0	240.798	21.1	-23.64029	-45.84747	17.02499962	8.899999619	53.61445618	254.4646912	24.60000038	8	16.60000038	19.98333359	13.83333302	20.11666679	13.83333302	2038	286	71	45.60791016	817	250	783	250	800
N/A	N/A	BR_267_amp	Hylodes phyllodes	11/2/24	Brazil	Boraceia	t6	NA	Adult	N/A	36.1	5.13	38.00	623.00	38000.00	6230	0.163947368	383	260	10	10	4	153200	124453	0.812356397	0.187643603	24389.07459	24379.1614	24687.34731	24485.19443	21728.70714	23670.98595	23357.2493	22918.9808	0.936034258	6203	445	6203	445	174314.00	277104.00	177255.00	2.10E+05	1	FALSE	0	44.07	21.5	-23.64029	-45.84747	17.02499962	8.899999619	53.61445618	254.4646912	24.60000038	8	16.60000038	19.98333359	13.83333302	20.11666679	13.83333302	2038	286	71	45.60791016	817	250	783	250	800
N/A	N/A	BR_269_amp	Hylodes phyllodes	11/2/24	Brazil	Boraceia	t6	NA	Adult	N/A	28.5	1.94	60.00	519.00	60000.00	5190	0.0865	386	280	10	10	4	154400	115345	0.747053109	0.252946891	25528.39262	25399.83001	24892.65077	25273.62447	22979.30997	24270.1522	23457.3179	23568.92669	0.932550324	9102	2835	9102	2835	172013.00	154781.00	147999.00	1.58E+05	1	FALSE	0	304.32	21.6	-23.64029	-45.84747	17.02499962	8.899999619	53.61445618	254.4646912	24.60000038	8	16.60000038	19.98333359	13.83333302	20.11666679	13.83333302	2038	286	71	45.60791016	817	250	783	250	800
N/A	N/A	BR_252_amp	Hylodes phyllodes	11/2/24	Brazil	Boraceia	t4	NA	Adult	N/A	19.95	0.76	82.00	372.00	82000.00	3720	0.045365854	393	228	10	10	4	157200	120074	0.763829517	0.236170483	26084.20931	25032.00816	24792.81359	25303.01035	23228.14903	22496.23259	24198.1324	23307.50468	0.921135641	9210	1874	9210	1874	125698.00	153176.00	191235.00	1.57E+05	1	FALSE	0	67.044	21.9	-23.64029	-45.84747	17.02499962	8.899999619	53.61445618	254.4646912	24.60000038	8	16.60000038	19.98333359	13.83333302	20.11666679	13.83333302	2038	286	71	45.60791016	817	250	783	250	800
N/A	N/A	BR_AMPs_152	Hylodes phyllodes	10/11/23	Brazil	Boraceia	t5	NA	Adult	N/A	23.75	0.95	45.00	515.00	45000.00	5150	0.114444444	393	351	10	10	4	157200	117864	0.749770992	0.250229008	27437.44254	27528.19846	28047.43176	27671.02425	24860.54003	25624.49474	26989.52275	25824.8525	0.933281409	17916	11129	17916	11129	167371.00	151540.00	182976.00	1.67E+05	1	FALSE	0	28.548	22.1	-23.64029	-45.84747	17.02499962	8.899999619	53.61445618	254.4646912	24.60000038	8	16.60000038	19.98333359	13.83333302	20.11666679	13.83333302	2038	286	71	45.60791016	817	250	783	250	800
N/A	N/A	BR_266_amp	Hylodes phyllodes	11/2/24	Brazil	Boraceia	t6	NA	Adult	N/A	26.6	1.45	64.00	436.00	64000.00	4360	0.068125	393	339	10	10	4	157200	130768	0.831857506	0.168142494	24479.46369	26090.47116	25246.69205	25272.20897	23129.99357	24192.88123	22640.39615	23321.09032	0.92279588	9097	1924	9097	1924	170715.00	287898.00	121509.00	1.93E+05	1	FALSE	0	38.892	22.1	-23.64029	-45.84747	17.02499962	8.899999619	53.61445618	254.4646912	24.60000038	8	16.60000038	19.98333359	13.83333302	20.11666679	13.83333302	2038	286	71	45.60791016	817	250	783	250	800
N/A	N/A	BR_270_amp	Hylodes phyllodes	11/2/24	Brazil	Boraceia	t6	NA	Adult	N/A	26.6	1.77	58.00	281.00	58000.00	2810	0.048448276	397	344	10	10	4	158800	126194	0.794672544	0.205327456	24730.92461	25210.57165	26212.97476	25384.82368	22565.16164	23687.53984	23543.77398	23265.49182	0.916511855	9511	1719	9511	1719	140703.00	208609.00	165122.00	1.71E+05	1	FALSE	0	269.802	22.2	-23.64029	-45.84747	17.02499962	8.899999619	53.61445618	254.4646912	24.60000038	8	16.60000038	19.98333359	13.83333302	20.11666679	13.83333302	2038	286	71	45.60791016	817	250	783	250	800
N/A	N/A	BR_265_amp	Hylodes phyllodes	11/2/24	Brazil	Boraceia	t6	NA	Adult	N/A	26.6	1.52	43.00	45.00	43000.00	450	0.010465116	399	243	10	10	4	159600	131462	0.823696742	0.176303258	24608.65232	23986.87652	24615.57647	24403.70177	23654.27765	21542.72466	23035.99651	22744.33294	0.932003397	5904	-198	5904	0	114952.00	175903.00	195911.00	1.62E+05	1	FALSE	0	23.922	2.23E+01	-23.64029	-45.84747	17.02499962	8.899999619	53.61445618	254.4646912	24.60000038	8	16.60000038	19.98333359	13.83333302	20.11666679	13.83333302	2038	286	71	45.60791016	817	250	783	250	800
N/A	N/A	BR_257_amp	Hylodes phyllodes	11/2/24	Brazil	Boraceia	t4	NA	Adult	N/A	22.8	1.28	69.00	365.00	69000.00	3650	0.052898551	402	388	10	10	4	160800	136315	0.8477301	0.1522699	24319.15673	24782.72718	25359.10205	24820.32865	22435.39412	23749.92875	22989.99017	23058.43768	0.929014196	7436	958	7436	958	152796.00	181064.00	176123.00	1.70E+05	1	FALSE	0	123.486	22.4	-23.64029	-45.84747	17.02499962	8.899999619	53.61445618	254.4646912	24.60000038	8	16.60000038	19.98333359	13.83333302	20.11666679	13.83333302	2038	286	71	45.60791016	817	250	783	250	800
N/A	N/A	BR_256_amp	Hylodes phyllodes	11/2/24	Brazil	Boraceia	t4	NA	Adult	N/A	19	0.7	69.00	210.00	69000.00	2100	0.030434783	405	287	10	10	4	162000	127047	0.784240741	0.215759259	25353.95451	24656.22765	24237.40905	24749.19707	24457.67043	22131.75259	23863.42133	23484.28145	0.94889064	7174	2524	7174	2524	108262.00	135543.00	196637.00	1.47E+05	1	FALSE	0	75.696	22.5	-23.64029	-45.84747	17.02499962	8.899999619	53.61445618	254.4646912	24.60000038	8	16.60000038	19.98333359	13.83333302	20.11666679	13.83333302	2038	286	71	45.60791016	817	250	783	250	800
N/A	N/A	BR_255_amp	Hylodes phyllodes	11/2/24	Brazil	Boraceia	t4	NA	Adult	N/A	23.75	1.33	50.00	57.00	50000.00	570	0.0114	411	364	10	10	4	164400	133253	0.810541363	0.189458637	24989.95346	25101.05838	24929.83579	25006.94921	24363.26393	23582.81215	23855.41556	23933.83054	0.957087182	8122	4176	8122	4176	130170.00	109473.00	223906.00	1.55E+05	1	FALSE	0	62.202	22.9	-23.64029	-45.84747	17.02499962	8.899999619	53.61445618	254.4646912	24.60000038	8	16.60000038	19.98333359	13.83333302	20.11666679	13.83333302	2038	286	71	45.60791016	817	250	783	250	800
N/A	N/A	BR_262_amp	Hylodes phyllodes	11/2/24	Brazil	Boraceia	t4	NA	Adult	N/A	19	0.75	29.00	429.00	29000.00	4290	0.147931034	414	379	10	10	4	165600	139258	0.840929952	0.159070048	26194.865	26208.26653	26465.31936	26289.48363	25036.03794	24584.89132	24777.6142	24799.51449	0.943324519	12837	7359	12837	7359	167237.00	191257.00	173462.00	1.77E+05	1	FALSE	0	100.212	23.2	-23.64029	-45.84747	17.02499962	8.899999619	53.61445618	254.4646912	24.60000038	8	16.60000038	19.98333359	13.83333302	20.11666679	13.83333302	2038	286	71	45.60791016	817	250	783	250	800
N/A	N/A	BR_251_amp	Hylodes phyllodes	11/2/24	Brazil	Boraceia	t4	NA	Adult	N/A	30.4	2.92	43.00	174.00	43000.00	1740	0.040465116	423	246	10	10	4	169200	131849	0.779249409	0.220750591	25273.82339	26153.30849	24075.8271	25167.65299	22730.45477	25433.25813	22994.75858	23719.49049	0.942459374	8712	3388	8712	3388	146355.00	113056.00	201513.00	1.54E+05	1	FALSE	0	11.4	24	-23.64029	-45.84747	17.02499962	8.899999619	53.61445618	254.4646912	24.60000038	8	16.60000038	19.98333359	13.83333302	20.11666679	13.83333302	2038	286	71	45.60791016	817	250	783	250	800
BR21	BR21	BRBac021	Ischnocnema henselii	11/11/22	Brazil	Boraceia	B3T	night	Adult	NA	23	0.97	21.00	74.00	21000.00	740	0.035238095	270.75	243	10	10	4	108300	82035	0.757479224	0.242520776	24423.59343	24500.8826	22841.14488	23921.87364	22635.09228	22657.94877	21574.44778	22289.16294	0.93174821	4132	-1871	4132	0	148123.00	94130.00	87934.00	1.10E+05	1	FALSE	0	29.082	21.6	-23.64029	-45.84747	17.02499962	8.899999619	53.61445618	254.4646912	24.60000038	8	16.60000038	19.98333359	13.83333302	20.11666679	13.83333302	2038	286	71	45.60791016	817	250	783	250	800
BR26	BR26	BRBac026	Ischnocnema henselii	11/12/22	Brazil	Boraceia	B4T	night	Adult	NA	23	1.26	13.00	21.00	13000.00	210	0.016153846	273.6	246	10	10	4	109440	86770	0.792854532	0.207145468	24462.3842	24448.00757	23929.97215	24280.12131	22420.27016	23416.34114	21446.69458	22427.76863	0.923709085	5449	-1362	5449	0	116430.00	148118.00	90813.00	1.18E+05	1	FALSE	0	47.634	24.1	-23.64029	-45.84747	17.02499962	8.899999619	53.61445618	254.4646912	24.60000038	8	16.60000038	19.98333359	13.83333302	20.11666679	13.83333302	2038	286	71	45.60791016	817	250	783	250	800
BR25	BR25	BRBac025	Ischnocnema henselii	11/11/22	Brazil	Boraceia	B3T	night	Adult	Female	36	4.81	13.00	21.00	13000.00	210	0.016153846	275.5	225	10	10	4	110200	85074	0.77199637	0.22800363	25279.50766	25113.12808	26544.55122	25645.72899	23115.55562	23771.41392	24985.06587	23957.34513	0.934165106	10470	4263	10470	4263	108604.00	129009.00	80195.00	1.06E+05	1	FALSE	0	194.478	21	-23.64029	-45.84747	17.02499962	8.899999619	53.61445618	254.4646912	24.60000038	8	16.60000038	19.98333359	13.83333302	20.11666679	13.83333302	2038	286	71	45.60791016	817	250	783	250	800
BR56	BR56	BRBac056	Ischnocnema henselii	11/9/22	Brazil	Santa Virginia	Olho_de_agua	night	Subadult	NA	19	0.47	13.00	46.00	13000.00	460	0.035384615	276.45	231	10	10	4	110580	93542	0.845921505	0.154078495	23673.71411	23975.97987	24482.92728	24044.20709	22000.21388	23445.22357	22914.15893	22786.53213	0.947693224	4582	-43	4582	0	86787.00	121603.00	81684.00	9.67E+04	1	FALSE	0	19.152	22	-23.34122	-45.11756	16.85416603	10.17500019	55.90658951	252.7886047	25.20000076	7	18.20000076	19.79999924	13.66666698	19.91666603	13.66666698	1775	278	41	60.30778122	800	159	765	159	117
BR7	BR7	BRBac007	Ischnocnema henselii	11/11/22	Brazil	Boraceia	B3W	night	Adult	NA	25	1.39	18.00	63.00	18000.00	630	0.035	276.45	226	10	10	4	110580	93592	0.846373666	0.153626334	25210.3656	25753.25598	25619.90766	25527.84308	24028.34893	24616.12569	24816.1553	24486.87664	0.959222311	10037	6210	10037	6210	121754.00	135911.00	75485.00	1.11E+05	1	FALSE	0	49.302	23.9	-23.64673	-45.91349	17.26250076	8.741666794	53.62985611	251.1801605	24.70000076	8.399999619	16.30000114	20.18333244	14.11666679	20.31666756	14.11666679	2095	283	78	42.87940598	818	273	788	273	800
BR10	BR10	BRBac010	Ischnocnema henselii	11/27/22	Brazil	Boraceia	B3T	night	Adult	NA	26	1.63	14.00	65.00	14000.00	650	0.046428571	276.45	251	10	10	4	110580	92338	0.83503346	0.16496654	24282.97292	25043.1209	23922.92434	24416.33938	23541.88403	24418.49971	21773.12371	23244.50248	0.952006037	5950	1642	5950	1642	112818.00	82531.00	87363.00	9.42E+04	1	FALSE	0	108.498	23.1	-23.64673	-45.91349	17.26250076	8.741666794	53.62985611	251.1801605	24.70000076	8.399999619	16.30000114	20.18333244	14.11666679	20.31666756	14.11666679	2095	283	78	42.87940598	818	273	788	273	800
BR49	BR49	BRBac049	Ischnocnema henselii	10/31/22	Brazil	Santa Virginia	Olho_de_agua	night	Adult	NA	36	4.03	17.00	24.00	17000.00	240	0.014117647	277.4	239	10	10	4	110960	93662	0.844105984	0.155894016	25404.3678	25392.95063	24941.62678	25246.31507	23886.8051	24802.04194	22843.09027	23843.9791	0.944453836	9002	3846	9002	3846	147930.00	98286.00	115194.00	1.20E+05	1	FALSE	0	407.364	20.3	-23.34332	-45.14438	17.10833359	10.10000038	56.1111145	252.125824	25.29999924	7.300000191	18	20.04999924	13.91666603	20.14999962	13.91666603	1790	279	43	59.7257576	803	163	770	163	117
BR51	BR51	BRBac051	Ischnocnema henselii	10/31/22	Brazil	Santa Virginia	Olho_de_agua	night	Subadult	NA	20	0.73	11.00	68.00	11000.00	680	0.061818182	278.35	251	10	10	4	111340	93478	0.839572481	0.160427519	25146.31451	24357.69121	25445.26151	24983.08908	23830.92057	23403.75384	23065.38237	23433.35226	0.937968567	8034	2336	8034	2336	98048.00	100487.00	158135.00	1.19E+05	1	FALSE	0	52.5	22.1	-23.34122	-45.11756	16.85416603	10.17500019	55.90658951	252.7886047	25.20000076	7	18.20000076	19.79999924	13.66666698	19.91666603	13.66666698	1775	278	41	60.30778122	800	159	765	159	117
BR28	BR28	BRBac028	Ischnocnema henselii	11/12/22	Brazil	Boraceia	B4T	night	Adult	NA	20	0.66	17.00	27.00	17000.00	270	0.015882353	280.25	273	10	10	4	112100	86795	0.77426405	0.22573595	26015.55615	25663.49735	25589.41341	25756.15564	23661.78047	24630.46834	24711.06065	24334.43649	0.944800801	10876	5649	10876	5649	108839.00	137924.00	123434.00	1.23E+05	1	FALSE	0	29.178	23.9	-23.64029	-45.84747	17.02499962	8.899999619	53.61445618	254.4646912	24.60000038	8	16.60000038	19.98333359	13.83333302	20.11666679	13.83333302	2038	286	71	45.60791016	817	250	783	250	800
BR11	BR11	BRBac011	Ischnocnema henselii	11/27/22	Brazil	Boraceia	B3T	night	Adult	NA	26	1.42	14.00	55.00	14000.00	550	0.039285714	281.2	241	10	10	4	112480	95506	0.849093172	0.150906828	25670.58898	24727.36932	26244.98109	25547.64646	24701.40132	23689.1679	24721.16038	24370.57653	0.953926483	10109	5782	10109	5782	89459.00	168092.00	102398.00	1.20E+05	1	FALSE	0	148.398	20.8	-23.64673	-45.91349	17.26250076	8.741666794	53.62985611	251.1801605	24.70000076	8.399999619	16.30000114	20.18333244	14.11666679	20.31666756	14.11666679	2095	283	78	42.87940598	818	273	788	273	800
BR54	BR54	BRBac054	Ischnocnema henselii	11/9/22	Brazil	Santa Virginia	Olho_de_agua	night	Subadult	NA	19	0.58	14.00	63.00	14000.00	630	0.045	281.2	239	10	10	4	112480	92037	0.818252134	0.181747866	22568.9553	24458.14818	23715.42873	23580.84407	20720.0441	23280.76076	21592.6163	21864.47372	0.927213362	2879	-3433	2879	0	106607.00	114576.00	121059.00	1.14E+05	1	FALSE	0	28.344	21.3	-23.34122	-45.11756	16.85416603	10.17500019	55.90658951	252.7886047	25.20000076	7	18.20000076	19.79999924	13.66666698	19.91666603	13.66666698	1775	278	41	60.30778122	800	159	765	159	117
BR46	BR46	BRBac046	Ischnocnema henselii	10/31/22	Brazil	Santa Virginia	Olho_de_agua	night	Adult	NA	26	1.6	16.00	32.00	16000.00	320	0.02	283.1	236	10	10	4	113240	95176	0.840480396	0.159519604	25027.09944	24802.99646	25275.02406	25035.03999	22334.97432	23941.62966	24713.48905	23663.36434	0.945209768	8225	3182	8225	3182	101899.00	123339.00	116426.00	1.14E+05	1	FALSE	0	52.458	21.8	-23.34332	-45.14438	17.10833359	10.10000038	56.1111145	252.125824	25.29999924	7.300000191	18	20.04999924	13.91666603	20.14999962	13.91666603	1790	279	43	59.7257576	803	163	770	163	117
BR22	BR22	BRBac022	Ischnocnema henselii	11/11/22	Brazil	Boraceia	B3T	night	Adult	NA	24	1.19	20.00	68.00	20000.00	680	0.034	283.1	231	10	10	4	113240	95946	0.847280113	0.152719887	24489.79065	25060.25894	24565.72182	24705.25714	23376.66182	22701.09896	24024.24874	23367.33651	0.945844699	7012	2094	7012	2094	102889.00	158094.00	115739.00	1.26E+05	1	FALSE	0	48.096	21.3	-23.64029	-45.84747	17.02499962	8.899999619	53.61445618	254.4646912	24.60000038	8	16.60000038	19.98333359	13.83333302	20.11666679	13.83333302	2038	286	71	45.60791016	817	250	783	250	800
BR41	BR41	BRBac041	Ischnocnema henselii	10/31/22	Brazil	Santa Virginia	Olho_de_agua	night	Adult	NA	24	1.34	14.00	62.00	14000.00	620	0.044285714	283.1	261	10	10	4	113240	89218	0.787866478	0.212133522	25592.33488	25335.37789	25488.71119	25472.14132	23230.44563	24780.20568	24903.94516	24304.86549	0.954174413	9832	5540	9832	5540	138480.00	126456.00	110992.00	1.25E+05	1	FALSE	0	72.906	22.4	-23.34394	-45.12866	16.94583321	10.14166641	56.03130341	252.6087494	25.20000076	7.099999905	18.10000038	19.88333321	13.75	20	13.75	1785	279	43	59.89416885	802	162	768	162	117
BR57	BR57	BRBac057	Ischnocnema henselii	10/31/22	Brazil	Santa Virginia	A4W	night	Adult	NA	27	1.97	19.00	53.00	19000.00	530	0.027894737	284.05	268	10	10	4	113620	84829	0.746602711	0.253397289	25249.34405	24963.14472	24785.72033	24999.40303	24880.52329	22290.20922	23177.72031	23449.48427	0.938001769	8094	2396	8094	2396	144231.00	133914.00	162474.00	1.47E+05	1	FALSE	0	122.898	22.8	-23.34067	-45.14935	17.05833244	10.1833334	56.26151276	251.918396	25.29999924	7.199999809	18.09999847	19.98333359	13.86666679	20.10000038	13.86666679	1778	278	42	60.12615585	800	160	767	160	117
BR50	BR50	BRBac050	Ischnocnema henselii	10/31/22	Brazil	Santa Virginia	Olho_de_agua	night	Adult	NA	34	3.38	19.00	62.00	19000.00	620	0.032631579	285	274	10	10	4	114000	88059	0.772447368	0.227552632	25297.64897	25462.22285	25018.55216	25259.47466	24829.2994	24764.09135	24730.81293	24774.73456	0.980809573	9050	7268	9050	7268	134783.00	119118.00	122725.00	1.26E+05	1	FALSE	0	50.028	21.1	-23.34321	-45.1443	17.10833359	10.10000038	56.1111145	252.125824	25.29999924	7.300000191	18	20.04999924	13.91666603	20.14999962	13.91666603	1790	279	43	59.7257576	803	163	770	163	117
BR53	BR53	BRBac053	Ischnocnema henselii	10/31/22	Brazil	Santa Virginia	Olho_de_agua	night	Subadult	NA	21	0.79	28.00	16.00	28000.00	160	0.005714286	288	232	10	10	4	115200	92121	0.799661458	0.200338542	25137.27964	25624.35463	25037.24561	25266.29329	23302.65715	23135.89634	24216.05519	23551.53623	0.932132623	9075	2771	9075	2771	132757.00	150206.00	112963.00	1.32E+05	1	FALSE	0	44.97	20.5	-23.34122	-45.11756	16.85416603	10.17500019	55.90658951	252.7886047	25.20000076	7	18.20000076	19.79999924	13.66666698	19.91666603	13.66666698	1775	278	41	60.30778122	800	159	765	159	117
BR23	BR23	BRBac023	Ischnocnema henselii	11/11/22	Brazil	Boraceia	B3T	night	Subadult	NA	17	0.41	26.00	72.00	26000.00	720	0.027692308	290	253	10	10	4	116000	97969	0.844560345	0.155439655	24962.50674	24854.22287	25217.55349	25011.4277	24533.94684	23968.19034	22608.05263	23703.3966	0.947702662	8138	3329	8138	3329	172998.00	93327.00	124888.00	1.30E+05	1	FALSE	0	36.948	20.4	-23.64029	-45.84747	17.02499962	8.899999619	53.61445618	254.4646912	24.60000038	8	16.60000038	19.98333359	13.83333302	20.11666679	13.83333302	2038	286	71	45.60791016	817	250	783	250	800
BR52	BR52	BRBac052	Ischnocnema henselii	10/31/22	Brazil	Santa Virginia	Olho_de_agua	night	Adult	NA	32	3.07	24.00	56.00	24000.00	560	0.023333333	291	246	10	10	4	116400	98148	0.843195876	0.156804124	25470.54522	25144.99303	23717.37088	24777.63638	23759.39362	22783.27445	22208.78334	22917.15047	0.924912696	7279	439	7279	439	137837.00	111847.00	130488.00	1.27E+05	1	FALSE	0	215.16	21.8	-23.34122	-45.11756	16.85416603	10.17500019	55.90658951	252.7886047	25.20000076	7	18.20000076	19.79999924	13.66666698	19.91666603	13.66666698	1775	278	41	60.30778122	800	159	765	159	117
BR79	BR79	BRBac079	Ischnocnema henselii	11/9/22	Brazil	Santa Virginia	Olho_de_agua	day	Adult	NA	38	5.4	24.00	32.00	24000.00	320	0.013333333	291	256	10	10	4	116400	83631	0.718479381	0.281520619	23881.05952	24208.43871	24533.89353	24207.79725	23562.6171	23525.68091	24065.83641	23718.04481	0.979768814	5184	3383	5184	3383	143230.00	143709.00	97468.00	1.28E+05	1	FALSE	0	78.702	19.5	-23.33646	-45.14643	17.05833244	10.1833334	56.26151276	251.918396	25.29999924	7.199999809	18.09999847	19.98333359	13.86666679	20.10000038	13.86666679	1778	278	42	60.12615585	800	160	767	160	117
BR44	BR44	BRBac044	Ischnocnema henselii	10/31/22	Brazil	Santa Virginia	Olho_de_agua	night	Subadult	NA	22	0.94	22.00	59.00	22000.00	590	0.026818182	291	271	10	10	4	116400	95034	0.816443299	0.183556701	24844.37253	24916.3051	24518.73345	24759.80369	24230.74002	23439.93363	23042.24599	23570.97321	0.951985464	7213	2842	7213	2842	118914.00	129663.00	121780.00	1.23E+05	1	FALSE	0	53.76	23.3	-23.34332	-45.14438	17.10833359	10.10000038	56.1111145	252.125824	25.29999924	7.300000191	18	20.04999924	13.91666603	20.14999962	13.91666603	1790	279	43	59.7257576	803	163	770	163	117
BR43	BR43	BRBac043	Ischnocnema henselii	10/31/22	Brazil	Santa Virginia	Olho_de_agua	night	Subadult	NA	14	0.68	39.00	35.00	39000.00	350	0.008974359	292	259	10	10	4	116800	93453	0.800111301	0.199888699	23655.03938	23440.8137	23628.71937	23574.85748	21749.50506	20877.29319	21278.78109	21301.85978	0.90358382	2857	-5501	2857	0	135679.00	166258.00	133350.00	1.45E+05	1	FALSE	0	46.842	21.4	-23.34332	-45.14438	17.10833359	10.10000038	56.1111145	252.125824	25.29999924	7.300000191	18	20.04999924	13.91666603	20.14999962	13.91666603	1790	279	43	59.7257576	803	163	770	163	117
BR58	BR58	BRBac058	Ischnocnema henselii	10/31/22	Brazil	Santa Virginia	A4W	night	Adult	Female	28	1.86	20.00	73.00	20000.00	730	0.0365	293	262	10	10	4	117200	90053	0.768370307	0.231629693	26087.7969	25086.27656	26877.16703	26017.08016	24222.77437	23046.85793	25685.91752	24318.51661	0.934713521	11835	5591	11835	5591	114808.00	164052.00	160657.00	1.47E+05	1	FALSE	0	124.554	22.7	-23.34067	-45.14935	17.05833244	10.1833334	56.26151276	251.918396	25.29999924	7.199999809	18.09999847	19.98333359	13.86666679	20.10000038	13.86666679	1778	278	42	60.12615585	800	160	767	160	117
BR12	BR12	BRBac012	Ischnocnema henselii	11/27/22	Brazil	Boraceia	B3T	night	Adult	NA	26	1.91	22.00	29.00	22000.00	290	0.013181818	295	261	10	10	4	118000	90400	0.766101695	0.233898305	26601.33095	26447.09006	25925.49311	26324.63804	25939.32137	25169.50233	25205.03185	25437.95185	0.966317251	12966	9706	12966	9706	133623.00	102600.00	171456.00	1.36E+05	1	FALSE	0	47.856	20.7	-23.64029	-45.84747	17.02499962	8.899999619	53.61445618	254.4646912	24.60000038	8	16.60000038	19.98333359	13.83333302	20.11666679	13.83333302	2038	286	71	45.60791016	817	250	783	250	800
BR55	BR55	BRBac055	Ischnocnema henselii	11/9/22	Brazil	Santa Virginia	Olho_de_agua	night	Subadult	NA	18	0.52	44.00	29.00	44000.00	290	0.006590909	295	263	10	10	4	118000	92915	0.787415254	0.212584746	25987.01894	25349.04509	25697.86891	25677.97764	23952.03267	25047.86339	23848.70168	24282.86591	0.945668941	10589	5460	10589	5460	95233.00	131012.00	157673.00	1.28E+05	1	FALSE	0	55.236	21.5	-23.34122	-45.11756	16.85416603	10.17500019	55.90658951	252.7886047	25.20000076	7	18.20000076	19.79999924	13.66666698	19.91666603	13.66666698	1775	278	41	60.30778122	800	159	765	159	117
BR18	BR18	BRBac018	Ischnocnema henselii	11/29/22	Brazil	Boraceia	B3T	night	Adult	NA	26	1.65	27.00	25.00	27000.00	250	0.009259259	296	259	10	10	4	118400	100479	0.848640203	0.151359797	25219.35427	23891.28205	24513.94866	24541.52833	22872.67506	22772.72454	23718.74522	23121.38161	0.942132914	6411	1189	6411	1189	122693.00	155744.00	117302.00	1.32E+05	1	FALSE	0	60.066	21.7	-23.64029	-45.84747	17.02499962	8.899999619	53.61445618	254.4646912	24.60000038	8	16.60000038	19.98333359	13.83333302	20.11666679	13.83333302	2038	286	71	45.60791016	817	250	783	250	800
BR14	BR14	BRBac014	Ischnocnema henselii	11/27/22	Brazil	Boraceia	B3T	night	Subadult	NA	19	0.56	29.00	52.00	29000.00	520	0.017931034	298	250	10	10	4	119200	94887	0.796031879	0.203968121	24197.18261	24794.61987	24964.69322	24652.16524	23219.68853	23406.08491	23525.05334	23383.60893	0.948541789	6817	2153	6817	2153	157766.00	117077.00	160458.00	1.45E+05	1	FALSE	0	27.732	21.5	-23.64029	-45.84747	17.02499962	8.899999619	53.61445618	254.4646912	24.60000038	8	16.60000038	19.98333359	13.83333302	20.11666679	13.83333302	2038	286	71	45.60791016	817	250	783	250	800
BR80	BR80	BRBac080	Ischnocnema henselii	10/31/22	Brazil	Santa Virginia	Alojamento	night	Adult	NA	28	1.59	45.00	55.00	45000.00	550	0.012222222	299	266	10	10	4	119600	96778	0.809180602	0.190819398	25342.01668	25428.55929	25776.11205	25515.56267	22800.65968	22903.45412	24984.41016	23562.84132	0.923469399	9992	2812	9992	2812	184158.00	146991.00	157919.00	1.63E+05	1	FALSE	0	41.646	22.3	-23.33646	-45.14643	17.05833244	10.1833334	56.26151276	251.918396	25.29999924	7.199999809	18.09999847	19.98333359	13.86666679	20.10000038	13.86666679	1778	278	42	60.12615585	800	160	767	160	117
BR19	BR19	BRBac019	Ischnocnema henselii	11/29/22	Brazil	Boraceia	B3T	night	Adult	NA	25	1.45	41.00	23.00	41000.00	230	0.005609756	299	259	10	10	4	119600	100033	0.836396321	0.163603679	24421.7465	23665.22382	24522.99493	24203.32175	23237.30944	22863.03877	23241.8974	23114.08187	0.954996265	5167	1163	5167	1163	131645.00	154141.00	149762.00	1.45E+05	1	FALSE	0	66.054	20.4	-23.64029	-45.84747	17.02499962	8.899999619	53.61445618	254.4646912	24.60000038	8	16.60000038	19.98333359	13.83333302	20.11666679	13.83333302	2038	286	71	45.60791016	817	250	783	250	800
BR17	BR17	BRBac017	Ischnocnema henselii	11/29/22	Brazil	Boraceia	B3T	night	Subadult	NA	21	0.72	36.00	11.00	36000.00	110	0.003055556	300	250	10	10	4	120000	96286	0.802383333	0.197616667	23214.96108	23027.59004	22762.91714	23001.82275	20986.51985	22712.09364	22075.28165	21924.63172	0.953169318	750	-3211	750	0	155468.00	164441.00	140780.00	1.54E+05	1	FALSE	0	65.16	20.75	-23.64029	-45.84747	17.02499962	8.899999619	53.61445618	254.4646912	24.60000038	8	16.60000038	19.98333359	13.83333302	20.11666679	13.83333302	2038	286	71	45.60791016	817	250	783	250	800
		BR_AMPs_137	Ischnocnema henselii	10/10/23	Brazil	Boraceia	t6	NA	Adult	N/A	18.05	0.67	44.00	594.00	44000.00	5940	0.135	300	345	10	10	4	120000	102000	0.85	0.15	24437.96789	24500.62994	24766.28289	24568.29357	22628.31474	23490.924	24006.60527	23375.28134	0.951440981	6509	2123	6509	2123	120469.00	144945.00	113964.00	1.26E+05	1	FALSE	0	NA	16.5	-23.64029	-45.84747	17.02499962	8.899999619	53.61445618	254.4646912	24.60000038	8	16.60000038	19.98333359	13.83333302	20.11666679	13.83333302	2038	286	71	45.60791016	817	250	783	250	800
		BR_AMPs_133	Ischnocnema henselii	10/10/23	Brazil	Boraceia	t6	NA	Adult	N/A	27.08	1.6	31.00	335.00	31000.00	3350	0.108064516	311	238	10	10	4	124400	105684	0.849549839	0.150450161	24793.92169	25661.17406	24585.99235	25013.69603	22794.51962	23012.52277	22660.32321	22822.4552	0.912398359	8146	90	8146	90	159265.00	207628.00	178321.00	1.82E+05	1	FALSE	0	NA	16.7	-23.64029	-45.84747	17.02499962	8.899999619	53.61445618	254.4646912	24.60000038	8	16.60000038	19.98333359	13.83333302	20.11666679	13.83333302	2038	286	71	45.60791016	817	250	783	250	800
		BR_AMPs_131	Ischnocnema henselii	10/10/23	Brazil	Boraceia	t6	NA	Adult	N/A	24.37	1.73	48.00	352.00	48000.00	3520	0.073333333	310	293	10	10	4	124000	97358	0.785145161	0.214854839	25809.71618	25683.28647	26626.64094	26039.8812	25059.58557	23631.09831	25980.09087	24890.25825	0.955851452	11919	7693	11919	7693	121106.00	109696.00	128362.00	1.20E+05	1	FALSE	0	NA	16.8	-23.64029	-45.84747	17.02499962	8.899999619	53.61445618	254.4646912	24.60000038	8	16.60000038	19.98333359	13.83333302	20.11666679	13.83333302	2038	286	71	45.60791016	817	250	783	250	800
		BR_AMPs_124	Ischnocnema henselii	10/10/23	Brazil	Boraceia	t6	NA	Adult	N/A	22.57	1.27	67.00	604.00	67000.00	6040	0.090149254	299	315	10	10	4	119600	98243	0.821429766	0.178570234	24094.16539	24511.81027	23253.10781	23953.02782	23395.70781	23551.36913	22802.33063	23249.80252	0.970641486	4247	1662	4247	1662	141887.00	126442.00	80337.00	1.16E+05	1	FALSE	0	NA	16.9	-23.64029	-45.84747	17.02499962	8.899999619	53.61445618	254.4646912	24.60000038	8	16.60000038	19.98333359	13.83333302	20.11666679	13.83333302	2038	286	71	45.60791016	817	250	783	250	800
		BR_AMPs_129	Ischnocnema henselii	10/10/23	Brazil	Boraceia	t6	NA	Adult	N/A	23.47	1.23	35.00	71.00	35000.00	710	0.020285714	275	364	10	10	4	110000	87314	0.793763636	0.206236364	25487.42819	24696.04377	25659.36172	25280.94456	25011.42639	23417.20968	25360.48525	24596.37377	0.972921471	9129	6612	9129	6612	138075.00	115363.00	142665.00	1.32E+05	1	FALSE	0	NA	17.2	-23.64029	-45.84747	17.02499962	8.899999619	53.61445618	254.4646912	24.60000038	8	16.60000038	19.98333359	13.83333302	20.11666679	13.83333302	2038	286	71	45.60791016	817	250	783	250	800
		BR_AMPs_123	Ischnocnema henselii	10/10/23	Brazil	Boraceia	t6	NA	Adult	N/A	23.47	1.48	32.00	18.00	32000.00	180	0.005625	303	333	10	10	4	121200	95929	0.791493399	0.208506601	25445.89706	24115.02872	24073.69674	24544.87417	23948.00499	22296.47355	21764.33476	22669.60443	0.923598315	6423	-473	6423	0	104698.00	140270.00	214222.00	1.53E+05	1	FALSE	0	NA	17.3	-23.64029	-45.84747	17.02499962	8.899999619	53.61445618	254.4646912	24.60000038	8	16.60000038	19.98333359	13.83333302	20.11666679	13.83333302	2038	286	71	45.60791016	817	250	783	250	800
		BR_AMPs_127	Ischnocnema henselii	10/10/23	Brazil	Boraceia	t6	NA	Adult	N/A	23.47	1.29	55.00	61.00	55000.00	610	0.011090909	201	280	10	10	4	80400	60428	0.75159204	0.24840796	24869.44259	24938.6437	24407.31074	24738.46568	24119.11952	22309.46732	22172.14985	22866.91223	0.924346422	7135	254	7135	254	131877.00	178963.00	138006.00	1.50E+05	1	FALSE	0	NA	17.4	-23.64029	-45.84747	17.02499962	8.899999619	53.61445618	254.4646912	24.60000038	8	16.60000038	19.98333359	13.83333302	20.11666679	13.83333302	2038	286	71	45.60791016	817	250	783	250	800
		BR_273_amp	Ischnocnema henselii	11/3/24	Brazil	Boraceia	t4	NA	Adult	N/A	18.05	0.6	72.00	336.00	72000.00	3360	0.046666667	315	322	10	10	4	126000	104529	0.829595238	0.170404762	24253.84698	24602.74851	25516.59093	24791.06214	21676.50754	24349.64651	23133.22625	23053.12676	0.929896696	7328	938	7328	938	127319.00	179409.00	186662.00	1.64E+05	1	FALSE	0	NA	19.2	-23.64029	-45.84747	17.02499962	8.899999619	53.61445618	254.4646912	24.60000038	8	16.60000038	19.98333359	13.83333302	20.11666679	13.83333302	2038	286	71	45.60791016	817	250	783	250	800
		BR_279_amp	Ischnocnema henselii	11/3/24	Brazil	Boraceia	t4	NA	Adult	N/A	27.08	1.87	62.00	634.00	62000.00	6340	0.102258065	298	300	10	10	4	119200	98022	0.822332215	0.177667785	24298.21835	24668.91798	24548.81255	24505.31629	23624.18714	23006.68016	24013.47109	23548.1128	0.960938945	6277	2758	6277	2758	169835.00	191248.00	177995.00	1.80E+05	1	FALSE	0	NA	19.2	-23.64029	-45.84747	17.02499962	8.899999619	53.61445618	254.4646912	24.60000038	8	16.60000038	19.98333359	13.83333302	20.11666679	13.83333302	2038	286	71	45.60791016	817	250	783	250	800
		BR_285_amp	Ischnocnema henselii	11/3/24	Brazil	Boraceia	t4	NA	Adult	N/A	20.76	1.14	61.00	447.00	61000.00	4470	0.073278689	325	297	10	10	4	130000	98001	0.753853846	0.246146154	26177.2555	25810.53094	25402.61696	25796.80113	24928.3137	23184.00239	24435.67555	24182.66388	0.937428783	11026	5091	11026	5091	155442.00	146125.00	122844.00	1.41E+05	1	FALSE	0	NA	19.4	-23.64029	-45.84747	17.02499962	8.899999619	53.61445618	254.4646912	24.60000038	8	16.60000038	19.98333359	13.83333302	20.11666679	13.83333302	2038	286	71	45.60791016	817	250	783	250	800
		BR_287_amp	Ischnocnema henselii	11/3/24	Brazil	Boraceia	t4	NA	Adult	N/A	20.76	1.51	44.00	375.00	44000.00	3750	0.085227273	376	361	10	10	4	150400	118973	0.791043883	0.208956117	25058.43584	25722.47064	24886.09623	25222.33424	24121.47921	24005.07079	24186.95499	24104.50166	0.955680844	8913	4804	8913	4804	199624.00	185378.00	151970.00	1.79E+05	1	FALSE	0	NA	19.9	-23.64029	-45.84747	17.02499962	8.899999619	53.61445618	254.4646912	24.60000038	8	16.60000038	19.98333359	13.83333302	20.11666679	13.83333302	2038	286	71	45.60791016	817	250	783	250	800
Pan1	221212016	221212_016	Lithobates warzsewitschii	11/19/22	Panama	El Valle	Campestre	N/A	Adult	NA	N/A	N/A	11.00	10.00	11000.00	100	0.009090909	290	236	10	10	4	116000	96759	0.83412931	0.16587069	25950.33738	26293.55227	25727.23658	25990.37541	24521.06199	25946.98597	23262.49526	24576.84774	0.945613418	11737	6540	11737	6540	147620.00	147302.00	113992.00	1.36E+05	1	FALSE	0	806.52	19.9	8.61304	-80.59042	24.5041656	8.00833321	80.8922577	57.1464462	29.8999996	20	9.89999962	24.0333328	24.5333328	25.3666668	23.9500008	2293	401	16	67.6412506	981	69	394	804	170
Pan33	221212004	221212_004	Lithobates warzsewitschii	11/18/22	Panama	El Valle	Campestre	N/A	Adult	NA	N/A	N/A	13.00	10.00	13000.00	100	0.007692308	294	254	10	10	4	117600	87587	0.744787415	0.255212585	24684.21985	25922.88622	25002.33702	25203.1477	23598.60138	25323.09069	23378.06265	24099.91824	0.956226521	8843	4787	8843	4787	84998.00	92215.00	135780.00	1.04E+05	1	FALSE	0	NA	22.2	8.61304	-80.59042	24.5041656	8.00833321	80.8922577	57.1464462	29.8999996	20	9.89999962	24.0333328	24.5333328	25.3666668	23.9500008	2293	401	16	67.6412506	981	69	394	804	170
Pan19	221212020	221212_020	Lithobates warzsewitschii	11/19/22	Panama	El Valle	Campestre	N/A	Adult	NA	N/A	N/A	18.00	10.00	18000.00	100	0.005555556	298	251	10	10	4	119200	86238	0.723473154	0.276526846	26235.78045	27015.22021	26610.64217	26620.54761	24084.27303	26141.53948	25676.1465	25300.653	0.950418202	14054	9201	14054	9201	116870.00	84891.00	141260.00	1.14E+05	1	FALSE	0	65.91	19.4	8.61304	-80.59042	24.5041656	8.00833321	80.8922577	57.1464462	29.8999996	20	9.89999962	24.0333328	24.5333328	25.3666668	23.9500008	2293	401	16	67.6412506	981	69	394	804	170
Pan3	221212022	221212_022	Lithobates warzsewitschii	11/19/22	Panama	El Valle	Campestre	N/A	Adult	NA	N/A	N/A	27.00	10.00	27000.00	100	0.003703704	302	256	10	10	4	120800	95394	0.78968543	0.21031457	25976.42273	25399.04166	26729.92315	26035.12918	24208.98709	22938.49648	25049.37858	24065.62072	0.924351884	11902	4661	11902	4661	112955.00	132053.00	88415.00	1.11E+05	1	FALSE	0	82.548	20.8	8.61304	-80.59042	24.5041656	8.00833321	80.8922577	57.1464462	29.8999996	20	9.89999962	24.0333328	24.5333328	25.3666668	23.9500008	2293	401	16	67.6412506	981	69	394	804	170
N/A	N/A	241203_002	Lithobates warzsewitschii	12/3/24	Panama	Santa Fe	Altos de Piedra	N/A	Adult	N/A	N/A	N/A	35.00	636.00	35000.00	6360	0.181714286	319	379	10	10	4	127600	107418	0.841833856	0.158166144	24948.29708	25030.06635	25402.32297	25126.89547	22448.06397	23507.22346	24734.34635	23563.21126	0.937768507	8563	2814	8563	2814	192851.00	150788.00	151358.00	1.65E+05	1	FALSE	0	NA	19.4	8.61304	-80.59042	24.5041656	8.00833321	80.8922577	57.1464462	29.8999996	20	9.89999962	24.0333328	24.5333328	25.3666668	23.9500008	2293	401	16	67.6412506	981	69	394	804	751
N/A	N/A	241203_012	Lithobates warzsewitschii	12/3/24	Panama	Santa Fe	Altos de Piedra	N/A	Adult	N/A	N/A	N/A	27.00	565.00	27000.00	5650	0.209259259	27.9	283	10	100	4	111600	85092	0.762473118	0.237526882	24715.21791	25126.54115	25444.95585	25095.57164	23566.19174	22391.82002	22730.46087	22896.15754	0.912358478	8447	361	8447	361	182033.00	115883.00	160915.00	1.53E+05	1	FALSE	0	NA	20.3	8.5128	-81.12274	21.4750004	8.25	80.0970764	44.7975426	26.7000008	16.3999996	10.3000011	21.1499996	21.7166672	22.083334	21.0166664	3425	445	69	41.3896484	1178	348	561	998	751
N/A	N/A	241203_003	Lithobates warzsewitschii	12/3/24	Panama	Santa Fe	Altos de Piedra	N/A	Adult	N/A	N/A	N/A	42.00	616.00	42000.00	6160	0.146666667	28.3	229	10	100	4	113200	93499	0.825962898	0.174037102	25000.02235	25528.16597	25412.49744	25313.56192	23186.55227	23722.03178	24276.9725	23728.51885	0.937383641	9249	3422	9249	3422	201274.00	167367.00	135579.00	1.68E+05	1	FALSE	0	NA	20.5	8.5128	-81.12274	21.4750004	8.25	80.0970764	44.7975426	26.7000008	16.3999996	10.3000011	21.1499996	21.7166672	22.083334	21.0166664	3425	445	69	41.3896484	1178	348	561	998	751
N/A	N/A	231206_S002	Lithobates warzsewitschii	12/6/23	Panama	Santa Fe	Altos de Piedra	N/A	Adult	N/A	N/A	N/A	36.00	285.00	36000.00	2850	0.079166667	28.4	363	10	100	4	113600	94448	0.831408451	0.168591549	24633.24392	26159.71017	26111.48568	25634.81326	23465.28309	24537.64814	25689.27554	24564.06892	0.958230851	10430	6493	10430	6493	125341.00	187155.00	123589.00	1.45E+05	1	FALSE	0	NA	20.6	8.5128	-81.12274	21.4750004	8.25	80.0970764	44.7975426	26.7000008	16.3999996	10.3000011	21.1499996	21.7166672	22.083334	21.0166664	3425	445	69	41.3896484	1178	348	561	998	751
N/A	N/A	231120_K024	Lithobates warzsewitschii	11/20/23	Panama	El Cope	Guabal	N/A	Adult	N/A	N/A	N/A	25.00	516.00	25000.00	5160	0.2064	29	270	10	100	4	116000	86342	0.744327586	0.255672414	25457.90665	25968.58977	26017.70309	25814.73317	23938.41651	24670.21364	25422.42971	24677.01995	0.955927756	11091	6909	11091	6909	104876.00	159696.00	119777.00	1.28E+05	1	FALSE	0	3126.12	20.9	8.61304	-80.59042	24.5041656	8.00833321	80.8922577	57.1464462	29.8999996	20	9.89999962	24.0333328	24.5333328	25.3666668	23.9500008	2293	401	16	67.6412506	981	69	394	804	552
N/A	N/A	241201_007	Lithobates warzsewitschii	12/1/24	Panama	El Valle	Hotel Campestre		Adult	N/A	N/A	N/A	40.00	147.00	40000.00	1470	0.03675	30.3	384	10	100	4	121200	99722	0.822788779	0.177211221	26120.75896	26719.90051	26405.33608	26415.33185	24968.03324	25637.69614	25582.67082	25396.1334	0.961416405	13300	9552	13300	9552	146297.00	115198.00	225272.00	1.62E+05	1	FALSE	0	NA	21.2	8.61304	-80.59042	24.50416565	8.008333206	80.89225769	57.14644623	29.89999962	20	9.899999619	24.03333282	24.53333282	25.36666679	23.95000076	2293	401	16	67.64125061	981	69	394	804	615
N/A	N/A	241203_008	Lithobates warzsewitschii	12/3/24	Panama	Santa Fe	Altos de Piedra	N/A	Adult	N/A	N/A	N/A	46.00	185.00	46000.00	1850	0.040217391	31.7	285	10	100	4	126800	98924	0.780157729	0.219842271	24338.54905	24251.04326	25478.79739	24689.46324	23224.86397	21679.50829	24987.55352	23297.30859	0.94361341	6954	1836	6954	1836	130450.00	162797.00	126849.00	1.40E+05	1	FALSE	0	NA	21.7	8.5128	-81.12274	21.4750004	8.25	80.0970764	44.7975426	26.7000008	16.3999996	10.3000011	21.1499996	21.7166672	22.083334	21.0166664	3425	445	69	41.3896484	1178	348	561	998	751
N/A	N/A	241203_001	Lithobates warzsewitschii	12/3/24	Panama	Santa Fe	Altos de Piedra	N/A	Adult	N/A	N/A	N/A	42.00	455.00	42000.00	4550	0.108333333	33.1	329	10	100	4	132400	108697	0.82097432	0.17902568	25315.7014	25722.80394	25526.09171	25521.53235	22598.08949	24129.29411	24430.33907	23719.24089	0.929381534	10013	3387	10013	3387	141895.00	165269.00	188751.00	1.65E+05	1	FALSE	0	NA	21.7	8.5128	-81.12274	21.4750004	8.25	80.0970764	44.7975426	26.7000008	16.3999996	10.3000011	21.1499996	21.7166672	22.083334	21.0166664	3425	445	69	41.3896484	1178	348	561	998	751
N/A	N/A	231117_001	Lithobates warzsewitschii	11/17/23	Panama	El Valle	Rio Maria		Adult	N/A	N/A	N/A	32.00	390.00	32000.00	3900	0.121875	33.1	257	10	100	4	132400	106295	0.802832326	0.197167674	25612.36041	25412.25095	24732.34389	25252.31842	24295.3103	22883.55454	23397.8871	23525.58398	0.931620756	9024	2675	9024	2675	154060.00	216394.00	192247.00	1.88E+05	1	FALSE	0	NA	21.8	8.64065	-80.59039	24.50416565	8.008333206	80.89225769	57.14644623	29.89999962	20	9.899999619	24.03333282	24.53333282	25.36666679	23.95000076	2293	401	16	67.64125061	981	69	394	804	819
N/A	N/A	231127_K002	Lithobates warzsewitschii	11/27/23	Panama	El Cope	Rio Tigrero		Adult	N/A	N/A	N/A	32.00	594.00	32000.00	5940	0.185625	33.3	246	10	100	4	133200	107058	0.803738739	0.196261261	26277.25341	25532.24171	25000.82905	25603.44139	25857.42237	23341.69031	22528.22073	23909.11113	0.93382412	10315	4085	10315	4085	119675.00	144367.00	139387.00	1.34E+05	1	FALSE	0	NA	21.9	8.60359	-80.68257	23.67083359	7.924999714	80.86735535	52.84877014	28.89999962	19.10000038	9.799999237	23.28333282	23.63333321	24.48333359	23.20000076	2634	483	19	68.12210846	1212	97	353	623	467
N/A	N/A	230804_D022	Lithobates warzsewitschii	8/4/23	Panama	Santa Fe	Altos de Piedra	N/A	Adult	N/A	N/A	N/A	52.00	272.00	52000.00	2720	0.052307692	34.4	256	10	100	4	137600	100735	0.732085756	0.267914244	27617.44599	26770.03973	26794.09282	27060.52618	26356.1247	25160.86092	26163.26237	25893.416	0.956870381	15672	11381	15672	11381	391224.00	190031.00	180034.00	2.54E+05	1	FALSE	0	26.034	22.6	8.5128	-81.12274	21.4750004	8.25	80.0970764	44.7975426	26.7000008	16.3999996	10.3000011	21.1499996	21.7166672	22.083334	21.0166664	3425	445	69	41.3896484	1178	348	561	998	751
N/A	N/A	230804_D025	Lithobates warzsewitschii	8/4/23	Panama	Santa Fe	Altos de Piedra	N/A	Adult	N/A	N/A	N/A	35.00	595.00	35000.00	5950	0.17	36.2	341	10	100	4	144800	121044	0.835939227	0.164060773	25730.99308	25793.36737	25810.55688	25778.30578	24304.51002	24767.99066	23953.23063	24341.91044	0.944278908	10958	5677	10958	5677	242106.00	211091.00	119092.00	1.91E+05	1	FALSE	0	3.621	22.8	8.5128	-81.12274	21.4750004	8.25	80.0970764	44.7975426	26.7000008	16.3999996	10.3000011	21.1499996	21.7166672	22.083334	21.0166664	3425	445	69	41.3896484	1178	348	561	998	751
N/A	N/A	230804_D023	Lithobates warzsewitschii	8/4/23	Panama	Santa Fe	Altos de Piedra	N/A	Adult	N/A	N/A	N/A	34.00	618.00	34000.00	6180	0.181764706	36.9	324	10	100	4	147600	114214	0.773807588	0.226192412	26384.74277	26046.90094	26387.24804	26272.96392	25966.45175	24639.45322	26062.15801	25556.02099	0.972711761	12776	10140	12776	10140	142729.00	160132.00	148445.00	1.50E+05	1	FALSE	0	194.796	22.9	8.5128	-81.12274	21.4750004	8.25	80.0970764	44.7975426	26.7000008	16.3999996	10.3000011	21.1499996	21.7166672	22.083334	21.0166664	3425	445	69	41.3896484	1178	348	561	998	751
N/A	N/A	231128_S021	Lithobates warzsewitschii	11/28/23	Panama	El Cope	Sophia Stream		Adult	N/A	N/A	N/A	72.00	329.00	72000.00	3290	0.045694444	36.9	247	10	100	4	147600	110867	0.751131436	0.248868564	25257.86571	25337.5416	24299.12366	24964.84365	23454.71334	22575.16894	21895.26139	22641.71456	0.906943976	7967	-575	7967	0	178680.00	197058.00	98716.00	1.58E+05	1	FALSE	0	NA	23.1	8.5987	-80.68389	24.35000038	7.866666794	80.27210236	54.93798065	29.60000038	19.79999924	9.800001144	23.93333435	24.33333397	25.20000076	23.86666679	2502	446	26	59.2995491	1011	148	439	918	347
N/A	N/A	231128_S022	Lithobates warzsewitschii	11/28/23	Panama	El Cope	Sophia Stream		Adult	N/A	N/A	N/A	39.00	442.00	39000.00	4420	0.113333333	37.2	377	10	100	4	148800	106842	0.718024194	0.281975806	26172.00384	25887.08424	26212.84505	26090.64438	25808.71173	23884.61811	24437.05175	24710.1272	0.947087655	12106	7030	12106	7030	172770.00	195832.00	251204.00	2.07E+05	1	FALSE	0	NA	23.4	8.5987	-80.68389	24.35000038	7.866666794	80.27210236	54.93798065	29.60000038	19.79999924	9.800001144	23.93333435	24.33333397	25.20000076	23.86666679	2502	446	26	59.2995491	1011	148	439	918	347
N/A	N/A	231127_K003	Lithobates warzsewitschii	11/27/23	Panama	El Cope	Rio Tigrero		Adult	N/A	N/A	N/A	56.00	277.00	56000.00	2770	0.049464286	37.7	302	10	100	4	150800	122298	0.810994695	0.189005305	24125.36031	26617.67535	25503.69319	25415.57628	23655.76172	25067.75911	22805.46538	23842.9954	0.938125311	9624	3842	9624	3842	193480.00	230703.00	160225.00	1.95E+05	1	FALSE	0	NA	23.6	8.60359	-80.68257	23.67083359	7.924999714	80.86735535	52.84877014	28.89999962	19.10000038	9.799999237	23.28333282	23.63333321	24.48333359	23.20000076	2634	483	19	68.12210846	1212	97	353	623	467
N/A	N/A	241201_005	Lithobates warzsewitschii	12/1/24	Panama	El Valle	Hotel Campestre		Adult	N/A	N/A	N/A	55.00	310.00	55000.00	3100	0.056363636	40.2	311	10	100	4	160800	131356	0.816890547	0.183109453	25484.6748	25688.73244	26015.04987	25729.4857	22938.19003	22948.26645	23881.91289	23256.12312	0.903870501	10778	1685	10778	1685	161797.00	138516.00	110345.00	1.37E+05	1	FALSE	0	NA	26	8.61304	-80.59042	24.50416565	8.008333206	80.89225769	57.14644623	29.89999962	20	9.899999619	24.03333282	24.53333282	25.36666679	23.95000076	2293	401	16	67.64125061	981	69	394	804	615
N/A	N/A	241201_003	Lithobates warzsewitschii	12/1/24	Panama	El Valle	Hotel Campestre		Adult	N/A	N/A	N/A	32.00	515.00	32000.00	5150	0.1609375	40.7	255	10	100	4	162800	115123	0.707143735	0.292856265	27727.46779	26496.9506	26626.30952	26950.24264	24939.31275	24634.01168	24475.48478	24682.9364	0.915870656	15266	6930	15266	6930	141467.00	159059.00	197288.00	1.66E+05	1	FALSE	0	NA	26.7	8.61304	-80.59042	24.50416565	8.008333206	80.89225769	57.14644623	29.89999962	20	9.899999619	24.03333282	24.53333282	25.36666679	23.95000076	2293	401	16	67.64125061	981	69	394	804	615
N/A	N/A	241201_010	Lithobates warzsewitschii	12/1/24	Panama	El Valle	Hotel Campestre		Adult	N/A	N/A	N/A	40.00	390.00	40000.00	3900	0.0975	40.8	244	10	100	4	163200	129246	0.791948529	0.208051471	26726.3192	26753.75497	26794.50715	26758.19377	25611.84979	24165.9064	26287.47513	25355.0771	0.947563102	14560	9402	14560	9402	182067.00	154716.00	278566.00	2.05E+05	1	FALSE	0	NA	26.7	8.61304	-80.59042	24.50416565	8.008333206	80.89225769	57.14644623	29.89999962	20	9.899999619	24.03333282	24.53333282	25.36666679	23.95000076	2293	401	16	67.64125061	981	69	394	804	615
N/A	N/A	241201_001	Lithobates warzsewitschii	12/1/24	Panama	El Valle	Hotel Campestre		Adult	N/A	N/A	N/A	39.00	604.00	39000.00	6040	0.154871795	41.1	315	10	100	4	164400	121995	0.742062044	0.257937956	27310.51711	26419.64954	27807.86777	27179.34481	24500.78011	25012.91113	26845.6096	25453.10028	0.936486897	16108	9762	16108	9762	197985.00	250605.00	186735.00	2.12E+05	1	FALSE	0	NA	26.7	8.61304	-80.59042	24.50416565	8.008333206	80.89225769	57.14644623	29.89999962	20	9.899999619	24.03333282	24.53333282	25.36666679	23.95000076	2293	401	16	67.64125061	981	69	394	804	615
N/A	N/A	Pe_16S00456	Notophthalmus viridescens	5/28/24	Pennsylvania	Tyron Weber	N/A		Adult	N/A	N/A	N/A	268.00	47.00	268000.00	4700	0.017537313	265	319	10	100	4	1060000	801490	0.756122642	0.243877358	26527.55238	27123.44763	26543.35915	26731.45305	23671.25637	24682.74486	26179.21175	24844.40433	0.929407177	14462	7524	14462	7524	895339.00	1048537.00	1360977.00	1.10E+06	1	FALSE	0	NA	12.4	41.59313	-80.35629	8.558333397	11.25	30.99173546	928.5028076	27	-9.300000191	36.29999924	19.63333321	-2.316666842	19.63333321	-3.233333349	1078	113	57	19.97618866	325	194	325	202	800
N/A	N/A	Pe_16S00810	Notophthalmus viridescens	10/13/24	Pennsylvania	RV Pond	N/A	NA	Adult	N/A	N/A	N/A	347.00	42.00	347000.00	4200	0.012103746	277	370	10	100	4	1108000	739797	0.667686823	0.332313177	27527.04168	28131.16358	28243.85524	27967.3535	26741.05788	25507.88358	27189.4302	26479.45722	0.946798817	19005	13535	19005	13535	1178580.00	1012934.00	1017671.00	1.07E+06	1	FALSE	0	NA	12.6	41.63888	-80.49512	8.8125	10.74166679	29.51007271	941.782959	27.20000076	-9.199999809	36.40000153	20.03333282	-2.283333302	20.03333282	-3.066666603	1045	108	54	19.86804199	311	186	311	196	800
N/A	N/A	Pe_16S00808	Notophthalmus viridescens	10/13/24	Pennsylvania	RV Pond	N/A	NA	Adult	N/A	N/A	N/A	254.00	41.00	254000.00	4100	0.016141732	278	321	10	100	4	1112000	820636	0.737982014	0.262017986	25046.99609	25959.50003	26011.38637	25672.6275	22997.78807	23375.40792	23942.83372	23438.67657	0.91298316	10569	2356	10569	2356	1076091.00	1017849.00	1333580.00	1.14E+06	1	FALSE	0	NA	13.6	41.63888	-80.49512	8.8125	10.74166679	29.51007271	941.782959	27.20000076	-9.199999809	36.40000153	20.03333282	-2.283333302	20.03333282	-3.066666603	1045	108	54	19.86804199	311	186	311	196	800
N/A	N/A	Pe_16S00818	Notophthalmus viridescens	10/13/24	Pennsylvania	RV Pond	N/A	NA	Adult	N/A	N/A	N/A	341.00	17.00	341000.00	1700	0.004985337	290	276	10	100	4	1160000	799243	0.689002586	0.310997414	25490.80225	26327.43741	25564.55621	25794.26529	22988.02563	25106.97705	24872.76568	24322.58945	0.942945619	11016	5606	11016	5606	1166981.00	1305847.00	1588724.00	1.35E+06	1	FALSE	0	NA	14.2	41.63888	-80.49512	8.8125	10.74166679	29.51007271	941.782959	27.20000076	-9.199999809	36.40000153	20.03333282	-2.283333302	20.03333282	-3.066666603	1045	108	54	19.86804199	311	186	311	196	800
N/A	N/A	Pe_16S00822	Notophthalmus viridescens	10/13/24	Pennsylvania	RV Pond	N/A	NA	Adult	N/A	N/A	N/A	345.00	5.00	345000.00	500	0.001449275	303	338	10	100	4	1212000	946102	0.780612211	0.219387789	25862.85223	25713.52809	25807.85352	25794.74461	24819.89952	24701.63834	23695.53542	24405.69109	0.946149747	11018	5911	11018	5911	1401624.00	1550676.00	1402583.00	1.45E+06	1	FALSE	0	NA	14.4	41.63888	-80.49512	8.8125	10.74166679	29.51007271	941.782959	27.20000076	-9.199999809	36.40000153	20.03333282	-2.283333302	20.03333282	-3.066666603	1045	108	54	19.86804199	311	186	311	196	800
N/A	N/A	Pe_16S00816	Notophthalmus viridescens	10/13/24	Pennsylvania	RV Pond	N/A	NA	Adult	N/A	N/A	N/A	348.00	79.00	348000.00	7900	0.022701149	304	277	10	100	4	1216000	808047	0.664512336	0.335487664	24241.17446	24069.28656	25586.56453	24632.34185	23099.27659	21497.69063	25005.11968	23200.69563	0.941879411	6744	1481	6744	1481	933469.00	959352.00	1255026.00	1.05E+06	1	FALSE	0	NA	14.4	41.63888	-80.49512	8.8125	10.74166679	29.51007271	941.782959	27.20000076	-9.199999809	36.40000153	20.03333282	-2.283333302	20.03333282	-3.066666603	1045	108	54	19.86804199	311	186	311	196	800
N/A	N/A	Pe_16S00458	Notophthalmus viridescens	5/28/24	Pennsylvania	Tyron Weber	N/A	NA	Adult	N/A	N/A	N/A	332.00	249.00	332000.00	24900	0.075	307	371	10	100	4	1228000	862802	0.702607492	0.297392508	25424.72733	25352.51183	24771.51294	25182.91736	24858.95599	24937.26873	22325.52518	24040.5833	0.954638533	8769	4569	8769	4569	1840595.00	1293084.00	1742830.00	1.63E+06	1	FALSE	0	NA	14.4	41.59313	-80.35629	8.558333397	11.25	30.99173546	928.5028076	27	-9.300000191	36.29999924	19.63333321	-2.316666842	19.63333321	-3.233333349	1078	113	57	19.97618866	325	194	325	202	800
N/A	N/A	Pe_16S00820	Notophthalmus viridescens	10/13/24	Pennsylvania	RV Pond	N/A	NA	Adult	N/A	N/A	N/A	535.00	70.00	535000.00	7000	0.013084112	315	371	10	100	4	1260000	836714	0.66405873	0.33594127	25374.77513	25032.7111	26515.26358	25640.9166	24448.77611	22409.21109	25464.4265	24107.47123	0.940195376	10452	4815	10452	4815	1667214.00	1872685.00	1071611.00	1.54E+06	1	FALSE	0	NA	14.5	41.63888	-80.49512	8.8125	10.74166679	29.51007271	941.782959	27.20000076	-9.199999809	36.40000153	20.03333282	-2.283333302	20.03333282	-3.066666603	1045	108	54	19.86804199	311	186	311	196	800
N/A	N/A	BdSwab00027	Notophthalmus viridescens	5/28/22	Pennsylvania	Wood Lab Pond	N/A	NA	Adult	N/A	N/A	N/A	529.00	63.00	529000.00	6300	0.011909263	329	328	10	100	4	1316000	1070257	0.813265198	0.186734802	26800.82854	25951.84483	27422.1379	26724.93709	26006.13287	24501.90575	25888.41355	25465.48406	0.952873489	14438	9807	14438	9807	1348205.00	1679200.00	1496818.00	1.51E+06	1	FALSE	0	NA	15.3	41.56972	-80.4525	8.516666412	11.20000076	30.51771164	937.7253418	27.10000038	-9.600000381	36.70000076	19.68333435	-2.483333349	19.68333435	-3.383333445	1057	110	54	20.1629982	317	189	317	196	800
N/A	N/A	BdSwab00028	Notophthalmus viridescens	5/28/22	Pennsylvania	Wood Lab Pond	N/A	NA	Adult	N/A	N/A	N/A	522.00	40.00	522000.00	4000	0.007662835	344	236	10	100	4	1376000	1109068	0.806008721	0.193991279	26912.46674	26259.16831	25171.88114	26114.5054	24711.12001	25232.59375	22645.96964	24196.56113	0.926556363	12194	5142	12194	5142	1277442.00	1168179.00	1508876.00	1.32E+06	1	FALSE	0	NA	16.7	41.56972	-80.4525	8.516666412	11.20000076	30.51771164	937.7253418	27.10000038	-9.600000381	36.70000076	19.68333435	-2.483333349	19.68333435	-3.383333445	1057	110	54	20.1629982	317	189	317	196	800
N/A	N/A	BdSwab00026	Notophthalmus viridescens	5/28/22	Pennsylvania	Wood Lab Pond	N/A	NA	Adult	N/A	N/A	N/A	467.00	60.00	467000.00	6000	0.012847966	345	226	10	100	4	1380000	970224	0.70306087	0.29693913	28584.06329	26743.80577	26615.89263	27314.58723	25947.01064	26131.29004	24331.96645	25470.08904	0.932472046	16606	9824	16606	9824	1187214.00	1098802.00	1225509.00	1.17E+06	1	FALSE	0	NA	16.8	41.56972	-80.4525	8.516666412	11.20000076	30.51771164	937.7253418	27.10000038	-9.600000381	36.70000076	19.68333435	-2.483333349	19.68333435	-3.383333445	1057	110	54	20.1629982	317	189	317	196	800
N/A	N/A	Pe_16S00530	Notophthalmus viridescens	6/18/24	Pennsylvania	Tyron Weber	N/A		Adult	N/A	N/A	N/A	464.00	25.00	464000.00	2500	0.005387931	358	292	10	100	4	1432000	1087963	0.759750698	0.240249302	27337.87722	28046.4682	27518.72841	27634.35794	26382.73211	26964.11834	24525.80261	25957.55102	0.939321662	17781	11616	17781	11616	1962949.00	1256644.00	1600594.00	1.61E+06	1	FALSE	0	NA	19.2	41.59313	-80.35629	8.558333397	11.25	30.99173546	928.5028076	27	-9.300000191	36.29999924	19.63333321	-2.316666842	19.63333321	-3.233333349	1078	113	57	19.97618866	325	194	325	202	800
N/A	N/A	Pe_16S00532	Notophthalmus viridescens	6/18/24	Pennsylvania	Tyron Weber	N/A		Adult	N/A	N/A	N/A	571.00	19.00	571000.00	1900	0.003327496	369	308	10	100	4	1476000	1154861	0.782426152	0.217573848	26096.16256	26111.58517	26240.91578	26149.5545	25331.11373	25332.74991	24584.50511	25082.78959	0.959205236	12322	8400	12322	8400	1868826.00	1546203.00	1763113.00	1.73E+06	1	FALSE	0	NA	21.3	41.59313	-80.35629	8.558333397	11.25	30.99173546	928.5028076	27	-9.300000191	36.29999924	19.63333321	-2.316666842	19.63333321	-3.233333349	1078	113	57	19.97618866	325	194	325	202	800
N/A	N/A	DrySwab00242	Notophthalmus viridescens	9/10/22	Pennsylvania	RV Pond	N/A	NA	Adult	N/A	N/A	N/A	541.00	70.00	541000.00	7000	0.012939002	415	358	10	100	4	1660000	1187408	0.715306024	0.284693976	25981.78429	25742.91571	25654.42055	25793.04019	25697.29712	23785.03875	23605.31286	24362.54958	0.944539667	11012	5753	11012	5753	2429677.00	985515.00	1533403.00	1.65E+06	1	FALSE	0	NA	NA	41.63888	-80.49512	8.8125	10.74166679	29.51007271	941.782959	27.20000076	-9.199999809	36.40000153	20.03333282	-2.283333302	20.03333282	-3.066666603	1045	108	54	19.86804199	311	186	311	196	800
N/A	N/A	BdSwab00035	Plethodon cinereus	5/28/22	Pennsylvania	Wood Lab Pond	N/A	NA	Adult	N/A	N/A	N/A	308.00	265.00	308000.00	26500	0.086038961	192	355	10	100	4	768000	577567	0.752040365	0.247959635	26490.11144	26144.42571	26381.07046	26338.53587	24669.228	25398.85234	25057.68381	25041.92138	0.950771201	13017	8250	13017	8250	967330.00	867675.00	1113740.00	9.83E+05	1	FALSE	0	NA	14.3	41.56972	-80.4525	8.516666412	11.20000076	30.51771164	937.7253418	27.10000038	-9.600000381	36.70000076	19.68333435	-2.483333349	19.68333435	-3.383333445	1057	110	54	20.1629982	317	189	317	196	800
N/A	N/A	BdSwab00033	Plethodon cinereus	5/28/22	Pennsylvania	Wood Lab Pond	N/A	NA	Adult	N/A	N/A	N/A	245.00	195.00	245000.00	19500	0.079591837	209	230	10	100	4	836000	585105	0.699886364	0.300113636	24473.77759	25271.08619	24825.96045	24856.94141	22692.13085	22693.72562	22833.0262	22739.62756	0.914820017	7570	-215	7570	0	617587.00	537109.00	1016575.00	7.24E+05	1	FALSE	0	NA	14.7	41.56972	-80.4525	8.516666412	11.20000076	30.51771164	937.7253418	27.10000038	-9.600000381	36.70000076	19.68333435	-2.483333349	19.68333435	-3.383333445	1057	110	54	20.1629982	317	189	317	196	800
N/A	N/A	BdSwab00032	Plethodon cinereus	5/28/22	Pennsylvania	Wood Lab Pond	N/A	NA	Adult	N/A	N/A	N/A	313.00	564.00	313000.00	56400	0.180191693	211	298	10	100	4	844000	573480	0.679478673	0.320521327	26858.23734	27499.97908	28106.03314	27488.08319	25989.13959	26935.72531	25857.32315	26260.72935	0.955349603	17243	12731	17243	12731	927420.00	1258754.00	978385.00	1.05E+06	1	FALSE	0	NA	15.3	41.56972	-80.4525	8.516666412	11.20000076	30.51771164	937.7253418	27.10000038	-9.600000381	36.70000076	19.68333435	-2.483333349	19.68333435	-3.383333445	1057	110	54	20.1629982	317	189	317	196	800
N/A	N/A	BdSwab00036	Plethodon cinereus	5/28/22	Pennsylvania	Wood Lab Pond	N/A	NA	Adult	N/A	N/A	N/A	305.00	168.00	305000.00	16800	0.055081967	218	337	10	100	4	872000	705213	0.808730505	0.191269495	27436.1663	26191.7577	26482.19393	26703.37264	25353.22227	24744.90503	25537.29124	25211.80618	0.944143143	14358	8875	14358	8875	936352.00	836356.00	836267.00	8.70E+05	1	FALSE	0	NA	16.3	41.56972	-80.4525	8.516666412	11.20000076	30.51771164	937.7253418	27.10000038	-9.600000381	36.70000076	19.68333435	-2.483333349	19.68333435	-3.383333445	1057	110	54	20.1629982	317	189	317	196	800
N/A	N/A	BdSwab00034	Plethodon cinereus	5/28/22	Pennsylvania	Wood Lab Pond	N/A	NA	Adult	N/A	N/A	N/A	306.00	60.00	306000.00	6000	0.019607843	218	354	10	100	4	872000	706004	0.809637615	0.190362385	26355.85759	25394.2283	25773.15543	25841.08044	25909.80401	24676.32781	23062.18761	24549.43981	0.950015997	11188	6440	11188	6440	861108.00	795978.00	1269214.00	9.75E+05	1	FALSE	0	NA	16.4	41.56972	-80.4525	8.516666412	11.20000076	30.51771164	937.7253418	27.10000038	-9.600000381	36.70000076	19.68333435	-2.483333349	19.68333435	-3.383333445	1057	110	54	20.1629982	317	189	317	196	800
N/A	N/A	BdSwab00031	Plethodon cinereus	5/28/22	Pennsylvania	Wood Lab Pond	N/A	NA	Adult	N/A	N/A	N/A	400.00	433.00	400000.00	43300	0.10825	244	255	10	100	4	976000	750812	0.76927459	0.23072541	25335.79405	24576.59577	25113.45575	25008.61519	24723.71357	22984.8146	24618.45697	24108.99505	0.964027591	8128	4820	8128	4820	1092311.00	1072855.00	1162719.00	1.11E+06	1	FALSE	0	NA	18.7	41.56972	-80.4525	8.516666412	11.20000076	30.51771164	937.7253418	27.10000038	-9.600000381	36.70000076	19.68333435	-2.483333349	19.68333435	-3.383333445	1057	110	54	20.1629982	317	189	317	196	800
N/A	N/A	BdSwab00037	Plethodon cinereus	5/28/22	Pennsylvania	Wood Lab Pond	N/A	NA	Adult	N/A	N/A	N/A	415.00	359.00	415000.00	35900	0.086506024	248	251	10	100	4	992000	709134	0.714852823	0.285147177	26425.86725	26792.19618	27252.77097	26823.61147	24652.67578	25569.34058	26577.62138	25599.87925	0.954378544	14801	10302	14801	10302	1396210.00	1150426.00	686526.00	1.08E+06	1	FALSE	0	NA	18.9	41.56972	-80.4525	8.516666412	11.20000076	30.51771164	937.7253418	27.10000038	-9.600000381	36.70000076	19.68333435	-2.483333349	19.68333435	-3.383333445	1057	110	54	20.1629982	317	189	317	196	800
N/A	N/A	BdSwab00030	Plethodon cinereus	5/28/22	Pennsylvania	Wood Lab Pond	N/A	NA	Adult	N/A	N/A	N/A	484.00	622.00	484000.00	62200	0.128512397	289	377	10	100	4	1156000	827942	0.716212803	0.283787197	25323.71113	26340.44537	26110.3891	25924.84853	24439.58711	24829.56443	24981.91031	24750.35395	0.954696183	11496	7178	11496	7178	1292456.00	1382669.00	1162660.00	1.28E+06	1	FALSE	0	NA	19.1	41.56972	-80.4525	8.516666412	11.20000076	30.51771164	937.7253418	27.10000038	-9.600000381	36.70000076	19.68333435	-2.483333349	19.68333435	-3.383333445	1057	110	54	20.1629982	317	189	317	196	800
N/A	N/A	Pe_16S00529	Pseudacris crucifer	6/18/24	Pennsylvania	Tyron Weber	N/A	NA	Adult	N/A	N/A	N/A	206.00	18.00	206000.00	1800	0.008737864	229	296	10	100	4	916000	705486	0.770181223	0.229818777	25200.90025	24923.58523	25199.43675	25107.97408	22688.68266	22385.44204	24676.05075	23250.05848	0.926002967	8493	1662	8493	1662	939260.00	862010.00	912091.00	9.04E+05	1	FALSE	0	NA	19	41.59313	-80.35629	8.558333397	11.25	30.99173546	928.5028076	27	-9.300000191	36.29999924	19.63333321	-2.316666842	19.63333321	-3.233333349	1078	113	57	19.97618866	325	194	325	202	800
N/A	N/A	2022-05-12-rv-pscr16	Pseudacris crucifer	5/12/22	Pennsylvania	RV Pond	N/A	NA	Adult	N/A	N/A	N/A	132.00	27.00	132000.00	2700	0.020454545	241	318	10	100	4	964000	746827	0.774716805	0.225283195	26071.98501	25824.76604	25820.63185	25905.7943	25557.20125	23139.89962	23458.89658	24051.99915	0.928440907	11426	4611	11426	4611	947709.00	886465.00	726166.00	8.53E+05	1	FALSE	0	NA	NA	41.63888	-80.49512	8.8125	10.74166679	29.51007271	941.782959	27.20000076	-9.199999809	36.40000153	20.03333282	-2.283333302	20.03333282	-3.066666603	1045	108	54	19.86804199	311	186	311	196	800
N/A	N/A	Pe_16S00373	Pseudacris crucifer	5/6/24	Pennsylvania	RV Pond	N/A	NA	Adult	N/A	N/A	N/A	198.00	67.00	198000.00	6700	0.033838384	250	331	10	100	4	1000000	773356	0.773356	0.226644	25849.45216	25868.99754	25499.14536	25739.19835	24312.06212	23662.63911	22895.60399	23623.43507	0.917799954	10814	3035	10814	3035	1002722.00	807636.00	746416.00	8.52E+05	1	FALSE	0	NA	14	41.63888	-80.49512	8.8125	10.74166679	29.51007271	941.782959	27.20000076	-9.199999809	36.40000153	20.03333282	-2.283333302	20.03333282	-3.066666603	1045	108	54	19.86804199	311	186	311	196	800
N/A	N/A	Pe_16S00349	Pseudacris crucifer	3/16/24	Pennsylvania	Phelps Pond	N/A	NA	Adult	N/A	N/A	N/A	127.00	86.00	127000.00	8600	0.067716535	254	276	10	100	4	1016000	747486	0.735714567	0.264285433	25540.14037	26346.80619	25751.86916	25879.60524	23548.1361	25745.52877	24965.35114	24753.00534	0.956467655	11330	7188	11330	7188	1403682.00	1120583.00	1235796.00	1.25E+06	1	FALSE	0	NA	9.3	41.69128	-80.51248	8.620833397	10.90833378	30.05050468	935.9450073	27	-9.300000191	36.29999924	19.76666641	-2.400000095	19.76666641	-3.233333349	1054	108	55	19.77835846	313	188	313	198	1230
N/A	N/A	2022-05-12-rv-pscr12	Pseudacris crucifer	5/12/22	Pennsylvania	RV Pond	N/A	NA	Adult	N/A	N/A	N/A	308.00	60.00	308000.00	6000	0.019480519	258	349	10	100	4	1032000	751769	0.728458333	0.271541667	27234.49504	26273.87869	26750.12108	26752.8316	26677.61287	23959.7122	23900.35115	24845.89207	0.928720086	14540	7530	14540	7530	1038897.00	1005936.00	781202.00	9.42E+05	1	FALSE	0	NA	NA	41.63888	-80.49512	8.8125	10.74166679	29.51007271	941.782959	27.20000076	-9.199999809	36.40000153	20.03333282	-2.283333302	20.03333282	-3.066666603	1045	108	54	19.86804199	311	186	311	196	800
N/A	N/A	Pe_16S00344	Pseudacris crucifer	3/16/24	Pennsylvania	Phelps Pond	N/A	NA	Adult	N/A	N/A	N/A	105.00	63.00	105000.00	6300	0.06	278	286	10	100	4	1112000	730869	0.657256295	0.342743705	25072.31047	26562.55856	24896.18479	25510.35128	23290.17485	26232.82492	23608.57113	24377.1903	0.955580346	9972	5806	9972	5806	1114973.00	1241458.00	940901.00	1.10E+06	1	FALSE	0	NA	9.1	41.69128	-80.51248	8.620833397	10.90833378	30.05050468	935.9450073	27	-9.300000191	36.29999924	19.76666641	-2.400000095	19.76666641	-3.233333349	1054	108	55	19.77835846	313	188	313	198	1230
N/A	N/A	Pe_16S00350	Pseudacris crucifer	3/16/24	Pennsylvania	Phelps Pond	N/A	NA	Adult	N/A	N/A	N/A	194.00	91.00	194000.00	9100	0.046907216	282	235	10	100	4	1128000	745989	0.661337766	0.338662234	26257.43836	26419.41644	26309.42755	26328.76078	23397.57703	24403.33965	26034.32964	24611.74878	0.934785689	12981	6669	12981	6669	1218912.00	856005.00	1123111.00	1.07E+06	1	FALSE	0	NA	8.7	41.69128	-80.51248	8.620833397	10.90833378	30.05050468	935.9450073	27	-9.300000191	36.29999924	19.76666641	-2.400000095	19.76666641	-3.233333349	1054	108	55	19.77835846	313	188	313	198	1230
N/A	N/A	Pe_16S00418	Pseudacris crucifer	5/14/24	Pennsylvania	RV Pond	N/A	NA	Adult	N/A	N/A	N/A	176.00	88.00	176000.00	8800	0.05	288	317	10	100	4	1152000	893518	0.775623264	0.224376736	26463.683	27019.12356	27642.4455	27041.75069	23794.25604	26180.71612	26043.1799	25339.38402	0.937046729	15603	9344	15603	9344	990345.00	1101350.00	1369944.00	1.15E+06	1	FALSE	0	NA	14.5	41.63888	-80.49512	8.8125	10.74166679	29.51007271	941.782959	27.20000076	-9.199999809	36.40000153	20.03333282	-2.283333302	20.03333282	-3.066666603	1045	108	54	19.86804199	311	186	311	196	800
N/A	N/A	Pe_16S00526	Pseudacris crucifer	6/18/24	Pennsylvania	Tyron Weber	N/A	NA	Adult	N/A	N/A	N/A	207.00	643.00	207000.00	64300	0.310628019	292	243	10	100	4	1168000	874146	0.748412671	0.251587329	27857.30231	26853.54013	26941.31382	27217.38542	26390.44232	25830.9621	24287.41389	25502.93944	0.937009159	16248	9945	16248	9945	1136889.00	1416618.00	1383447.00	1.31E+06	1	FALSE	0	NA	17.6	41.59313	-80.35629	8.558333397	11.25	30.99173546	928.5028076	27	-9.300000191	36.29999924	19.63333321	-2.316666842	19.63333321	-3.233333349	1078	113	57	19.97618866	325	194	325	202	800
N/A	N/A	Pe_16S00754	Pseudacris crucifer	10/9/24	Pennsylvania	Tyron Weber	N/A	NA	Adult	N/A	N/A	N/A	179.00	76.00	179000.00	7600	0.042458101	297	351	10	100	4	1188000	789980	0.66496633	0.33503367	26125.84754	25909.30963	26092.04923	26042.40214	24902.73258	23651.19604	23466.8167	24006.91511	0.921839506	11928	4445	11928	4445	2156984.00	1266223.00	870410.00	1.43E+06	1	FALSE	0	NA	9.2	41.59313	-80.35629	8.558333397	11.25	30.99173546	928.5028076	27	-9.300000191	36.29999924	19.63333321	-2.316666842	19.63333321	-3.233333349	1078	113	57	19.97618866	325	194	325	202	800
N/A	N/A	Pe_16S00523	Pseudacris crucifer	6/18/24	Pennsylvania	Tyron Weber	N/A	NA	Adult	N/A	N/A	N/A	268.00	27.00	268000.00	2700	0.010074627	303	386	10	100	4	1212000	816382	0.673582508	0.326417492	27340.87696	26446.03618	27389.42412	27058.77908	25135.04445	26114.91372	26209.48845	25819.81554	0.954212142	15665	11110	15665	11110	1137805.00	1185462.00	888952.00	1.07E+06	1	FALSE	0	NA	18.9	41.59313	-80.35629	8.558333397	11.25	30.99173546	928.5028076	27	-9.300000191	36.29999924	19.63333321	-2.316666842	19.63333321	-3.233333349	1078	113	57	19.97618866	325	194	325	202	800
N/A	N/A	Pe_16S00402	Pseudacris crucifer	5/8/24	Pennsylvania	Tuttle Pond	N/A	NA	Adult	N/A	N/A	N/A	281.00	87.00	281000.00	8700	0.030960854	306	380	10	100	4	1224000	863878	0.70578268	0.29421732	26690.92448	25277.29218	26461.18828	26143.13498	24632.15884	24140.63728	25744.84899	24839.21504	0.950123811	12299	7505	12299	7505	874805.00	1030131.00	887427.00	9.31E+05	1	FALSE	0	NA	14.6	41.69171	-80.50082	8.524999619	10.9333334	30.20257759	935.7143555	26.89999962	-9.300000191	36.20000076	19.66666603	-2.483333349	19.66666603	-3.333333254	1062	109	55	19.7213974	315	189	315	200	800
N/A	N/A	2022-05-12-rv-pscr17	Pseudacris crucifer	5/12/22	Pennsylvania	RV Pond	N/A	NA	Adult	N/A	N/A	N/A	386.00	28.00	386000.00	2800	0.007253886	307	334	10	100	4	1228000	808224	0.658162866	0.341837134	27592.7465	26374.09149	27815.19819	27260.67873	26413.20751	23999.21651	27200.42362	25870.94922	0.94902073	16407	11298	16407	11298	1234189.00	1195536.00	991031.00	1.14E+06	1	FALSE	0	NA	NA	41.63888	-80.49512	8.8125	10.74166679	29.51007271	941.782959	27.20000076	-9.199999809	36.40000153	20.03333282	-2.283333302	20.03333282	-3.066666603	1045	108	54	19.86804199	311	186	311	196	800
N/A	N/A	Pe_16S00346	Pseudacris crucifer	3/16/24	Pennsylvania	Phelps Pond	N/A	NA	Adult	N/A	N/A	N/A	390.00	85.00	390000.00	8500	0.021794872	308	335	10	100	4	1232000	814210	0.66088474	0.33911526	26452.6615	25890.64607	26215.26746	26186.19168	25533.09961	24803.82987	24830.50455	25055.81135	0.956832962	12457	8301	12457	8301	1224014.00	675417.00	1176492.00	1.03E+06	1	FALSE	0	NA	9.8	41.69128	-80.51248	8.620833397	10.90833378	30.05050468	935.9450073	27	-9.300000191	36.29999924	19.76666641	-2.400000095	19.76666641	-3.233333349	1054	108	55	19.77835846	313	188	313	198	1230
N/A	N/A	Pe_16S00419	Pseudacris crucifer	5/14/24	Pennsylvania	RV Pond	N/A	NA	Adult	N/A	N/A	N/A	272.00	33.00	272000.00	3300	0.012132353	309	280	10	100	4	1236000	882997	0.714398867	0.285601133	25975.37897	25579.03818	25663.22703	25739.21473	23354.99859	23424.47202	23653.65928	23477.70997	0.912137772	10814	2499	10814	2499	1030585.00	1135619.00	1472690.00	1.21E+06	1	FALSE	0	NA	14.6	41.63888	-80.49512	8.8125	10.74166679	29.51007271	941.782959	27.20000076	-9.199999809	36.40000153	20.03333282	-2.283333302	20.03333282	-3.066666603	1045	108	54	19.86804199	311	186	311	196	800
N/A	N/A	Pe_16S00521	Pseudacris crucifer	6/18/24	Pennsylvania	Tyron Weber	N/A	NA	Adult	N/A	N/A	N/A	256.00	103.00	256000.00	10300	0.040234375	315	341	10	100	4	1260000	963000	0.764285714	0.235714286	26076.70762	26464.65978	27229.41285	26590.26008	23358.36408	25851.40084	26341.4063	25183.72374	0.947103325	13943	8772	13943	8772	1425460.00	993366.00	842458.00	1.09E+06	1	FALSE	0	NA	19.4	41.59313	-80.35629	8.558333397	11.25	30.99173546	928.5028076	27	-9.300000191	36.29999924	19.63333321	-2.316666842	19.63333321	-3.233333349	1078	113	57	19.97618866	325	194	325	202	800
N/A	N/A	2022-05-12-rv-pscr2	Pseudacris crucifer	5/12/22	Pennsylvania	RV Pond	N/A	NA	Adult	N/A	N/A	N/A	272.00	40.00	272000.00	4000	0.014705882	321	282	10	100	4	1284000	938252	0.730725857	0.269274143	27175.16246	28263.96877	27300.96292	27580.03138	25679.24825	27210.20059	25941.16593	26276.87159	0.95274988	17581	12790	17581	12790	1250872.00	1390763.00	1767386.00	1.47E+06	1	FALSE	0	NA	NA	41.63888	-80.49512	8.8125	10.74166679	29.51007271	941.782959	27.20000076	-9.199999809	36.40000153	20.03333282	-2.283333302	20.03333282	-3.066666603	1045	108	54	19.86804199	311	186	311	196	800
N/A	N/A	2022-05-12-rv-pscr6	Pseudacris crucifer	5/12/22	Pennsylvania	RV Pond	N/A	NA	Adult	N/A	N/A	N/A	336.00	143.00	336000.00	14300	0.042559524	323	259	10	100	4	1292000	869683	0.673129257	0.326870743	25653.19256	25402.60977	25623.93845	25559.91359	23964.00807	24494.99109	25092.30141	24517.10019	0.959201216	10155	6321	10155	6321	999323.00	1414452.00	1592578.00	1.34E+06	1	FALSE	0	NA	NA	41.63888	-80.49512	8.8125	10.74166679	29.51007271	941.782959	27.20000076	-9.199999809	36.40000153	20.03333282	-2.283333302	20.03333282	-3.066666603	1045	108	54	19.86804199	311	186	311	196	800
N/A	N/A	Pe_16S00397	Pseudacris crucifer	5/8/24	Pennsylvania	Tuttle Pond	N/A	NA	Adult	N/A	N/A	N/A	413.00	53.00	413000.00	5300	0.01283293	326	369	10	100	4	1304000	928620	0.712131902	0.287868098	26506.22127	26233.59952	25981.11331	26240.31137	24520.68003	24255.41558	24700.47716	24492.19092	0.933380347	12656	6229	12656	6229	1188072.00	1447605.00	1363209.00	1.33E+06	1	FALSE	0	NA	14.4	41.69171	-80.50082	8.524999619	10.9333334	30.20257759	935.7143555	26.89999962	-9.300000191	36.20000076	19.66666603	-2.483333349	19.66666603	-3.333333254	1062	109	55	19.7213974	315	189	315	200	800
N/A	N/A	Pe_16S00522	Pseudacris crucifer	6/18/24	Pennsylvania	Tyron Weber	N/A	NA	Adult	N/A	N/A	N/A	333.00	67.00	333000.00	6700	0.02012012	327	264	10	100	4	1308000	898249	0.686734709	0.313265291	25283.48366	24477.8047	23953.0427	24571.44369	22798.28666	22693.46762	22830.38168	22774.04532	0.926850111	6521	-89	6521	0	1988494.00	1311061.00	917963.00	1.41E+06	1	FALSE	0	NA	20.8	41.59313	-80.35629	8.558333397	11.25	30.99173546	928.5028076	27	-9.300000191	36.29999924	19.63333321	-2.316666842	19.63333321	-3.233333349	1078	113	57	19.97618866	325	194	325	202	800
N/A	N/A	Pe_16S00528	Pseudacris crucifer	6/18/24	Pennsylvania	Tyron Weber	N/A	NA	Adult	N/A	N/A	N/A	280.00	103.00	280000.00	10300	0.036785714	327	261	10	100	4	1308000	914859	0.699433486	0.300566514	25605.3933	26657.60376	25408.06854	25890.3552	23154.93586	26358.10442	24116.56921	24543.20316	0.947967031	11369	6417	11369	6417	831331.00	2097208.00	1373981.00	1.43E+06	1	FALSE	0	NA	18.3	41.59313	-80.35629	8.558333397	11.25	30.99173546	928.5028076	27	-9.300000191	36.29999924	19.63333321	-2.316666842	19.63333321	-3.233333349	1078	113	57	19.97618866	325	194	325	202	800
N/A	N/A	Pe_16S00421	Pseudacris crucifer	5/14/24	Pennsylvania	RV Pond	N/A	NA	Adult	N/A	N/A	N/A	260.00	99.00	260000.00	9900	0.038076923	328	232	10	100	4	1312000	988463	0.753401677	0.246598323	26478.01824	25873.34273	26152.17616	26167.84571	25202.35515	25270.57533	23896.37697	24789.76915	0.947337027	12390	7323	12390	7323	1196781.00	1026969.00	1184324.00	1.14E+06	1	FALSE	0	NA	14	41.63888	-80.49512	8.8125	10.74166679	29.51007271	941.782959	27.20000076	-9.199999809	36.40000153	20.03333282	-2.283333302	20.03333282	-3.066666603	1045	108	54	19.86804199	311	186	311	196	800
N/A	N/A	Pe_16S00176	Pseudacris crucifer	7/18/23	Pennsylvania	Vorisek Pond	N/A	NA	Adult	N/A	N/A	N/A	369.00	134.00	369000.00	13400	0.036314363	331	284	10	100	4	1324000	1002307	0.757029456	0.242970544	27103.59212	26813.19942	27459.32692	27125.37282	24350.15665	25039.81575	24724.99525	24704.98922	0.910770494	15910	7011	15910	7011	2111261.00	2008339.00	1503980.00	1.87E+06	1	FALSE	0	NA	16.1	41.59313	-80.35629	8.558333397	11.25	30.99173546	928.5028076	27	-9.300000191	36.29999924	19.63333321	-2.316666842	19.63333321	-3.233333349	1078	113	57	19.97618866	325	194	325	202	180
N/A	N/A	Pe_16S00347	Pseudacris crucifer	3/16/24	Pennsylvania	Phelps Pond	N/A	NA	Adult	N/A	N/A	N/A	398.00	84.00	398000.00	8400	0.021105528	350	310	10	100	4	1400000	1054127	0.752947857	0.247052143	27819.69978	27514.10112	27264.23852	27532.67981	24961.95731	25826.57584	25594.75941	25461.09752	0.924759148	17407	9791	17407	9791	1076031.00	1453167.00	1363085.00	1.30E+06	1	FALSE	0	NA	11.6	41.69128	-80.51248	8.620833397	10.90833378	30.05050468	935.9450073	27	-9.300000191	36.29999924	19.76666641	-2.400000095	19.76666641	-3.233333349	1054	108	55	19.77835846	313	188	313	198	1230
N/A	N/A	Pe_16S00793	Pseudacris crucifer	10/12/24	Pennsylvania	Tuttle Pond	N/A	NA	Adult	N/A	N/A	N/A	250.00	246.00	250000.00	24600	0.0984	351	238	10	100	4	1404000	989008	0.704421652	0.295578348	25692.69115	25978.91177	25562.71315	25744.77203	24978.07479	25390.29	24418.07687	24928.81389	0.968305871	10834	7834	10834	7834	2250672.00	1723481.00	1172304.00	1.72E+06	1	FALSE	0	NA	NA	41.69171	-80.50082	8.524999619	10.9333334	30.20257759	935.7143555	26.89999962	-9.300000191	36.20000076	19.66666603	-2.483333349	19.66666603	-3.333333254	1062	109	55	19.7213974	315	189	315	200	800
N/A	N/A	Pe_16S00520	Pseudacris crucifer	6/18/24	Pennsylvania	Tyron Weber	N/A	NA	Adult	N/A	N/A	N/A	390.00	56.00	390000.00	5600	0.014358974	354	388	10	100	4	1416000	1047551	0.739795904	0.260204096	25072.47231	24411.37788	24534.73917	24672.86312	24085.22422	23924.86367	24168.021	24059.36963	0.975134889	6893	4638	6893	4638	1516856.00	1402385.00	1420824.00	1.45E+06	1	FALSE	0	NA	20.5	41.59313	-80.35629	8.558333397	11.25	30.99173546	928.5028076	27	-9.300000191	36.29999924	19.63333321	-2.316666842	19.63333321	-3.233333349	1078	113	57	19.97618866	325	194	325	202	800
N/A	N/A	Pe_16S00525	Pseudacris crucifer	6/18/24	Pennsylvania	Tyron Weber	N/A	NA	Adult	N/A	N/A	N/A	465.00	198.00	465000.00	19800	0.042580645	357	347	10	100	4	1428000	960581	0.67267577	0.32732423	26005.67565	25853.5319	26064.80235	25974.66997	23356.60433	24099.94093	24763.25922	24073.26816	0.926797846	11679	4689	11679	4689	1878677.00	1545160.00	1142823.00	1.52E+06	1	FALSE	0	NA	18.9	41.59313	-80.35629	8.558333397	11.25	30.99173546	928.5028076	27	-9.300000191	36.29999924	19.63333321	-2.316666842	19.63333321	-3.233333349	1078	113	57	19.97618866	325	194	325	202	800
N/A	N/A	Pe_16S00395	Pseudacris crucifer	5/8/24	Pennsylvania	Tuttle Pond	N/A	NA	Adult	N/A	N/A	N/A	672.00	83.00	672000.00	8300	0.01235119	361	316	10	100	4	1444000	966105	0.669047784	0.330952216	26420.30682	26209.29321	25189.32272	25939.64092	26120.80511	24878.7793	23693.74713	24897.77718	0.959835075	11551	7720	11551	7720	1689490.00	2949417.00	1308920.00	1.98E+06	1	FALSE	0	NA	15.3	41.69171	-80.50082	8.524999619	10.9333334	30.20257759	935.7143555	26.89999962	-9.300000191	36.20000076	19.66666603	-2.483333349	19.66666603	-3.333333254	1062	109	55	19.7213974	315	189	315	200	800
N/A	N/A	Pe_16S00527	Pseudacris crucifer	6/18/24	Pennsylvania	Tyron Weber	N/A	NA	Adult	N/A	N/A	N/A	375.00	78.00	375000.00	7800	0.0208	390	370	10	100	4	1560000	1076966	0.690362821	0.309637179	26472.27301	26334.11467	26489.58116	26431.98961	26067.90528	25100.51998	24534.26092	25234.22873	0.954685179	13361	8957	13361	8957	1863718.00	2186096.00	2259664.00	2.10E+06	1	FALSE	0	NA	18.7	41.59313	-80.35629	8.558333397	11.25	30.99173546	928.5028076	27	-9.300000191	36.29999924	19.63333321	-2.316666842	19.63333321	-3.233333349	1078	113	57	19.97618866	325	194	325	202	800
N/A	N/A	Pe_16S00417	Pseudacris crucifer	5/14/24	Pennsylvania	RV Pond	N/A	NA	Adult	N/A	N/A	N/A	253.00	51.00	253000.00	5100	0.020158103	396	372	10	100	4	1584000	1067673	0.674035985	0.325964015	26246.80759	26526.10411	26521.18299	26431.3649	25947.59678	25552.89589	24856.96113	25452.4846	0.962965201	13358	9760	13358	9760	1808700.00	1029614.00	1440358.00	1.43E+06	1	FALSE	0	NA	14.9	41.63888	-80.49512	8.8125	10.74166679	29.51007271	941.782959	27.20000076	-9.199999809	36.40000153	20.03333282	-2.283333302	20.03333282	-3.066666603	1045	108	54	19.86804199	311	186	311	196	800
N/A	N/A	Pe_16S00345	Pseudacris crucifer	3/16/24	Pennsylvania	Phelps Pond	N/A	NA	Adult	N/A	N/A	N/A	800.00	14.00	800000.00	1400	0.00175	406	379	10	100	4	1624000	1255194	0.772902709	0.227097291	26331.68907	25114.46302	24579.95143	25342.03451	24425.95831	24149.62804	22220.33533	23598.64056	0.931205447	9354	2944	9354	2944	1647773.00	2445376.00	1568615.00	1.89E+06	1	FALSE	0	NA	7.9	41.69128	-80.51248	8.620833397	10.90833378	30.05050468	935.9450073	27	-9.300000191	36.29999924	19.76666641	-2.400000095	19.76666641	-3.233333349	1054	108	55	19.77835846	313	188	313	198	1230
PA149	BacSwab00241	BacSwab00241	Rana catesbeiana	6/4/22	Pennsylvania	Tuttle Pond	N/A	NA	Adult	Female	46.5	11.1	96.00	100.00	96000.00	10000	0.104166667	278	253	10	100	4	1112000	746502	0.671314748	0.328685252	25923.16834	25100.40823	26316.22086	25779.93248	23379.63351	23631.5759	23441.6054	23484.2716	0.910951634	10963	2524	10963	2524	957613.00	1077787.00	1564227.00	1.20E+06	1	FALSE	0	NA	23.4	41.69171	-80.50082	8.524999619	10.9333334	30.20257759	935.7143555	26.89999962	-9.300000191	36.20000076	19.66666603	-2.483333349	19.66666603	-3.333333254	1062	109	55	19.7213974	315	189	315	200	800
PA195	BacSwab00256	BacSwab00256	Rana catesbeiana	5/12/22	Pennsylvania	RV Pond	N/A	NA	Adult	Female	48.4	14.1	169.00	110.00	169000.00	11000	0.065088757	278	258	10	100	4	1112000	827192	0.743877698	0.256122302	27838.48294	27255.5643	28578.17411	27890.74045	25103.42505	25236.56304	26060.63361	25466.8739	0.91309422	18724	9813	18724	9813	697455.00	843042.00	1510850.00	1.02E+06	1	FALSE	0	NA	22.7	41.69171	-80.50082	8.524999619	10.9333334	30.20257759	935.7143555	26.89999962	-9.300000191	36.20000076	19.66666603	-2.483333349	19.66666603	-3.333333254	1062	109	55	19.7213974	315	189	315	200	1165
PA200	BacSwab00261	BacSwab00261	Rana catesbeiana	5/12/22	Pennsylvania	RV Pond	N/A	NA	Juvenile	Unknown	40.2	6.3	95.00	300.00	95000.00	30000	0.315789474	286	227	10	100	4	1144000	829205	0.724829545	0.275170455	25917.71854	26591.62369	26370.22229	26293.18817	24749.37449	25243.29767	23566.33289	24519.66835	0.932548316	12850	6330	12850	6330	811402.00	1124205.00	1401551.00	1.11E+06	1	FALSE	0	NA	24.6	41.63888	-80.49512	8.8125	10.74166679	29.51007271	941.782959	27.20000076	-9.199999809	36.40000153	20.03333282	-2.283333302	20.03333282	-3.066666603	1045	108	54	19.86804199	311	186	311	196	800
PA145	BacSwab00244	BacSwab00244	Rana catesbeiana	6/4/22	Pennsylvania	Tuttle Pond	N/A	NA	Adult	Female	51.2	14	147.00	200.00	147000.00	20000	0.136054422	290	260	10	100	4	1160000	835016	0.719841379	0.280158621	26385.38264	26515.2676	25750.51407	26217.05477	25451.45851	24032.17609	23196.1294	24226.588	0.924077407	12571	5253	12571	5253	1327004.00	1390245.00	1046028.00	1.25E+06	1	FALSE	0	NA	NA	41.69171	-80.50082	8.524999619	10.9333334	30.20257759	935.7143555	26.89999962	-9.300000191	36.20000076	19.66666603	-2.483333349	19.66666603	-3.333333254	1062	109	55	19.7213974	315	189	315	200	800
PA1182	BacSwab00218	BacSwab00218	Rana catesbeiana	5/27/22	Pennsylvania	Tuttle Pond	N/A	NA	Adult	Female	47	11.5	205.00	160.00	205000.00	16000	0.07804878	291	231	10	100	4	1164000	807278	0.693537801	0.306462199	25962.18706	26568.88207	26000.03832	26177.03582	24620.89939	24685.36497	24021.07309	24442.44581	0.933736195	12423	6046	12423	6046	1294905.00	782293.00	1685936.00	1.25E+06	1	FALSE	0	NA	18.6	41.64305	-80.4301	8.75	10.80000019	29.67033005	943.3282471	27.20000076	-9.199999809	36.40000153	20.01666641	-2.349999905	20.01666641	-3.133333206	1056	109	55	19.73647499	315	189	315	199	185
PA202	BacSwab00263	BacSwab00263	Rana catesbeiana	5/12/22	Pennsylvania	RV Pond	N/A	NA	Juvenile	Unknown	33	3.8	121.00	200.00	121000.00	20000	0.165289256	292	227	10	100	4	1168000	837596	0.717119863	0.282880137	26142.64415	25376.74086	25564.49698	25694.62733	24246.96411	23240.35788	24214.81589	23900.71263	0.930183276	10650	4055	10650	4055	1082014.00	1062149.00	1117424.00	1.09E+06	1	FALSE	0	NA	12.8	41.63888	-80.49512	8.8125	10.74166679	29.51007271	941.782959	27.20000076	-9.199999809	36.40000153	20.03333282	-2.283333302	20.03333282	-3.066666603	1045	108	54	19.86804199	311	186	311	196	800
PA151	BacSwab00212	BacSwab00212	Rana catesbeiana	5/26/22	Pennsylvania	Tuttle Pond	N/A	NA	Adult	Female	52.7	14.8	114.00	400.00	114000.00	40000	0.350877193	293	248	10	100	4	1172000	790502	0.674489761	0.325510239	26969.52638	27294.05208	27060.67666	27108.08504	26345.44918	25179.2818	24878.20284	25467.64461	0.939485197	15846	9815	15846	9815	1025420.00	1055598.00	1626743.00	1.24E+06	1	FALSE	0	NA	22.9	41.71212	-80.38903	8.445833206	10.92500019	30.2631588	931.9516602	26.79999924	-9.300000191	36.09999847	19.58333206	-2.450000048	19.58333206	-3.383333445	1086	111	58	19.02963638	321	197	321	207	330
PA148	BacSwab00247	BacSwab00247	Rana catesbeiana	6/4/22	Pennsylvania	Tuttle Pond	N/A	NA	Adult	Female	49.5	12	143.00	300.00	143000.00	30000	0.20979021	293	244	10	100	4	1172000	771899	0.658616894	0.341383106	26343.78384	25467.36246	25134.85467	25648.66699	24035.00366	24635.78463	24711.97009	24460.91946	0.953691647	10481	6114	10481	6114	1150379.00	932047.00	1248823.00	1.11E+06	1	FALSE	0	NA	NA	41.69171	-80.50082	8.524999619	10.9333334	30.20257759	935.7143555	26.89999962	-9.300000191	36.20000076	19.66666603	-2.483333349	19.66666603	-3.333333254	1062	109	55	19.7213974	315	189	315	200	800
PA126	BacSwab00226	BacSwab00226	Rana catesbeiana	5/27/22	Pennsylvania	Tuttle Pond	N/A	NA	Juvenile	Unknown	49.8	11	97.00	200.00	97000.00	20000	0.206185567	294	249	10	100	4	1176000	857733	0.729364796	0.270635204	26566.77883	25654.77208	25690.69549	25970.7488	26203.40517	23168.50055	23884.67824	24418.86132	0.940244793	11665	5960	11665	5960	895559.00	1508970.00	1479362.00	1.29E+06	1	FALSE	0	NA	17.8	41.64305	-80.4301	8.75	10.80000019	29.67033005	943.3282471	27.20000076	-9.199999809	36.40000153	20.01666641	-2.349999905	20.01666641	-3.133333206	1056	109	55	19.73647499	315	189	315	199	185
PA108	BacSwab00208	BacSwab00208	Rana catesbeiana	5/26/22	Pennsylvania	Tuttle Pond	N/A	NA	Adult	Female	58.4	18.3	171.00	210.00	171000.00	21000	0.122807018	295	238	10	100	4	1180000	777703	0.659070339	0.340929661	25755.66917	24351.40888	25137.08806	25081.38871	25420.53338	22777.79537	23923.13391	24040.48756	0.958499062	8395	4568	8395	4568	1155639.00	1042745.00	1015002.00	1.07E+06	1	FALSE	0	NA	17.1	41.71212	-80.38903	8.445833206	10.92500019	30.2631588	931.9516602	26.79999924	-9.300000191	36.09999847	19.58333206	-2.450000048	19.58333206	-3.383333445	1086	111	58	19.02963638	321	197	321	207	330
PA129	BacSwab00229	BacSwab00229	Rana catesbeiana	6/3/22	Pennsylvania	Tuttle Pond	N/A	NA	Juvenile	Unknown	38.6	7.8	133.00	40.00	133000.00	4000	0.030075188	295	240	10	100	4	1180000	773957	0.655895763	0.344104237	25220.10656	25325.89614	25955.83421	25500.61231	22554.7446	23137.86652	23396.1695	23029.59354	0.90309963	9937	852	9937	852	1539361.00	917237.00	1401612.00	1.29E+06	1	FALSE	0	NA	NA	41.64305	-80.4301	8.75	10.80000019	29.67033005	943.3282471	27.20000076	-9.199999809	36.40000153	20.01666641	-2.349999905	20.01666641	-3.133333206	1056	109	55	19.73647499	315	189	315	199	185
PA12	BacSwab00130	BacSwab00130	Rana catesbeiana	7/12/22	Pennsylvania	Vorisek Pond	N/A	NA	Juvenile	Unknown	60.2	17.5	181.00	180.00	181000.00	18000	0.099447514	296	243	10	100	4	1184000	831351	0.702154561	0.297845439	27358.76588	27373.99604	27641.10167	27457.95453	26787.35921	24564.04644	25554.81528	25635.40698	0.93362406	17133	10432	17133	10432	1277461.00	1535997.00	1177082.00	1.33E+06	1	FALSE	0	NA	22.5	41.69171	-80.50082	8.524999619	10.9333334	30.20257759	935.7143555	26.89999962	-9.300000191	36.20000076	19.66666603	-2.483333349	19.66666603	-3.333333254	1062	109	55	19.7213974	315	189	315	200	180
PA128	BacSwab00228	BacSwab00228	Rana catesbeiana	6/3/22	Pennsylvania	Tuttle Pond	N/A	NA	Adult	Female	50.6	15.2	163.00	140.00	163000.00	14000	0.085889571	297	261	10	100	4	1188000	787286	0.662698653	0.337301347	27104.88364	26867.75517	26764.9554	26912.5314	25553.67415	24368.40348	25178.8961	25033.65791	0.930185925	15127	8220	15127	8220	1101735.00	894700.00	1621661.00	1.21E+06	1	FALSE	0	NA	NA	41.64305	-80.4301	8.75	10.80000019	29.67033005	943.3282471	27.20000076	-9.199999809	36.40000153	20.01666641	-2.349999905	20.01666641	-3.133333206	1056	109	55	19.73647499	315	189	315	199	185
PA144	BacSwab00243	BacSwab00243	Rana catesbeiana	6/4/22	Pennsylvania	Tuttle Pond	N/A	NA	Adult	Female	53	13	52.00	300.00	52000.00	30000	0.576923077	298	242	10	100	4	1192000	899136	0.754308725	0.245691275	25050.53371	27061.81556	25482.10782	25864.81903	24782.40481	25491.61853	24906.77922	25060.26752	0.968893983	11276	8318	11276	8318	1133651.00	1817668.00	1346322.00	1.43E+06	1	FALSE	0	NA	20	41.69171	-80.50082	8.524999619	10.9333334	30.20257759	935.7143555	26.89999962	-9.300000191	36.20000076	19.66666603	-2.483333349	19.66666603	-3.333333254	1062	109	55	19.7213974	315	189	315	200	800
PA119	BacSwab00204	BacSwab00204	Rana catesbeiana	5/26/22	Pennsylvania	Tuttle Pond	N/A	NA	Adult	Female	43.9	8.8	159.00	170.00	159000.00	17000	0.106918239	298	269	10	100	4	1192000	883999	0.741609899	0.258390101	26468.98919	26441.20935	26733.31935	26547.8393	23752.73242	24423.75348	25112.06806	24429.51799	0.920207393	13787	5999	13787	5999	1177320.00	827346.00	1175180.00	1.06E+06	1	FALSE	0	NA	18.7	41.71212	-80.38903	8.445833206	10.92500019	30.2631588	931.9516602	26.79999924	-9.300000191	36.09999847	19.58333206	-2.450000048	19.58333206	-3.383333445	1086	111	58	19.02963638	321	197	321	207	330
PA135	BacSwab00232	BacSwab00232	Rana catesbeiana	6/3/22	Pennsylvania	Tuttle Pond	N/A	NA	Juvenile	Unknown	50.1	14	253.00	200.00	253000.00	20000	0.079051383	300	248	10	100	4	1200000	921497	0.767914167	0.232085833	24915.55203	25763.81198	25238.28955	25305.88452	23908.33757	24750.72019	23457.92023	24038.99266	0.949936867	9221	4563	9221	4563	1055473.00	792251.00	972173.00	9.40E+05	1	FALSE	0	NA	NA	41.64305	-80.4301	8.75	10.80000019	29.67033005	943.3282471	27.20000076	-9.199999809	36.40000153	20.01666641	-2.349999905	20.01666641	-3.133333206	1056	109	55	19.73647499	315	189	315	199	185
PA150	BacSwab00249	BacSwab00249	Rana catesbeiana	6/4/22	Pennsylvania	Tuttle Pond	N/A	NA	Adult	Female	43.6	6.7	160.00	200.00	160000.00	20000	0.125	305	244	10	100	4	1220000	816791	0.66950082	0.33049918	25817.08059	26997.54556	25979.45882	26264.69499	24485.73069	24126.8194	25479.64262	24697.39757	0.940326837	12746	6984	12746	6984	1896732.00	1072741.00	1104412.00	1.36E+06	1	FALSE	0	NA	23.4	41.69171	-80.50082	8.524999619	10.9333334	30.20257759	935.7143555	26.89999962	-9.300000191	36.20000076	19.66666603	-2.483333349	19.66666603	-3.333333254	1062	109	55	19.7213974	315	189	315	200	800
PA127	BacSwab00227	BacSwab00227	Rana catesbeiana	5/28/22	Pennsylvania	Tuttle Pond	N/A	NA	Adult	Female	50.5	16.2	135.00	210.00	135000.00	21000	0.155555556	305	251	10	100	4	1220000	799639	0.655441803	0.344558197	26412.30038	26104.01468	25698.19601	26071.50369	23626.98168	24965.36937	24433.60118	24341.98408	0.933662453	12035	5677	12035	5677	1128119.00	1615386.00	875530.00	1.21E+06	1	FALSE	0	NA	18.2	41.64305	-80.4301	8.75	10.80000019	29.67033005	943.3282471	27.20000076	-9.199999809	36.40000153	20.01666641	-2.349999905	20.01666641	-3.133333206	1056	109	55	19.73647499	315	189	315	199	185
PA239	BacSwab00303	BacSwab00303	Rana catesbeiana	5/18/22	Pennsylvania	RV Pond	N/A	NA	Juvenile	Unknown	33.2	4	118.00	630.00	118000.00	63000	0.533898305	306	261	10	100	4	1224000	952139	0.77789134	0.22210866	27025.93028	27610.4812	28151.14425	27595.85191	26621.65339	26904.1235	27373.58258	26966.45316	0.97719227	17640	15326	17640	15326	718566.00	1155020.00	1227251.00	1.03E+06	1	FALSE	0	NA	20.4	41.63888	-80.49512	8.8125	10.74166679	29.51007271	941.782959	27.20000076	-9.199999809	36.40000153	20.03333282	-2.283333302	20.03333282	-3.066666603	1045	108	54	19.86804199	311	186	311	196	800
PA224	BacSwab00304	BacSwab00304	Rana catesbeiana	6/14/22	Pennsylvania	Tuttle Pond	N/A	NA	Adult	Female	70.4	39.8	262.00	32.00	262000.00	3200	0.01221374	306	257	10	100	4	1224000	849445	0.693991013	0.306008987	26979.31976	26184.04247	27004.28533	26722.54919	26413.46572	25413.36795	26612.8866	26146.57342	0.978446077	14429	12311	14429	12311	897354.00	847450.00	1055244.00	9.33E+05	1	FALSE	0	NA	22.1	41.63888	-80.49512	8.8125	10.74166679	29.51007271	941.782959	27.20000076	-9.199999809	36.40000153	20.03333282	-2.283333302	20.03333282	-3.066666603	1045	108	54	19.86804199	311	186	311	196	185
PA2252	BacSwab00286	BacSwab00286	Rana catesbeiana	6/14/22	Pennsylvania	Tuttle Pond	N/A	NA	Adult	Female	59.6	38.6	186.00	210.00	186000.00	21000	0.112903226	306	237	10	100	4	1224000	962686	0.78650817	0.21349183	26789.78774	25886.58055	26124.46342	26266.9439	25063.60586	24554.33898	25396.10889	25004.68458	0.951944949	12754	8113	12754	8113	1022976.00	1240305.00	968419.00	1.08E+06	1	FALSE	0	NA	24.4	41.63888	-80.49512	8.8125	10.74166679	29.51007271	941.782959	27.20000076	-9.199999809	36.40000153	20.03333282	-2.283333302	20.03333282	-3.066666603	1045	108	54	19.86804199	311	186	311	196	185
PA2042	BacSwab00265	BacSwab00265	Rana catesbeiana	6/4/22	Pennsylvania	Tuttle Pond	N/A	NA	Adult	Female	54.9	20.5	120.00	200.00	120000.00	20000	0.166666667	306	265	10	100	4	1224000	961576	0.785601307	0.214398693	27185.6321	26785.83884	27502.42822	27157.96639	25881.08223	26165.13403	24481.46553	25509.22726	0.939290774	16030	9968	16030	9968	1294721.00	1049895.00	844916.00	1.06E+06	1	FALSE	0	1221.11	26.2	41.63888	-80.49512	8.8125	10.74166679	29.51007271	941.782959	27.20000076	-9.199999809	36.40000153	20.03333282	-2.283333302	20.03333282	-3.066666603	1045	108	54	19.86804199	311	186	311	196	185
PA13	BacSwab00224	BacSwab00224	Rana catesbeiana	5/27/22	Pennsylvania	Tuttle Pond	N/A	NA	Juvenile	Unknown	31.7	2.9	176.00	50.00	176000.00	5000	0.028409091	306	274	10	100	4	1224000	926049	0.75657598	0.24342402	26187.30193	26457.54222	25804.02991	26149.62469	24033.08519	24091.81783	24607.75862	24244.22055	0.927134551	12323	5317	12323	5317	1310820.00	963978.00	964498.00	1.08E+06	1	FALSE	0	NA	NA	41.64305	-80.4301	8.75	10.80000019	29.67033005	943.3282471	27.20000076	-9.199999809	36.40000153	20.01666641	-2.349999905	20.01666641	-3.133333206	1056	109	55	19.73647499	315	189	315	199	185
PA118	BacSwab00219	BacSwab00219	Rana catesbeiana	5/27/22	Pennsylvania	Tuttle Pond	N/A	NA	Adult	Female	68.9	44.2	220.00	150.00	220000.00	15000	0.068181818	307	241	10	100	4	1228000	825489	0.672222313	0.327777687	25406.71085	25986.63068	25439.02342	25610.78832	23089.92665	23418.94269	22770.81426	23093.22787	0.901699221	10342	1086	10342	1086	811564.00	855844.00	1250168.00	9.73E+05	1	FALSE	0	NA	17.6	41.64305	-80.4301	8.75	10.80000019	29.67033005	943.3282471	27.20000076	-9.199999809	36.40000153	20.01666641	-2.349999905	20.01666641	-3.133333206	1056	109	55	19.73647499	315	189	315	199	185
PA136	BacSwab00236	BacSwab00236	Rana catesbeiana	6/4/22	Pennsylvania	Tuttle Pond	N/A	NA	Adult	Female	51.2	21	166.00	300.00	166000.00	30000	0.180722892	307	249	10	100	4	1228000	823261	0.67040798	0.32959202	28070.87393	27007.57391	27319.73436	27466.06073	26284.71974	24765.26903	25018.33967	25356.10948	0.923179692	17162	9405	17162	9405	1380072.00	1281775.00	1066373.00	1.24E+06	1	FALSE	0	NA	19.7	41.69171	-80.50082	8.524999619	10.9333334	30.20257759	935.7143555	26.89999962	-9.300000191	36.20000076	19.66666603	-2.483333349	19.66666603	-3.333333254	1062	109	55	19.7213974	315	189	315	200	800
PA208	BacSwab00269	BacSwab00269	Rana catesbeiana	6/14/22	Pennsylvania	Tuttle Pond	N/A	NA	Adult	Female	66.6	31.9	243.00	189.00	243000.00	18900	0.077777778	308	252	10	100	4	1232000	948305	0.769728084	0.230271916	24746.73984	26140.86005	25233.63893	25373.74627	23468.95706	24653.88828	23981.53429	24034.79321	0.947230769	9470	4548	9470	4548	1491691.00	1163065.00	1237340.00	1.30E+06	1	FALSE	0	800.58	12.3	41.63888	-80.49512	8.8125	10.74166679	29.51007271	941.782959	27.20000076	-9.199999809	36.40000153	20.03333282	-2.283333302	20.03333282	-3.066666603	1045	108	54	19.86804199	311	186	311	196	185
PA146	BacSwab00245	BacSwab00245	Rana catesbeiana	6/4/22	Pennsylvania	Tuttle Pond	N/A	NA	Adult	Female	57.8	18	207.00	100.00	207000.00	10000	0.048309179	308	249	10	100	4	1232000	819797	0.665419643	0.334580357	27350.07564	25788.8522	26163.25165	26434.05983	24554.17214	25367.47704	25081.63644	25001.09521	0.945790974	13368	8100	13368	8100	1208597.00	1245294.00	885033.00	1.11E+06	1	FALSE	0	NA	22.9	41.69171	-80.50082	8.524999619	10.9333334	30.20257759	935.7143555	26.89999962	-9.300000191	36.20000076	19.66666603	-2.483333349	19.66666603	-3.333333254	1062	109	55	19.7213974	315	189	315	200	800
PA153	BacSwab00252	BacSwab00252	Rana catesbeiana	6/4/22	Pennsylvania	Tuttle Pond	N/A	NA	Adult	Female	47.2	11.9	135.00	500.00	135000.00	50000	0.37037037	309	251	10	100	4	1236000	812929	0.657709547	0.342290453	26389.42298	26621.41444	26649.11979	26553.31907	26057.95812	23797.79693	24022.81609	24626.19038	0.927424188	13807	6722	13807	6722	911207.00	1409659.00	1107109.00	1.14E+06	1	FALSE	0	NA	20.9	41.69171	-80.50082	8.524999619	10.9333334	30.20257759	935.7143555	26.89999962	-9.300000191	36.20000076	19.66666603	-2.483333349	19.66666603	-3.333333254	1062	109	55	19.7213974	315	189	315	200	800
PA207	BacSwab00268	BacSwab00268	Rana catesbeiana	6/7/22	Pennsylvania	Tuttle Pond	N/A	NA	Adult	Female	68.5	35.2	248.00	179.00	248000.00	17900	0.072177419	309	275	10	100	4	1236000	884679	0.715759709	0.284240291	25885.27112	25793.11926	25577.35147	25751.91395	25590.72454	23270.8357	23745.60101	24202.38709	0.939828672	10860	5164	10860	5164	1071916.00	1290274.00	1278468.00	1.21E+06	1	FALSE	0	3557.29	24.3	41.63888	-80.49512	8.8125	10.74166679	29.51007271	941.782959	27.20000076	-9.199999809	36.40000153	20.03333282	-2.283333302	20.03333282	-3.066666603	1045	108	54	19.86804199	311	186	311	196	185
PA205	BacSwab00266	BacSwab00266	Rana catesbeiana	6/7/22	Pennsylvania	Tuttle Pond	N/A	NA	Juvenile	Unknown	50.1	13.7	233.00	100.00	233000.00	10000	0.042918455	309	259	10	100	4	1236000	963716	0.779705502	0.220294498	27200.54054	26535.76714	26402.26056	26712.85608	26107.51868	24816.77757	24702.57942	25208.95855	0.943701358	14393	8864	14393	8864	1099314.00	1210245.00	1342990.00	1.22E+06	1	FALSE	0	6634.32	21.9	41.63888	-80.49512	8.8125	10.74166679	29.51007271	941.782959	27.20000076	-9.199999809	36.40000153	20.03333282	-2.283333302	20.03333282	-3.066666603	1045	108	54	19.86804199	311	186	311	196	185
PA219	BacSwab00280	BacSwab00280	Rana catesbeiana	6/14/22	Pennsylvania	Tuttle Pond	N/A	NA	Adult	Female	65.8	55.6	239.00	315.00	239000.00	31500	0.131799163	310	255	10	100	4	1240000	916785	0.739342742	0.260657258	27461.11277	27377.70769	27236.18598	27358.33548	25912.57064	26922.89557	25245.36519	26026.9438	0.951335063	16766	11872	16766	11872	1020361.00	1813035.00	1252249.00	1.36E+06	1	FALSE	0	NA	12.9	41.63888	-80.49512	8.8125	10.74166679	29.51007271	941.782959	27.20000076	-9.199999809	36.40000153	20.03333282	-2.283333302	20.03333282	-3.066666603	1045	108	54	19.86804199	311	186	311	196	185
PA113	BacSwab00212	BacSwab00213	Rana catesbeiana	5/27/22	Pennsylvania	Tuttle Pond	N/A	NA	Adult	Female	52.7	14.8	155.00	150.00	155000.00	15000	0.096774194	310	243	10	100	4	1240000	843678	0.680385484	0.319614516	25618.94572	25748.4046	25314.95544	25560.76859	23593.83881	23730.13163	22836.68459	23386.88501	0.914952339	10158	2166	10158	2166	1403572.00	1120916.00	1225989.00	1.25E+06	1	FALSE	0	NA	20.8	41.71212	-80.38903	8.445833206	10.92500019	30.2631588	931.9516602	26.79999924	-9.300000191	36.09999847	19.58333206	-2.450000048	19.58333206	-3.383333445	1086	111	58	19.02963638	321	197	321	207	330
PA141	BacSwab00239	BacSwab00240	Rana catesbeiana	6/4/22	Pennsylvania	Tuttle Pond	N/A	NA	Juvenile	Unknown	48.2	14.9	309.00	30.00	309000.00	3000	0.009708738	310	253	10	100	4	1240000	812186	0.65498871	0.34501129	25408.46884	24833.61169	25725.53966	25322.54006	24353.33433	22205.15483	24828.17636	23795.55517	0.939698589	9282	3668	9282	3668	1113895.00	1044827.00	1122260.00	1.09E+06	1	FALSE	0	NA	19.5	41.69171	-80.50082	8.524999619	10.9333334	30.20257759	935.7143555	26.89999962	-9.300000191	36.20000076	19.66666603	-2.483333349	19.66666603	-3.333333254	1062	109	55	19.7213974	315	189	315	200	800
PA132	BacSwab00232	BacSwab00232a	Rana catesbeiana	6/4/22	Pennsylvania	Tuttle Pond	N/A	NA	Juvenile	Unknown	50.1	14	238.00	300.00	238000.00	30000	0.12605042	310	274	10	100	4	1240000	862236	0.695351613	0.304648387	25813.44625	26631.04487	26189.72584	26211.40565	23393.73752	24096.68338	23494.82313	23661.74801	0.902727169	12550	3176	12550	3176	1877689.00	1766145.00	1245998.00	1.63E+06	1	FALSE	0	NA	22.5	41.69171	-80.50082	8.524999619	10.9333334	30.20257759	935.7143555	26.89999962	-9.300000191	36.20000076	19.66666603	-2.483333349	19.66666603	-3.333333254	1062	109	55	19.7213974	315	189	315	200	800
PA73	BacSwab00175	BacSwab00175	Rana catesbeiana	5/11/22	Pennsylvania	RV Pond	N/A	NA	Adult	Female	86	75	166.00	331.00	166000.00	33100	0.19939759	310	281	10	100	4	1240000	946027	0.762925	0.237075	25293.95459	26733.09428	26416.56485	26147.87124	24815.71467	26430.02152	23722.55077	24989.42899	0.955696498	12316	8057	12316	8057	1829184.00	1789578.00	965505.00	1.53E+06	1	FALSE	0	NA	22.9	41.69171	-80.50082	8.524999619	10.9333334	30.20257759	935.7143555	26.89999962	-9.300000191	36.20000076	19.66666603	-2.483333349	19.66666603	-3.333333254	1062	109	55	19.7213974	315	189	315	200	1165
PA14	BacSwab00131	BacSwab00132	Rana catesbeiana	7/12/22	Pennsylvania	Vorisek Pond	N/A	NA	Adult	Female	80	54	217.00	50.00	217000.00	5000	0.023041475	311	239	10	100	4	1244000	817063	0.656803055	0.343196945	26044.80861	26775.28631	27173.20515	26664.43336	25653.61536	23843.23176	26743.12318	25413.32343	0.953079448	14215	9616	14215	9616	1476343.00	988904.00	1129820.00	1.20E+06	1	FALSE	0	NA	19.7	41.69171	-80.50082	8.524999619	10.9333334	30.20257759	935.7143555	26.89999962	-9.300000191	36.20000076	19.66666603	-2.483333349	19.66666603	-3.333333254	1062	109	55	19.7213974	315	189	315	200	180
PA86	BacSwab00188	BacSwab00188	Rana catesbeiana	5/11/22	Pennsylvania	RV Pond	N/A	NA	Adult	Female	86.7	71.5	206.00	221.00	206000.00	22100	0.107281553	312	285	10	100	4	1248000	853649	0.684013622	0.315986378	26419.09376	25403.04729	25087.66328	25636.60145	25430.27862	25026.60407	24005.31287	24820.73185	0.968175595	10437	7437	10437	7437	1277908.00	1543719.00	2011307.00	1.61E+06	1	FALSE	0	NA	19.8	41.69171	-80.50082	8.524999619	10.9333334	30.20257759	935.7143555	26.89999962	-9.300000191	36.20000076	19.66666603	-2.483333349	19.66666603	-3.333333254	1062	109	55	19.7213974	315	189	315	200	1165
PA96	BacSwab00196	BacSwab00196	Rana catesbeiana	5/26/22	Pennsylvania	Tuttle Pond	N/A	NA	Adult	Female	55.9	18.4	262.00	552.00	262000.00	55200	0.210687023	313	251	10	100	4	1252000	906919	0.724376198	0.275623802	26448.23512	25493.57232	26539.37586	26160.39443	25161.30419	24318.6244	25421.19222	24967.04027	0.954383174	12362	7975	12362	7975	1161895.00	1145482.00	1996469.00	1.43E+06	1	FALSE	0	1364.55	21.3	41.71212	-80.38903	8.445833206	10.92500019	30.2631588	931.9516602	26.79999924	-9.300000191	36.09999847	19.58333206	-2.450000048	19.58333206	-3.383333445	1086	111	58	19.02963638	321	197	321	207	330
PA198	BacSwab00259	BacSwab00259	Rana catesbeiana	5/12/22	Pennsylvania	RV Pond	N/A	NA	Juvenile	Unknown	40.6	6.4	136.00	140.00	136000.00	14000	0.102941176	313	268	10	100	4	1252000	939852	0.750680511	0.249319489	26089.65471	25930.43775	25366.10447	25795.39897	24310.97433	25328.63973	23493.883	24377.83235	0.945045757	11020	5809	11020	5809	1341604.00	1217221.00	1528328.00	1.36E+06	1	FALSE	0	NA	22.9	41.63888	-80.49512	8.8125	10.74166679	29.51007271	941.782959	27.20000076	-9.199999809	36.40000153	20.03333282	-2.283333302	20.03333282	-3.066666603	1045	108	54	19.86804199	311	186	311	196	800
PA68	BacSwab00170	BacSwab00170	Rana catesbeiana	5/5/22	Pennsylvania	RV Pond	N/A	NA	Adult	Female	95.4	87.3	165.00	45.00	165000.00	4500	0.027272727	315	287	10	100	4	1260000	894429	0.709864286	0.290135714	24160.74889	25583.12255	26483.0058	25408.95908	23595.54173	24088.03471	23596.70558	23760.09401	0.935106941	9600	3538	9600	3538	1410795.00	1911238.00	721127.00	1.35E+06	1	FALSE	0	NA	NA	41.69171	-80.50082	8.524999619	10.9333334	30.20257759	935.7143555	26.89999962	-9.300000191	36.20000076	19.66666603	-2.483333349	19.66666603	-3.333333254	1062	109	55	19.7213974	315	189	315	200	1165
PA196	BacSwab00257	BacSwab00257	Rana catesbeiana	5/12/22	Pennsylvania	RV Pond	N/A	NA	Adult	Female	48.6	10.3	301.00	120.00	301000.00	12000	0.03986711	315	255	10	100	4	1260000	896143	0.711224603	0.288775397	26932.05113	26198.47128	26848.55995	26659.69412	24040.53717	25063.72185	26347.26229	25150.50711	0.943390685	14198	8649	14198	8649	1462114.00	1561383.00	1236480.00	1.42E+06	1	FALSE	0	NA	19.6	41.69171	-80.50082	8.524999619	10.9333334	30.20257759	935.7143555	26.89999962	-9.300000191	36.20000076	19.66666603	-2.483333349	19.66666603	-3.333333254	1062	109	55	19.7213974	315	189	315	200	1165
PA197	BacSwab00258	BacSwab00258	Rana catesbeiana	5/12/22	Pennsylvania	RV Pond	N/A	NA	Juvenile	Unknown	43.4	8.2	212.00	99.00	212000.00	9900	0.046698113	318	254	10	100	4	1272000	872373	0.68582783	0.31417217	26911.79214	27142.21861	26478.67496	26844.22857	24964.62539	24535.61905	25188.03409	24896.09285	0.927428135	14876	7714	14876	7714	841241.00	1515994.00	1386900.00	1.25E+06	1	FALSE	0	NA	21.5	41.63888	-80.49512	8.8125	10.74166679	29.51007271	941.782959	27.20000076	-9.199999809	36.40000153	20.03333282	-2.283333302	20.03333282	-3.066666603	1045	108	54	19.86804199	311	186	311	196	800
PA130	BacSwab00230	BacSwab00230	Rana catesbeiana	6/3/22	Pennsylvania	Tuttle Pond	N/A	NA	Adult	Female	35.2	8.9	173.00	300.00	173000.00	30000	0.173410405	320	231	10	100	4	1280000	859864	0.67176875	0.32823125	26292.81052	27440.74428	26558.8382	26764.131	23796.08965	26355.95887	23957.55515	24703.20122	0.922996574	14582	7005	14582	7005	1454389.00	1029407.00	1600932.00	1.36E+06	1	FALSE	0	NA	NA	41.64305	-80.4301	8.75	10.80000019	29.67033005	943.3282471	27.20000076	-9.199999809	36.40000153	20.01666641	-2.349999905	20.01666641	-3.133333206	1056	109	55	19.73647499	315	189	315	199	185
PA125	BacSwab00225	BacSwab00225	Rana catesbeiana	5/27/22	Pennsylvania	Tuttle Pond	N/A	NA	Adult	Female	46.1	7.6	246.00	190.00	246000.00	19000	0.077235772	320	247	10	100	4	1280000	957388	0.747959375	0.252040625	25079.73235	24716.81016	23878.29587	24558.27946	23811.02573	22496.87839	23406.58803	23238.16405	0.946245607	6472	1619	6472	1619	1556692.00	1371951.00	1530193.00	1.49E+06	1	FALSE	0	NA	18.2	41.64305	-80.4301	8.75	10.80000019	29.67033005	943.3282471	27.20000076	-9.199999809	36.40000153	20.01666641	-2.349999905	20.01666641	-3.133333206	1056	109	55	19.73647499	315	189	315	199	185
PA206	BacSwab00267	BacSwab00267	Rana catesbeiana	6/7/22	Pennsylvania	Tuttle Pond	N/A	NA	Adult	Female	75.8	56.2	299.00	168.00	299000.00	16800	0.056187291	320	264	10	100	4	1280000	975383	0.762017969	0.237982031	26998.7907	26925.18995	26416.10422	26780.02829	25057.28297	25776.64867	23685.85151	24839.92772	0.9275542	14640	7508	14640	7508	1124876.00	1214322.00	2035835.00	1.46E+06	1	FALSE	0	5414.64	22.3	41.63888	-80.49512	8.8125	10.74166679	29.51007271	941.782959	27.20000076	-9.199999809	36.40000153	20.03333282	-2.283333302	20.03333282	-3.066666603	1045	108	54	19.86804199	311	186	311	196	185
PA98	BacSwab00198	BacSwab00198	Rana catesbeiana	5/26/22	Pennsylvania	Tuttle Pond	N/A	NA	Adult	Female	46.9	11.3	223.00	111.00	223000.00	11100	0.049775785	321	251	10	100	4	1284000	925441	0.720748442	0.279251558	25793.57536	26018.04961	24978.80707	25596.81068	25458.03808	25679.58613	23564.92534	24900.84985	0.972810643	10290	7732	10290	7732	1557651.00	2072271.00	1256856.00	1.63E+06	1	FALSE	0	773.41	23.5	41.71212	-80.38903	8.445833206	10.92500019	30.2631588	931.9516602	26.79999924	-9.300000191	36.09999847	19.58333206	-2.450000048	19.58333206	-3.383333445	1086	111	58	19.02963638	321	197	321	207	330
PA147	BacSwab00246	BacSwab00246	Rana catesbeiana	6/4/22	Pennsylvania	Tuttle Pond	N/A	NA	Adult	Female	44.4	9.5	501.00	600.00	501000.00	60000	0.119760479	321	244	10	100	4	1284000	962127	0.749320093	0.250679907	26312.36966	26974.02834	25949.75129	26412.04976	25633.82344	24260.17328	23464.12095	24452.70589	0.925816289	13287	6084	13287	6084	1793103.00	1789515.00	1406967.00	1.66E+06	1	FALSE	0	NA	25.5	41.69171	-80.50082	8.524999619	10.9333334	30.20257759	935.7143555	26.89999962	-9.300000191	36.20000076	19.66666603	-2.483333349	19.66666603	-3.333333254	1062	109	55	19.7213974	315	189	315	200	800
PA74	BacSwab00176	BacSwab00176	Rana catesbeiana	5/11/22	Pennsylvania	RV Pond	N/A	NA	Adult	Female	73.2	45	242.00	221.00	242000.00	22100	0.091322314	322	249	10	100	4	1288000	879257	0.68265295	0.31734705	24983.65126	24193.90609	25583.84168	24920.46634	23406.41627	22606.18154	23849.34486	23287.31422	0.934465427	7804	1799	7804	1799	1742578.00	1251110.00	1162341.00	1.39E+06	1	FALSE	0	NA	19.8	41.69171	-80.50082	8.524999619	10.9333334	30.20257759	935.7143555	26.89999962	-9.300000191	36.20000076	19.66666603	-2.483333349	19.66666603	-3.333333254	1062	109	55	19.7213974	315	189	315	200	1165
PA97	BacSwab00197	BacSwab00197	Rana catesbeiana	5/26/22	Pennsylvania	Tuttle Pond	N/A	NA	Adult	Female	50.6	15	431.00	441.00	431000.00	44100	0.102320186	322	289	10	100	4	1288000	870495	0.675850155	0.324149845	26086.25049	25161.64476	26840.5999	26029.49838	25337.31687	24770.66858	24218.28214	24775.42253	0.951820975	11881	7270	11881	7270	1383722.00	1211331.00	1106166.00	1.23E+06	1	FALSE	0	3119.71	20.4	41.71212	-80.38903	8.445833206	10.92500019	30.2631588	931.9516602	26.79999924	-9.300000191	36.09999847	19.58333206	-2.450000048	19.58333206	-3.383333445	1086	111	58	19.02963638	321	197	321	207	330
PA242	BacSwab00142	BacSwab00142	Rana catesbeiana	7/12/22	Pennsylvania	Vorisek Pond	N/A	NA	Juvenile	Unknown	49.5	15.2	253.00	105.00	253000.00	10500	0.041501976	322	289	10	100	4	1288000	930076	0.722108696	0.277891304	25549.45542	23916.02178	24592.62265	24686.03328	25293.23954	22919.31686	23261.28232	23824.61291	0.96510495	6942	3775	6942	3775	1153769.00	2132634.00	1046185.00	1.44E+06	1	FALSE	0	NA	20.9	41.69171	-80.50082	8.524999619	10.9333334	30.20257759	935.7143555	26.89999962	-9.300000191	36.20000076	19.66666603	-2.483333349	19.66666603	-3.333333254	1062	109	55	19.7213974	315	189	315	200	180
PA49	BacSwab00159	BacSwab00159	Rana catesbeiana	5/5/22	Pennsylvania	RV Pond	N/A	NA	Juvenile	Unknown	46.8	9	312.00	315.00	312000.00	31500	0.100961538	322	265	10	100	4	1288000	940590	0.730271739	0.269728261	26463.51313	27182.68373	26164.33285	26603.50991	26189.97789	25544.04296	24184.13073	25306.05052	0.951229767	13991	9221	13991	9221	1654872.00	1727368.00	1655057.00	1.68E+06	1	FALSE	0	799.535	16	41.63888	-80.49512	8.8125	10.74166679	29.51007271	941.782959	27.20000076	-9.199999809	36.40000153	20.03333282	-2.283333302	20.03333282	-3.066666603	1045	108	54	19.86804199	311	186	311	196	800
PA220	BacSwab00281	BacSwab00281	Rana catesbeiana	6/14/22	Pennsylvania	Tuttle Pond	N/A	NA	Adult	Female	53.5	18.6	220.00	315.00	220000.00	31500	0.143181818	323	262	10	100	4	1292000	956402	0.740249226	0.259750774	25030.23853	25302.79178	26081.67821	25471.56951	23667.1711	24082.81069	25114.50043	24288.16074	0.953540014	9830	5479	9830	5479	1368579.00	1212504.00	1868910.00	1.48E+06	1	FALSE	0	NA	25.3	41.63888	-80.49512	8.8125	10.74166679	29.51007271	941.782959	27.20000076	-9.199999809	36.40000153	20.03333282	-2.283333302	20.03333282	-3.066666603	1045	108	54	19.86804199	311	186	311	196	185
PA211	BacSwab00272	BacSwab00272	Rana catesbeiana	6/14/22	Pennsylvania	Tuttle Pond	N/A	NA	Adult	Female	67.1	27.5	193.00	221.00	193000.00	22100	0.114507772	324	275	10	100	4	1296000	986988	0.761564815	0.238435185	25752.6157	26290.61516	27041.61923	26361.61669	25352.84685	24898.81562	26353.69223	25535.11823	0.968647656	13102	10063	13102	10063	1326525.00	1461696.00	1001841.00	1.26E+06	1	FALSE	0	NA	23.6	41.63888	-80.49512	8.8125	10.74166679	29.51007271	941.782959	27.20000076	-9.199999809	36.40000153	20.03333282	-2.283333302	20.03333282	-3.066666603	1045	108	54	19.86804199	311	186	311	196	185
PA80	BacSwab00182	BacSwab00182	Rana catesbeiana	5/11/22	Pennsylvania	RV Pond	N/A	NA	Juvenile	Unknown	39.8	7.5	242.00	111.00	242000.00	11100	0.045867769	324	264	10	100	4	1296000	963478	0.743424383	0.256575617	26774.70404	28461.49778	27014.32045	27416.84076	25035.80519	27293.22944	25860.7188	26063.25114	0.950629264	16982	12005	16982	12005	1409019.00	1461346.00	1571316.00	1.48E+06	1	FALSE	0	NA	22.3	41.69171	-80.50082	8.524999619	10.9333334	30.20257759	935.7143555	26.89999962	-9.300000191	36.20000076	19.66666603	-2.483333349	19.66666603	-3.333333254	1062	109	55	19.7213974	315	189	315	200	1165
PA212	BacSwab00273	BacSwab00273	Rana catesbeiana	6/14/22	Pennsylvania	Tuttle Pond	N/A	NA	Juvenile	Unknown	55.1	19.3	318.00	147.00	318000.00	14700	0.046226415	324	288	10	100	4	1296000	885306	0.683106481	0.316893519	25437.76847	25600.4852	26387.88685	25808.71351	22968.16667	24516.33892	24211.89203	23898.79921	0.925997307	11069	4048	11069	4048	1231349.00	1823850.00	1129670.00	1.39E+06	1	FALSE	0	NA	12.8	41.63888	-80.49512	8.8125	10.74166679	29.51007271	941.782959	27.20000076	-9.199999809	36.40000153	20.03333282	-2.283333302	20.03333282	-3.066666603	1045	108	54	19.86804199	311	186	311	196	185
PA218	BacSwab00279	BacSwab00279	Rana catesbeiana	6/14/22	Pennsylvania	Tuttle Pond	N/A	NA	Juvenile	Unknown	47.4	16.3	221.00	105.00	221000.00	10500	0.047511312	324	266	10	100	4	1296000	891771	0.688094907	0.311905093	26808.42721	26032.65301	27211.40647	26684.16223	26417.16096	23730.52082	25051.67387	25066.45188	0.939375637	14288	8340	14288	8340	1470065.00	1573733.00	844448.00	1.30E+06	1	FALSE	0	NA	22.4	41.63888	-80.49512	8.8125	10.74166679	29.51007271	941.782959	27.20000076	-9.199999809	36.40000153	20.03333282	-2.283333302	20.03333282	-3.066666603	1045	108	54	19.86804199	311	186	311	196	185
PA62	BacSwab00164	BacSwab00164	Rana catesbeiana	5/5/22	Pennsylvania	RV Pond	N/A	NA	Adult	Female	129	287	388.00	199.00	388000.00	19900	0.05128866	326	275	10	100	4	1304000	852922	0.654081288	0.345918712	25467.67977	25191.94271	25881.30353	25513.642	23578.39233	24078.06913	25253.84326	24303.43491	0.952566274	9984	5535	9984	5535	1914115.00	1090833.00	2221566.00	1.74E+06	1	FALSE	0	NA	NA	41.69171	-80.50082	8.524999619	10.9333334	30.20257759	935.7143555	26.89999962	-9.300000191	36.20000076	19.66666603	-2.483333349	19.66666603	-3.333333254	1062	109	55	19.7213974	315	189	315	200	1165
PA210	BacSwab00271	BacSwab00271	Rana catesbeiana	6/14/22	Pennsylvania	Tuttle Pond	N/A	NA	Adult	Female	65.4	36.8	460.00	210.00	460000.00	21000	0.045652174	326	263	10	100	4	1304000	935716	0.71757362	0.28242638	27610.06246	26045.03354	26590.90973	26748.66858	24886.48881	25783.05625	26103.32614	25590.95707	0.956718911	14525	10269	14525	10269	1256635.00	1377166.00	1426653.00	1.35E+06	1	FALSE	0	NA	13.6	41.63888	-80.49512	8.8125	10.74166679	29.51007271	941.782959	27.20000076	-9.199999809	36.40000153	20.03333282	-2.283333302	20.03333282	-3.066666603	1045	108	54	19.86804199	311	186	311	196	185
PA39	BacSwab00149	BacSwab00149	Rana catesbeiana	7/12/22	Pennsylvania	Vorisek Pond	N/A	NA	Adult	Female	97.4	70.4	287.00	53.00	287000.00	5300	0.018466899	326	267	10	100	4	1304000	870073	0.667233896	0.332766104	26767.83828	26021.9073	26287.9139	26359.21983	25621.03234	23284.95442	24529.21361	24478.40012	0.92864661	13093	6178	13093	6178	1654550.00	863591.00	1464620.00	1.33E+06	1	FALSE	0	NA	18.7	41.59313	-80.35629	8.558333397	11.25	30.99173546	928.5028076	27	-9.300000191	36.29999924	19.63333321	-2.316666842	19.63333321	-3.233333349	1078	113	57	19.97618866	325	194	325	202	180
PA47	BacSwab00157	BacSwab00157	Rana catesbeiana	5/5/22	Pennsylvania	RV Pond	N/A	NA	Adult	Female	69.7	42.2	416.00	525.00	416000.00	52500	0.126201923	328	278	10	100	4	1312000	920631	0.701700457	0.298299543	25917.78485	26263.60992	25946.66729	26042.68736	25275.4942	25429.43955	24652.12104	25119.01826	0.964532497	11929	8534	11929	8534	1561380.00	1233053.00	1466477.00	1.42E+06	1	FALSE	0	NA	20	41.63888	-80.49512	8.8125	10.74166679	29.51007271	941.782959	27.20000076	-9.199999809	36.40000153	20.03333282	-2.283333302	20.03333282	-3.066666603	1045	108	54	19.86804199	311	186	311	196	800
PA223	BacSwab00284	BacSwab00284	Rana catesbeiana	6/14/22	Pennsylvania	Tuttle Pond	N/A	NA	Juvenile	Unknown	47	15.5	610.00	53.00	610000.00	5300	0.008688525	328	257	10	100	4	1312000	935507	0.713038872	0.286961128	27055.25449	27629.82277	26467.75272	27050.94332	25572.37449	26157.19814	25423.82713	25717.79992	0.950717305	15636	10735	15636	10735	1383479.00	1480037.00	2406172.00	1.76E+06	1	FALSE	0	NA	24.6	41.63888	-80.49512	8.8125	10.74166679	29.51007271	941.782959	27.20000076	-9.199999809	36.40000153	20.03333282	-2.283333302	20.03333282	-3.066666603	1045	108	54	19.86804199	311	186	311	196	185
PA50	BacSwab00160	BacSwab00160	Rana catesbeiana	5/5/22	Pennsylvania	RV Pond	N/A	NA	Adult	Female	111.2	151.2	217.00	210.00	217000.00	21000	0.096774194	329	303	10	100	4	1316000	891806	0.677664134	0.322335866	26935.49128	27024.10953	26306.51774	26755.37285	25483.50122	26047.05072	25223.75467	25584.76887	0.956247891	14550	10246	14550	10246	2174563.00	960554.00	1407925.00	1.51E+06	1	FALSE	0	9645.24	17.5	41.63888	-80.49512	8.8125	10.74166679	29.51007271	941.782959	27.20000076	-9.199999809	36.40000153	20.03333282	-2.283333302	20.03333282	-3.066666603	1045	108	54	19.86804199	311	186	311	196	800
PA70	BacSwab00172	BacSwab00172	Rana catesbeiana	5/11/22	Pennsylvania	RV Pond	N/A	NA	Adult	Female	99.5	117.8	564.00	56.00	564000.00	5600	0.009929078	330	276	10	100	4	1320000	913673	0.692176515	0.307823485	26294.35801	26147.41478	25754.58195	26065.45158	23754.36307	24126.30633	24030.38825	23970.35255	0.91962161	12013	4311	12013	4311	1579000.00	1359948.00	1099130.00	1.35E+06	1	FALSE	0	NA	20.2	41.69171	-80.50082	8.524999619	10.9333334	30.20257759	935.7143555	26.89999962	-9.300000191	36.20000076	19.66666603	-2.483333349	19.66666603	-3.333333254	1062	109	55	19.7213974	315	189	315	200	1165
PA55	BacSwab00163	BacSwab00163	Rana catesbeiana	5/5/22	Pennsylvania	RV Pond	N/A	NA	Adult	Female	81.2	55.6	180.00	188.00	180000.00	18800	0.104444444	334	310	10	100	4	1336000	869612	0.650907186	0.349092814	26679.85803	26418.35545	25703.38984	26267.20111	25400.05072	25526.16831	23765.03928	24897.08611	0.947839323	12755	7718	12755	7718	1343090.00	1642736.00	1548318.00	1.51E+06	1	FALSE	0	NA	22.1	41.69171	-80.50082	8.524999619	10.9333334	30.20257759	935.7143555	26.89999962	-9.300000191	36.20000076	19.66666603	-2.483333349	19.66666603	-3.333333254	1062	109	55	19.7213974	315	189	315	200	1165
PA85	BacSwab00187	BacSwab00187	Rana catesbeiana	5/11/22	Pennsylvania	RV Pond	N/A	NA	Adult	Female	90.3	107.4	297.00	111.00	297000.00	11100	0.037373737	336	291	10	100	4	1344000	875429	0.651360863	0.348639137	27735.41164	26983.7121	28167.07169	27628.73181	25275.18123	25190.86925	25140.3727	25202.14106	0.912171475	17761	8839	17761	8839	1590596.00	1301445.00	1256740.00	1.38E+06	1	FALSE	0	NA	19.4	41.69171	-80.50082	8.524999619	10.9333334	30.20257759	935.7143555	26.89999962	-9.300000191	36.20000076	19.66666603	-2.483333349	19.66666603	-3.333333254	1062	109	55	19.7213974	315	189	315	200	1165
PA51	BacSwab00161	BacSwab00161	Rana catesbeiana	5/5/22	Pennsylvania	RV Pond	N/A	NA	Adult	Female	69	36.2	405.00	105.00	405000.00	10500	0.025925926	338	276	10	100	4	1352000	985488	0.728911243	0.271088757	25851.49151	26274.2909	25743.49217	25956.42486	23045.42758	23699.95967	24551.31702	23765.56809	0.915594818	11612	3558	11612	3558	1164235.00	1953573.00	1643603.00	1.59E+06	1	FALSE	0	1951.29	18.2	41.69171	-80.50082	8.524999619	10.9333334	30.20257759	935.7143555	26.89999962	-9.300000191	36.20000076	19.66666603	-2.483333349	19.66666603	-3.333333254	1062	109	55	19.7213974	315	189	315	200	1165
PA93	BacSwab00193	BacSwab00193	Rana catesbeiana	5/26/22	Pennsylvania	Tuttle Pond	N/A	NA	Juvenile	Unknown	53.4	13.8	509.00	552.00	509000.00	55200	0.108447937	338	281	10	100	4	1352000	896581	0.663151627	0.336848373	26897.3685	25427.73834	25589.03151	25971.37945	25525.38131	22645.33009	22957.74183	23709.48441	0.912908167	11667	3352	11667	3352	2108939.00	1553070.00	1693321.00	1.79E+06	1	FALSE	0	3821.51	21.2	41.71212	-80.38903	8.445833206	10.92500019	30.2631588	931.9516602	26.79999924	-9.300000191	36.09999847	19.58333206	-2.450000048	19.58333206	-3.383333445	1086	111	58	19.02963638	321	197	321	207	330
PA83	BacSwab00185	BacSwab00185	Rana catesbeiana	5/11/22	Pennsylvania	RV Pond	N/A	NA	Adult	Female	88.1	71.7	447.00	111.00	447000.00	11100	0.024832215	339	282	10	100	4	1356000	890010	0.656349558	0.343650442	25103.65792	24936.49489	25022.01905	25020.72396	23326.93159	23002.88374	23294.57116	23208.12883	0.927556248	8172	1508	8172	1508	1951344.00	1379394.00	1449932.00	1.59E+06	1	FALSE	0	NA	21.4	41.69171	-80.50082	8.524999619	10.9333334	30.20257759	935.7143555	26.89999962	-9.300000191	36.20000076	19.66666603	-2.483333349	19.66666603	-3.333333254	1062	109	55	19.7213974	315	189	315	200	1165
PA71	BacSwab00173	BacSwab00173	Rana catesbeiana	5/11/22	Pennsylvania	RV Pond	N/A	NA	Adult	Female	83	76.3	315.00	331.00	315000.00	33100	0.105079365	339	270	10	100	4	1356000	928137	0.684466814	0.315533186	25163.40533	24837.86717	25294.78285	25098.68512	24670.60191	23089.71025	24225.11869	23995.14362	0.9560319	8459	4402	8459	4402	1556217.00	1389873.00	1580883.00	1.51E+06	1	FALSE	0	NA	25.6	41.69171	-80.50082	8.524999619	10.9333334	30.20257759	935.7143555	26.89999962	-9.300000191	36.20000076	19.66666603	-2.483333349	19.66666603	-3.333333254	1062	109	55	19.7213974	315	189	315	200	1165
PA99	BacSwab00199	BacSwab00199	Rana catesbeiana	5/26/22	Pennsylvania	Tuttle Pond	N/A	NA	Adult	Female	50.2	10.9	498.00	56.00	498000.00	5600	0.01124498	339	350	10	100	4	1356000	963805	0.710770649	0.289229351	26764.05233	26150.32142	25124.17723	26012.85033	25195.65074	24289.87799	23276.52948	24254.0194	0.932386074	11820	5354	11820	5354	1125860.00	1427768.00	886769.00	1.15E+06	1	FALSE	0	NA	22.1	41.71212	-80.38903	8.445833206	10.92500019	30.2631588	931.9516602	26.79999924	-9.300000191	36.09999847	19.58333206	-2.450000048	19.58333206	-3.383333445	1086	111	58	19.02963638	321	197	321	207	330
N/A	N/A	Pe_16S00466	Rana catesbeiana	5/29/24	Pennsylvania	Phelps Pond	N/A		Adult	N/A	N/A	N/A	362.00	238.00	362000.00	23800	0.065745856	342	294	10	100	4	1368000	907812	0.663605263	0.336394737	25617.68295	24409.5567	24690.87079	24906.03681	24060.42574	23236.65393	23222.8877	23506.65579	0.943813581	7751	2606	7751	2606	1379832.00	1420108.00	1435346.00	1.41E+06	1	FALSE	0	NA	13.6	41.69128	-80.51248	8.620833397	10.90833378	30.05050468	935.9450073	27	-9.300000191	36.29999924	19.76666641	-2.400000095	19.76666641	-3.233333349	1054	108	55	19.77835846	313	188	313	198	1230
N/A	N/A	BdSwab00048	Rana catesbeiana	6/3/22	Pennsylvania	Phelps Pond	N/A		Adult	N/A	N/A	N/A	558.00	588.00	558000.00	58800	0.105376344	351	226	10	100	4	1404000	997286	0.710317664	0.289682336	26004.93575	25671.58882	24832.88909	25503.13789	23479.5437	23871.55549	23239.9164	23530.33853	0.922644838	9946	2693	9946	2693	1419395.00	1382899.00	1551922.00	1.45E+06	1	FALSE	0	551.32	17.6	41.69128	-80.51248	8.620833397	10.90833378	30.05050468	935.9450073	27	-9.300000191	36.29999924	19.76666641	-2.400000095	19.76666641	-3.233333349	1054	108	55	19.77835846	313	188	313	198	1230
N/A	N/A	Pe_16S00662	Rana catesbeiana	7/23/24	Pennsylvania	Vorisek Pond	N/A	NA	Adult	N/A	N/A	N/A	552.00	23.00	552000.00	2300	0.004166667	368	380	10	100	4	1472000	987508	0.670861413	0.329138587	24827.5108	24682.79816	24792.30003	24767.53633	22788.15508	24255.87102	22909.04495	23317.69035	0.941461841	7241	1911	7241	1911	2682638.00	1912498.00	1625614.00	2.07E+06	1	FALSE	0	NA	19.3	41.59313	-80.35629	8.558333397	11.25	30.99173546	928.5028076	27	-9.300000191	36.29999924	19.63333321	-2.316666842	19.63333321	-3.233333349	1078	113	57	19.97618866	325	194	325	202	180
N/A	N/A	Pe_16S00173	Rana catesbeiana	7/10/23	Pennsylvania	Tyron Weber	N/A		Adult	N/A	N/A	N/A	303.00	575.00	303000.00	57500	0.189768977	372	259	10	100	4	1488000	994868	0.668594086	0.331405914	27541.48716	26852.43747	27167.36451	27187.09638	24756.22354	26407.85785	24597.72587	25253.93575	0.928894186	16137	9030	16137	9030	1318477.00	1387464.00	1059559.00	1.26E+06	1	FALSE	0	31.251	19.5	41.59313	-80.35629	8.558333397	11.25	30.99173546	928.5028076	27	-9.300000191	36.29999924	19.63333321	-2.316666842	19.63333321	-3.233333349	1078	113	57	19.97618866	325	194	325	202	800
N/A	N/A	Pe_16S00153	Rana catesbeiana	6/22/23	Pennsylvania	Tuttle Pond	N/A	NA	Adult	N/A	N/A	N/A	958.00	411.00	958000.00	41100	0.042901879	382	255	10	100	4	1528000	1046559	0.684920812	0.315079188	25578.89888	25190.87424	25618.83552	25462.86954	23292.99894	23643.83151	24752.66733	23896.49926	0.938484141	9798	4039	9798	4039	1283223.00	1115381.00	1976155.00	1.46E+06	1	FALSE	0	NA	20	41.69171	-80.50082	8.524999619	10.9333334	30.20257759	935.7143555	26.89999962	-9.300000191	36.20000076	19.66666603	-2.483333349	19.66666603	-3.333333254	1062	109	55	19.7213974	315	189	315	200	800
N/A	N/A	Pe_16S00664	Rana catesbeiana	7/23/24	Pennsylvania	Vorisek Pond	N/A	NA	Adult	N/A	N/A	N/A	566.00	278.00	566000.00	27800	0.049116608	386	380	10	100	4	1544000	1134542	0.734806995	0.265193005	25409.00194	25258.14801	25045.57471	25237.57489	23539.58509	23128.32178	24378.48573	23682.13087	0.938367929	8970	3251	8970	3251	2045437.00	1491014.00	1557174.00	1.70E+06	1	FALSE	0	NA	20.3	41.59313	-80.35629	8.558333397	11.25	30.99173546	928.5028076	27	-9.300000191	36.29999924	19.63333321	-2.316666842	19.63333321	-3.233333349	1078	113	57	19.97618866	325	194	325	202	180
N/A	N/A	Pe_16S00488	Rana catesbeiana	6/6/24	Pennsylvania	RV Pond	N/A	NA	Adult	N/A	N/A	N/A	585.00	348.00	585000.00	34800	0.059487179	390	277	10	100	4	1560000	1135687	0.728004487	0.271995513	25102.11934	25238.76232	24472.59246	24937.82471	23604.57025	23181.48242	22858.48146	23214.84471	0.93090897	7868	1533	7868	1533	1416544.00	1297164.00	1925885.00	1.55E+06	1	FALSE	0	NA	20.5	41.63888	-80.49512	8.8125	10.74166679	29.51007271	941.782959	27.20000076	-9.199999809	36.40000153	20.03333282	-2.283333302	20.03333282	-3.066666603	1045	108	54	19.86804199	311	186	311	196	800
N/A	N/A	Pe_16S00156	Rana catesbeiana	6/26/23	Pennsylvania	RV Pond	N/A	NA	Adult	N/A	N/A	N/A	488.00	448.00	488000.00	44800	0.091803279	396	347	10	100	4	1584000	1181176	0.745691919	0.254308081	27894.36219	27139.60193	27198.32081	27410.76165	26751.79469	24988.21845	25028.80119	25589.60478	0.933560516	16959	10264	16959	10264	1971359.00	1160559.00	1157905.00	1.43E+06	1	FALSE	0	27.456	21.3	41.63888	-80.49512	8.8125	10.74166679	29.51007271	941.782959	27.20000076	-9.199999809	36.40000153	20.03333282	-2.283333302	20.03333282	-3.066666603	1045	108	54	19.86804199	311	186	311	196	800
N/A	N/A	Pe_16S00484	Rana catesbeiana	6/6/24	Pennsylvania	RV Pond	N/A	NA	Adult	N/A	N/A	N/A	409.00	287.00	409000.00	28700	0.070171149	397	326	10	100	4	1588000	1254736	0.79013602	0.20986398	26983.77121	26746.27207	27106.23232	26945.4252	24121.63536	25951.97705	24827.50596	24967.03946	0.926578047	15248	7975	15248	7975	1417045.00	1636366.00	1885534.00	1.65E+06	1	FALSE	0	NA	21.4	41.63888	-80.49512	8.8125	10.74166679	29.51007271	941.782959	27.20000076	-9.199999809	36.40000153	20.03333282	-2.283333302	20.03333282	-3.066666603	1045	108	54	19.86804199	311	186	311	196	800
N/A	N/A	Pe_16S00444	Rana catesbeiana	5/21/24	Pennsylvania	Tuttle Pond	N/A	NA	Adult	N/A	N/A	N/A	355.00	370.00	355000.00	37000	0.104225352	403	360	10	100	4	1612000	1101899	0.683560174	0.316439826	25811.9129	26438.05585	26367.161	26205.70992	24593.33349	24352.90674	23618.7736	24188.33795	0.923017847	12529	5112	12529	5112	1834694.00	1637375.00	1851639.00	1.77E+06	1	FALSE	0	NA	22.4	41.69171	-80.50082	8.524999619	10.9333334	30.20257759	935.7143555	26.89999962	-9.300000191	36.20000076	19.66666603	-2.483333349	19.66666603	-3.333333254	1062	109	55	19.7213974	315	189	315	200	800
N/A	N/A	Pe_16S00666	Rana catesbeiana	7/23/24	Pennsylvania	Vorisek Pond	N/A	NA	Adult	N/A	N/A	N/A	602.00	290.00	602000.00	29000	0.048172757	408	362	10	100	4	1632000	1139254	0.698072304	0.301927696	25345.12557	25384.91524	24508.25948	25079.43343	22764.38105	24141.9017	22651.63133	23185.97136	0.924501402	8388	1427	8388	1427	1517787.00	1673158.00	1794780.00	1.66E+06	1	FALSE	0	NA	23.2	41.59313	-80.35629	8.558333397	11.25	30.99173546	928.5028076	27	-9.300000191	36.29999924	19.63333321	-2.316666842	19.63333321	-3.233333349	1078	113	57	19.97618866	325	194	325	202	180
N/A	N/A	Pe_16S00447	Rana catesbeiana	5/21/24	Pennsylvania	Tuttle Pond	N/A	NA	Adult	N/A	N/A	N/A	401.00	37.00	401000.00	3700	0.009226933	410	227	10	100	4	1640000	1181283	0.720294512	0.279705488	27545.57355	27866.35845	27899.8642	27770.59873	26921.88288	26796.71016	25584.86653	26434.48652	0.951887526	18282	13370	18282	13370	2588458.00	1486446.00	1429991.00	1.83E+06	1	FALSE	0	NA	23.3	41.69171	-80.50082	8.524999619	10.9333334	30.20257759	935.7143555	26.89999962	-9.300000191	36.20000076	19.66666603	-2.483333349	19.66666603	-3.333333254	1062	109	55	19.7213974	315	189	315	200	800
N/A	N/A	Pe_16S00448	Rana catesbeiana	5/21/24	Pennsylvania	Tuttle Pond	N/A	NA	Adult	N/A	N/A	N/A	474.00	389.00	474000.00	38900	0.082067511	411	247	10	100	4	1644000	1087985	0.661791363	0.338208637	25770.65843	26917.34992	25851.40858	26179.80564	25309.03481	24690.27299	25506.0787	25168.46217	0.961369328	12434	8715	12434	8715	2046149.00	1597331.00	1707863.00	1.78E+06	1	FALSE	0	NA	23.9	41.69171	-80.50082	8.524999619	10.9333334	30.20257759	935.7143555	26.89999962	-9.300000191	36.20000076	19.66666603	-2.483333349	19.66666603	-3.333333254	1062	109	55	19.7213974	315	189	315	200	800
N/A	N/A	Pe_16S00555	Rana catesbeiana	7/2/24	Pennsylvania	Tuttle Pond	N/A	NA	Adult	N/A	N/A	N/A	805.00	299.00	805000.00	29900	0.037142857	419	318	10	100	4	1676000	1134245	0.67675716	0.32324284	27017.61916	26182.0179	27213.56065	26804.39923	26223.84497	23776.28148	25799.72801	25266.61815	0.942629526	14730	9076	14730	9076	1381812.00	2124682.00	2051565.00	1.85E+06	1	FALSE	0	NA	NA	41.69171	-80.50082	8.524999619	10.9333334	30.20257759	935.7143555	26.89999962	-9.300000191	36.20000076	19.66666603	-2.483333349	19.66666603	-3.333333254	1062	109	55	19.7213974	315	189	315	200	800
N/A	N/A	Pe_16S00564	Rana catesbeiana	7/2/24	Pennsylvania	Tuttle Pond	N/A	NA	Adult	N/A	N/A	N/A	795.00	211.00	795000.00	21100	0.026540881	423	386	10	100	4	1692000	1104404	0.65272104	0.34727896	26221.76074	26491.13081	26476.94492	26396.61216	25299.43572	25381.46464	23933.03132	24871.31056	0.942216009	13231	7623	13231	7623	1248321.00	1415673.00	1621108.00	1.43E+06	1	FALSE	0	NA	NA	41.69171	-80.50082	8.524999619	10.9333334	30.20257759	935.7143555	26.89999962	-9.300000191	36.20000076	19.66666603	-2.483333349	19.66666603	-3.333333254	1062	109	55	19.7213974	315	189	315	200	800
N/A	N/A	Pe_16S00746	Rana clamitans	10/9/24	Pennsylvania	Tyron Weber	N/A		Adult	N/A	N/A	N/A	98.00	154.00	98000.00	15400	0.157142857	281	245	10	100	4	1124000	748951	0.666326512	0.333673488	27959.4891	28006.56857	26897.73278	27621.26349	25919.76637	26911.6413	25254.0065	26028.47139	0.942334568	17733	11877	17733	11877	975756.00	1162941.00	1071473.00	1.07E+06	1	FALSE	0	NA	8.5	41.59313	-80.35629	8.558333397	11.25	30.99173546	928.5028076	27	-9.300000191	36.29999924	19.63333321	-2.316666842	19.63333321	-3.233333349	1078	113	57	19.97618866	325	194	325	202	800
N/A	N/A	Pe_16S00736	Rana clamitans	10/8/24	Pennsylvania	Vorisek Pond	N/A	NA	Adult	N/A	N/A	N/A	176.00	34.00	176000.00	3400	0.019318182	291	269	10	100	4	1164000	939250	0.806915808	0.193084192	26920.92741	25495.96156	25816.90387	26077.93095	25971.88648	23924.25191	24447.0005	24781.0463	0.950268883	12059	7291	12059	7291	1127725.00	1127702.00	1138748.00	1.13E+06	1	FALSE	0	NA	10.2	41.59313	-80.35629	8.558333397	11.25	30.99173546	928.5028076	27	-9.300000191	36.29999924	19.63333321	-2.316666842	19.63333321	-3.233333349	1078	113	57	19.97618866	325	194	325	202	180
N/A	N/A	Pe_16S00732	Rana clamitans	10/8/24	Pennsylvania	Vorisek Pond	N/A	NA	Adult	N/A	N/A	N/A	254.00	369.00	254000.00	36900	0.145275591	295	303	10	100	4	1180000	927544	0.786054237	0.213945763	27133.00652	26684.05633	26913.74986	26910.2709	24833.31313	25217.03773	24495.04375	24848.46487	0.92338219	15119	7539	15119	7539	1016289.00	877431.00	1037288.00	9.77E+05	1	FALSE	0	NA	11.6	41.59313	-80.35629	8.558333397	11.25	30.99173546	928.5028076	27	-9.300000191	36.29999924	19.63333321	-2.316666842	19.63333321	-3.233333349	1078	113	57	19.97618866	325	194	325	202	180
N/A	N/A	Pe_16S00741	Rana clamitans	10/9/24	Pennsylvania	Tyron Weber	N/A		Adult	N/A	N/A	N/A	247.00	363.00	247000.00	36300	0.146963563	298	343	10	100	4	1192000	912110	0.765192953	0.234807047	27155.8511	27166.47452	27025.65049	27115.99203	26599.71784	25898.21139	24159.47089	25552.46671	0.942339365	15875	10127	15875	10127	877789.00	970017.00	1365278.00	1.07E+06	1	FALSE	0	NA	11.9	41.59313	-80.35629	8.558333397	11.25	30.99173546	928.5028076	27	-9.300000191	36.29999924	19.63333321	-2.316666842	19.63333321	-3.233333349	1078	113	57	19.97618866	325	194	325	202	800
N/A	N/A	Pe_16S00455	Rana clamitans	5/28/24	Pennsylvania	Tyron Weber	N/A		Adult	N/A	N/A	N/A	180.00	560.00	180000.00	56000	0.311111111	300	380	10	100	4	1200000	855102	0.712585	0.287415	26110.81832	25709.0771	25470.60493	25763.50011	23518.4632	24987.13757	23248.93074	23918.17717	0.928374525	10903	4119	10903	4119	1407414.00	1139812.00	1229841.00	1.26E+06	1	FALSE	0	NA	13.6	41.59313	-80.35629	8.558333397	11.25	30.99173546	928.5028076	27	-9.300000191	36.29999924	19.63333321	-2.316666842	19.63333321	-3.233333349	1078	113	57	19.97618866	325	194	325	202	800
N/A	N/A	Pe_16S00748	Rana clamitans	10/9/24	Pennsylvania	Tyron Weber	N/A		Adult	N/A	N/A	N/A	420.00	243.00	420000.00	24300	0.057857143	312	315	10	100	4	1248000	847423	0.67902484	0.32097516	25322.70646	24313.40992	24535.46427	24723.86022	23670.17796	23788.74225	24201.85273	23886.92431	0.966148656	7081	4004	7081	4004	951395.00	1294888.00	1077407.00	1.11E+06	1	FALSE	0	NA	13.8	41.59313	-80.35629	8.558333397	11.25	30.99173546	928.5028076	27	-9.300000191	36.29999924	19.63333321	-2.316666842	19.63333321	-3.233333349	1078	113	57	19.97618866	325	194	325	202	800
N/A	N/A	BdSwab00042	Rana clamitans	6/3/22	Pennsylvania	Phelps Pond	N/A		Adult	N/A	N/A	N/A	256.00	447.00	256000.00	44700	0.174609375	313	251	10	100	4	1252000	826859	0.660430511	0.339569489	26146.6695	26815.10355	27609.8895	26857.22085	24663.15262	24477.04043	27083.79579	25407.99628	0.946039667	14924	9596	14924	9596	1125024.00	1225760.00	1578051.00	1.31E+06	1	FALSE	0	NA	15.2	41.69128	-80.51248	8.620833397	10.90833378	30.05050468	935.9450073	27	-9.300000191	36.29999924	19.76666641	-2.400000095	19.76666641	-3.233333349	1054	108	55	19.77835846	313	188	313	198	1230
N/A	N/A	DrySwab00034	Rana clamitans	6/27/22	Pennsylvania	Vorisek Pond	N/A	NA	Adult	N/A	N/A	N/A	200.00	583.00	200000.00	58300	0.2915	321	286	10	100	4	1284000	884097	0.688549065	0.311450935	27421.67143	28339.08933	26842.3557	27534.37216	25288.48248	27772.37308	26011.61109	26357.48888	0.957257668	17414	13087	17414	13087	1295191.00	1867753.00	1165716.00	1.44E+06	1	FALSE	0	NA	16.4	41.59313	-80.35629	8.558333397	11.25	30.99173546	928.5028076	27	-9.300000191	36.29999924	19.63333321	-2.316666842	19.63333321	-3.233333349	1078	113	57	19.97618866	325	194	325	202	180
N/A	N/A	DrySwab00030	Rana clamitans	6/27/22	Pennsylvania	Vorisek Pond	N/A	NA	Adult	N/A	N/A	N/A	279.00	14.00	279000.00	1400	0.005017921	324	327	10	100	4	1296000	954661	0.736621142	0.263378858	24758.23224	25880.37389	26573.85582	25737.48732	22558.33458	23948.2005	23982.42871	23496.32126	0.912922111	10807	2568	10807	2568	1433808.00	1205078.00	1228426.00	1.29E+06	1	FALSE	0	NA	16.4	41.59313	-80.35629	8.558333397	11.25	30.99173546	928.5028076	27	-9.300000191	36.29999924	19.63333321	-2.316666842	19.63333321	-3.233333349	1078	113	57	19.97618866	325	194	325	202	180
N/A	N/A	Pe_16S00475	Rana clamitans	6/3/24	Pennsylvania	Wood Lab Pond	N/A	NA	Adult	N/A	N/A	N/A	255.00	633.00	255000.00	63300	0.248235294	325	368	10	100	4	1300000	1011848	0.778344615	0.221655385	26178.11773	24584.1692	25447.29361	25403.19351	24155.8512	22462.23718	24669.14251	23762.4103	0.935410356	9578	3546	9578	3546	1335763.00	1327506.00	1426237.00	1.36E+06	1	FALSE	0	NA	16.7	41.56972	-80.4525	8.516666412	11.20000076	30.51771164	937.7253418	27.10000038	-9.600000381	36.70000076	19.68333435	-2.483333349	19.68333435	-3.383333445	1057	110	54	20.1629982	317	189	317	196	800
N/A	N/A	DrySwab00027	Rana clamitans	6/27/22	Pennsylvania	Vorisek Pond	N/A	NA	Adult	N/A	N/A	N/A	283.00	456.00	283000.00	45600	0.161130742	325	271	10	100	4	1300000	988265	0.760203846	0.239796154	25799.69677	25979.37782	27354.52367	26377.86609	23270.7128	25149.40299	25099.87512	24506.66363	0.929061644	13162	6282	13162	6282	1167460.00	1989522.00	1480365.00	1.55E+06	1	FALSE	0	NA	16.9	41.59313	-80.35629	8.558333397	11.25	30.99173546	928.5028076	27	-9.300000191	36.29999924	19.63333321	-2.316666842	19.63333321	-3.233333349	1078	113	57	19.97618866	325	194	325	202	180
N/A	N/A	Pe_16S00470	Rana clamitans	6/3/24	Pennsylvania	Wood Lab Pond	N/A	NA	Adult	N/A	N/A	N/A	206.00	411.00	206000.00	41100	0.199514563	332	365	10	100	4	1328000	937881	0.706235693	0.293764307	26533.85177	28051.32875	26967.50185	27184.22746	23845.76108	26715.69089	25304.70574	25288.71923	0.930271764	16126	9158	16126	9158	1464495.00	1506981.00	1350583.00	1.44E+06	1	FALSE	0	NA	17.4	41.56972	-80.4525	8.516666412	11.20000076	30.51771164	937.7253418	27.10000038	-9.600000381	36.70000076	19.68333435	-2.483333349	19.68333435	-3.383333445	1057	110	54	20.1629982	317	189	317	196	800
N/A	N/A	DrySwab00028	Rana clamitans	6/27/22	Pennsylvania	Vorisek Pond	N/A	NA	Adult	N/A	N/A	N/A	255.00	51.00	255000.00	5100	0.02	337	229	10	100	4	1348000	1085278	0.805102374	0.194897626	28162.36921	28224.41579	28179.61023	28188.79841	26280.16415	27199.51315	25885.18003	26454.95244	0.938491668	19820	13445	19820	13445	1044660.00	1475939.00	1538601.00	1.35E+06	1	FALSE	0	NA	17.9	41.59313	-80.35629	8.558333397	11.25	30.99173546	928.5028076	27	-9.300000191	36.29999924	19.63333321	-2.316666842	19.63333321	-3.233333349	1078	113	57	19.97618866	325	194	325	202	180
N/A	N/A	BdSwab00057	Rana clamitans	6/4/22	Pennsylvania	Phelps Pond	N/A		Adult	N/A	N/A	N/A	337.00	646.00	337000.00	64600	0.191691395	342	245	10	100	4	1368000	993429	0.726190789	0.273809211	26281.14234	26137.68279	26160.71536	26193.18016	23725.51229	25517.68932	23814.68281	24352.62814	0.929731632	12483	5716	12483	5716	1011366.00	1306036.00	1389018.00	1.24E+06	1	FALSE	0	NA	18	41.69128	-80.51248	8.620833397	10.90833378	30.05050468	935.9450073	27	-9.300000191	36.29999924	19.76666641	-2.400000095	19.76666641	-3.233333349	1054	108	55	19.77835846	313	188	313	198	1230
N/A	N/A	Pe_16S00471	Rana clamitans	6/3/24	Pennsylvania	Wood Lab Pond	N/A	NA	Adult	N/A	N/A	N/A	380.00	95.00	380000.00	9500	0.025	343	335	10	100	4	1372000	1035533	0.754761662	0.245238338	26107.07386	26771.41305	26501.30636	26459.93109	23976.15159	24406.80068	25605.02739	24662.65989	0.932075741	13463	6856	13463	6856	1573571.00	1469508.00	1368782.00	1.47E+06	1	FALSE	0	NA	18.1	41.56972	-80.4525	8.516666412	11.20000076	30.51771164	937.7253418	27.10000038	-9.600000381	36.70000076	19.68333435	-2.483333349	19.68333435	-3.383333445	1057	110	54	20.1629982	317	189	317	196	800
N/A	N/A	BdSwab00043	Rana clamitans	6/3/22	Pennsylvania	Phelps Pond	N/A		Adult	N/A	N/A	N/A	292.00	502.00	292000.00	50200	0.171917808	347	338	10	100	4	1388000	983403	0.708503602	0.291496398	24711.48568	26509.63039	26279.0481	25833.38806	22890.45255	23847.30679	24404.14446	23713.96794	0.917958105	11160	3368	11160	3368	1081341.00	1459844.00	1373786.00	1.30E+06	1	FALSE	0	NA	18.3	41.69128	-80.51248	8.620833397	10.90833378	30.05050468	935.9450073	27	-9.300000191	36.29999924	19.76666641	-2.400000095	19.76666641	-3.233333349	1054	108	55	19.77835846	313	188	313	198	1230
N/A	N/A	Pe_16S00437	Rana clamitans	5/20/24	Pennsylvania	Wood Lab Pond	N/A	NA	Adult	N/A	N/A	N/A	398.00	90.00	398000.00	9000	0.022613065	348	378	10	100	4	1392000	1010226	0.725737069	0.274262931	26317.84562	26132.94077	26889.25636	26446.68092	25122.79763	23320.09187	25306.21986	24583.03645	0.929532009	13415	6563	13415	6563	1646222.00	1590499.00	1113403.00	1.45E+06	1	FALSE	0	NA	18.3	41.56972	-80.4525	8.516666412	11.20000076	30.51771164	937.7253418	27.10000038	-9.600000381	36.70000076	19.68333435	-2.483333349	19.68333435	-3.383333445	1057	110	54	20.1629982	317	189	317	196	800
N/A	N/A	Pe_16S00170	Rana clamitans	6/27/23	Pennsylvania	RV Pond	N/A	NA	Adult	N/A	N/A	N/A	316.00	536.00	316000.00	53600	0.169620253	350	380	10	100	4	1400000	944921	0.674943571	0.325056429	26575.20323	25715.00117	26304.96614	26198.39018	25168.78582	24537.18083	24706.48038	24804.14901	0.946781418	12502	7376	12502	7376	1247794.00	1678069.00	1189890.00	1.37E+06	1	FALSE	0	NA	18.5	41.63888	-80.49512	8.8125	10.74166679	29.51007271	941.782959	27.20000076	-9.199999809	36.40000153	20.03333282	-2.283333302	20.03333282	-3.066666603	1045	108	54	19.86804199	311	186	311	196	800
N/A	N/A	DrySwab00031	Rana clamitans	6/27/22	Pennsylvania	Vorisek Pond	N/A	NA	Adult	N/A	N/A	N/A	348.00	13.00	348000.00	1300	0.003735632	354	275	10	100	4	1416000	998103	0.704875	0.295125	26537.15589	26432.69714	25853.8672	26274.57341	25225.62283	24138.19919	25545.53229	24969.78477	0.950340254	12782	7985	12782	7985	1253044.00	1347027.00	1365178.00	1.32E+06	1	FALSE	0	NA	18.6	41.59313	-80.35629	8.558333397	11.25	30.99173546	928.5028076	27	-9.300000191	36.29999924	19.63333321	-2.316666842	19.63333321	-3.233333349	1078	113	57	19.97618866	325	194	325	202	180
N/A	N/A	BdSwab00046	Rana clamitans	6/3/22	Pennsylvania	Phelps Pond	N/A		Adult	N/A	N/A	N/A	535.00	247.00	535000.00	24700	0.046168224	355	325	10	100	4	1420000	1038274	0.731178873	0.268821127	26319.17669	26078.87192	25900.4441	26099.49757	23691.95034	24760.52323	25194.70601	24549.05986	0.940595113	12138	6438	12138	6438	950044.00	1273265.00	1249662.00	1.16E+06	1	FALSE	0	NA	18.7	41.69128	-80.51248	8.620833397	10.90833378	30.05050468	935.9450073	27	-9.300000191	36.29999924	19.76666641	-2.400000095	19.76666641	-3.233333349	1054	108	55	19.77835846	313	188	313	198	1230
N/A	N/A	BdSwab00053	Rana clamitans	6/4/22	Pennsylvania	Phelps Pond	N/A		Adult	N/A	N/A	N/A	462.00	81.00	462000.00	8100	0.017532468	369	387	10	100	4	1476000	964755	0.653628049	0.346371951	27122.07666	26798.12604	27040.35524	26986.85265	24574.44948	24215.96514	26651.1016	25147.17208	0.931830488	15401	8637	15401	8637	1890140.00	1424975.00	1751894.00	1.69E+06	1	FALSE	0	NA	18.9	41.69128	-80.51248	8.620833397	10.90833378	30.05050468	935.9450073	27	-9.300000191	36.29999924	19.76666641	-2.400000095	19.76666641	-3.233333349	1054	108	55	19.77835846	313	188	313	198	1230
N/A	N/A	Pe_16S00439	Rana clamitans	5/20/24	Pennsylvania	Wood Lab Pond	N/A	NA	Adult	N/A	N/A	N/A	582.00	432.00	582000.00	43200	0.074226804	373	334	10	100	4	1492000	1017842	0.682199732	0.317800268	23490.80867	24544.26285	24438.21874	24157.76342	21345.08074	23550.57501	22239.93868	22378.53148	0.926349476	5000	-1543	5000	0	1123162.00	1098010.00	2019853.00	1.41E+06	1	FALSE	0	NA	18.9	41.56972	-80.4525	8.516666412	11.20000076	30.51771164	937.7253418	27.10000038	-9.600000381	36.70000076	19.68333435	-2.483333349	19.68333435	-3.383333445	1057	110	54	20.1629982	317	189	317	196	800
N/A	N/A	Pe_16S00658	Rana clamitans	7/23/24	Pennsylvania	Vorisek Pond	N/A	NA	Adult	N/A	N/A	N/A	528.00	360.00	528000.00	36000	0.068181818	375	334	10	100	4	1500000	1002211	0.668140667	0.331859333	26217.56407	26639.98161	26636.77283	26498.10617	23788.17535	24850.30662	25981.40691	24873.29629	0.938682038	13604	7630	13604	7630	1703975.00	1162049.00	1245670.00	1.37E+06	1	FALSE	0	NA	19.3	41.59313	-80.35629	8.558333397	11.25	30.99173546	928.5028076	27	-9.300000191	36.29999924	19.63333321	-2.316666842	19.63333321	-3.233333349	1078	113	57	19.97618866	325	194	325	202	180
N/A	N/A	Pe_16S00165	Rana clamitans	6/27/23	Pennsylvania	RV Pond	N/A	NA	Adult	N/A	N/A	N/A	256.00	268.00	256000.00	26800	0.1046875	381	389	10	100	4	1524000	1005114	0.659523622	0.340476378	25331.1228	25980.71832	26089.44047	25800.4272	23873.34554	25698.19358	25549.62439	25040.38783	0.970541598	11039	8245	11039	8245	1487333.00	1385311.00	1495405.00	1.46E+06	1	FALSE	0	NA	19.9	41.63888	-80.49512	8.8125	10.74166679	29.51007271	941.782959	27.20000076	-9.199999809	36.40000153	20.03333282	-2.283333302	20.03333282	-3.066666603	1045	108	54	19.86804199	311	186	311	196	800
N/A	N/A	Pe_16S00440	Rana clamitans	5/20/24	Pennsylvania	Wood Lab Pond	N/A	NA	Adult	N/A	N/A	N/A	336.00	126.00	336000.00	12600	0.0375	382	285	10	100	4	1528000	1225345	0.801927356	0.198072644	25942.6493	24607.9098	23752.56392	24767.70767	24153.63597	22216.99123	21288.13469	22552.92063	0.910577633	7242	-902	7242	0	1539862.00	1594332.00	1668224.00	1.60E+06	1	FALSE	0	NA	19.9	41.56972	-80.4525	8.516666412	11.20000076	30.51771164	937.7253418	27.10000038	-9.600000381	36.70000076	19.68333435	-2.483333349	19.68333435	-3.383333445	1057	110	54	20.1629982	317	189	317	196	800
N/A	N/A	Pe_16S00483	Rana clamitans	6/6/24	Pennsylvania	RV Pond	N/A	NA	Adult	N/A	N/A	N/A	219.00	639.00	219000.00	63900	0.291780822	382	331	10	100	4	1528000	1132487	0.741156414	0.258843586	25774.21277	26582.54359	26301.76118	26219.50585	25471.05292	23935.21373	25732.23537	25046.16734	0.955249404	12580	8266	12580	8266	1373150.00	1534792.00	1106413.00	1.34E+06	1	FALSE	0	NA	20.1	41.63888	-80.49512	8.8125	10.74166679	29.51007271	941.782959	27.20000076	-9.199999809	36.40000153	20.03333282	-2.283333302	20.03333282	-3.066666603	1045	108	54	19.86804199	311	186	311	196	800
N/A	N/A	Pe_16S00160	Rana clamitans	6/26/23	Pennsylvania	RV Pond	N/A	NA	Adult	N/A	N/A	N/A	259.00	171.00	259000.00	17100	0.066023166	387	239	10	100	4	1548000	1089041	0.703514858	0.296485142	26871.5789	27596.53088	27611.08708	27359.73229	24984.80603	26157.05973	25983.22709	25708.36428	0.939642392	16772	10700	16772	10700	1382099.00	2004965.00	1764296.00	1.72E+06	1	FALSE	0	1384.9	20.4	41.63888	-80.49512	8.8125	10.74166679	29.51007271	941.782959	27.20000076	-9.199999809	36.40000153	20.03333282	-2.283333302	20.03333282	-3.066666603	1045	108	54	19.86804199	311	186	311	196	800
N/A	N/A	Pe_16S00157	Rana clamitans	6/26/23	Pennsylvania	RV Pond	N/A	NA	Adult	N/A	N/A	N/A	532.00	222.00	532000.00	22200	0.041729323	395	295	10	100	4	1580000	1046347	0.662244937	0.337755063	25524.27344	25036.88603	26008.61133	25523.25693	23374.88159	24521.60407	24387.86773	24094.78446	0.944032516	10020	4768	10020	4768	2169706.00	1229006.00	1860458.00	1.75E+06	1	FALSE	0	422.62	21.3	41.63888	-80.49512	8.8125	10.74166679	29.51007271	941.782959	27.20000076	-9.199999809	36.40000153	20.03333282	-2.283333302	20.03333282	-3.066666603	1045	108	54	19.86804199	311	186	311	196	800
N/A	N/A	DrySwab00032	Rana clamitans	6/27/22	Pennsylvania	Vorisek Pond	N/A	NA	Adult	N/A	N/A	N/A	357.00	334.00	357000.00	33400	0.093557423	397	287	10	100	4	1588000	1145989	0.721655542	0.278344458	26598.45934	26933.41313	26087.29889	26539.72379	25451.11676	24841.68768	25103.04326	25131.94923	0.946955945	13757	8581	13757	8581	1638747.00	1706024.00	1830514.00	1.73E+06	1	FALSE	0	NA	21.4	41.59313	-80.35629	8.558333397	11.25	30.99173546	928.5028076	27	-9.300000191	36.29999924	19.63333321	-2.316666842	19.63333321	-3.233333349	1078	113	57	19.97618866	325	194	325	202	180
N/A	N/A	Pe_16S00621	Rana clamitans	7/8/24	Pennsylvania	Tuttle Pond	N/A	NA	Adult	N/A	N/A	N/A	286.00	194.00	286000.00	19400	0.067832168	398	231	10	100	4	1592000	1079564	0.67811809	0.32188191	25059.46976	25236.66499	24715.59254	25003.90909	24631.89503	23032.63701	23708.5123	23791.01478	0.951491812	8110	3651	8110	3651	1892627.00	1365304.00	1638889.00	1.63E+06	1	FALSE	0	NA	21.6	41.69171	-80.50082	8.524999619	10.9333334	30.20257759	935.7143555	26.89999962	-9.300000191	36.20000076	19.66666603	-2.483333349	19.66666603	-3.333333254	1062	109	55	19.7213974	315	189	315	200	800
N/A	N/A	Pe_16S00509	Rana clamitans	6/17/24	Pennsylvania	Tyron Weber	N/A		Adult	N/A	N/A	N/A	485.00	228.00	485000.00	22800	0.047010309	401	321	10	100	4	1604000	1088429	0.678571696	0.321428304	26168.25666	26133.77096	26462.42498	26254.81753	24785.55919	23440.48683	24343.83156	24189.95919	0.921353164	12709	5118	12709	5118	1547338.00	2250038.00	2414189.00	2.07E+06	1	FALSE	0	NA	22.1	41.59313	-80.35629	8.558333397	11.25	30.99173546	928.5028076	27	-9.300000191	36.29999924	19.63333321	-2.316666842	19.63333321	-3.233333349	1078	113	57	19.97618866	325	194	325	202	800
N/A	N/A	Pe_16S00617	Rana clamitans	7/8/24	Pennsylvania	Tuttle Pond	N/A	NA	Adult	N/A	N/A	N/A	480.00	549.00	480000.00	54900	0.114375	404	311	10	100	4	1616000	1092907	0.676303837	0.323696163	25880.43411	26144.35242	25897.50912	25974.09855	23758.1844	24625.52187	23977.76698	24120.49108	0.928636312	11677	4863	11677	4863	1417617.00	1085690.00	1634937.00	1.38E+06	1	FALSE	0	NA	22.6	41.69171	-80.50082	8.524999619	10.9333334	30.20257759	935.7143555	26.89999962	-9.300000191	36.20000076	19.66666603	-2.483333349	19.66666603	-3.333333254	1062	109	55	19.7213974	315	189	315	200	185
N/A	N/A	DrySwab00057	Rana clamitans	7/11/22	Pennsylvania	RV Pond	N/A	NA	Adult	N/A	N/A	N/A	424.00	645.00	424000.00	64500	0.152122642	408	341	10	100	4	1632000	1128152	0.691269608	0.308730392	26801.51317	26377.45267	25449.42342	26209.46309	25915.70422	23654.2776	24697.23316	24755.73833	0.944534355	12543	7198	12543	7198	1868234.00	1357691.00	2164985.00	1.80E+06	1	FALSE	0	NA	22.8	41.63888	-80.49512	8.8125	10.74166679	29.51007271	941.782959	27.20000076	-9.199999809	36.40000153	20.03333282	-2.283333302	20.03333282	-3.066666603	1045	108	54	19.86804199	311	186	311	196	800
N/A	N/A	Pe_16S00641	Rana clamitans	7/9/24	Pennsylvania	Tyron Weber	N/A		Adult	N/A	N/A	N/A	517.00	330.00	517000.00	33000	0.063829787	410	321	10	100	4	1640000	1234091	0.752494512	0.247505488	26422.71642	27201.23007	26952.9637	26858.97006	24010.43801	26386.16291	24739.47817	25045.35969	0.932476548	14931	8263	14931	8263	1768956.00	1600964.00	1295655.00	1.56E+06	1	FALSE	0	NA	23.3	41.59313	-80.35629	8.558333397	11.25	30.99173546	928.5028076	27	-9.300000191	36.29999924	19.63333321	-2.316666842	19.63333321	-3.233333349	1078	113	57	19.97618866	325	194	325	202	800
N/A	N/A	Pe_16S00606	Rana clamitans	7/8/24	Pennsylvania	Tuttle Pond	N/A	NA	Adult	N/A	N/A	N/A	649.00	62.00	649000.00	6200	0.009553159	411	274	10	100	4	1644000	1152850	0.701246959	0.298753041	26441.06674	26576.43336	26002.6968	26340.06563	24388.39183	24274.14905	23690.28988	24117.61025	0.915624531	13023	4852	13023	4852	1939916.00	1772358.00	1654842.00	1.79E+06	1	FALSE	0	NA	23.5	41.69171	-80.50082	8.524999619	10.9333334	30.20257759	935.7143555	26.89999962	-9.300000191	36.20000076	19.66666603	-2.483333349	19.66666603	-3.333333254	1062	109	55	19.7213974	315	189	315	200	800
N/A	N/A	DrySwab00059	Rana clamitans	7/11/22	Pennsylvania	RV Pond	N/A	NA	Adult	N/A	N/A	N/A	458.00	617.00	458000.00	61700	0.134716157	414	303	10	100	4	1656000	1092922	0.659977053	0.340022947	25788.07757	26082.13422	25410.46886	25760.22689	24260.41862	25508.53354	22637.83931	24135.59716	0.936932631	10891	4918	10891	4918	1414927.00	1442989.00	1411715.00	1.42E+06	1	FALSE	0	NA	23.9	41.63888	-80.49512	8.8125	10.74166679	29.51007271	941.782959	27.20000076	-9.199999809	36.40000153	20.03333282	-2.283333302	20.03333282	-3.066666603	1045	108	54	19.86804199	311	186	311	196	800
N/A	N/A	Pe_16S00158	Rana clamitans	6/26/23	Pennsylvania	RV Pond	N/A	NA	Adult	N/A	N/A	N/A	421.00	501.00	421000.00	50100	0.119002375	414	288	10	100	4	1656000	1138735	0.687641908	0.312358092	26379.54537	26604.90398	26905.24337	26629.89757	24117.26123	25410.01753	26630.3279	25385.86889	0.953284511	14088	9515	14088	9515	1768764.00	1417665.00	1448493.00	1.54E+06	1	FALSE	0	323.95	NA	41.63888	-80.49512	8.8125	10.74166679	29.51007271	941.782959	27.20000076	-9.199999809	36.40000153	20.03333282	-2.283333302	20.03333282	-3.066666603	1045	108	54	19.86804199	311	186	311	196	800
N/A	N/A	Pe_16S00536	Rana clamitans	7/2/24	Pennsylvania	Tuttle Pond	N/A	NA	Adult	N/A	N/A	N/A	488.00	449.00	488000.00	44900	0.092008197	416	389	10	100	4	1664000	1160083	0.697165264	0.302834736	25868.29659	25442.13352	26314.95558	25875.12856	23319.84727	23999.45715	25201.3627	24173.55571	0.934239057	11313	5058	11313	5058	2130175.00	1562956.00	2180776.00	1.96E+06	1	FALSE	0	NA	NA	41.69171	-80.50082	8.524999619	10.9333334	30.20257759	935.7143555	26.89999962	-9.300000191	36.20000076	19.66666603	-2.483333349	19.66666603	-3.333333254	1062	109	55	19.7213974	315	189	315	200	800
N/A	N/A	Pe_16S00537	Rana clamitans	7/2/24	Pennsylvania	Tuttle Pond	N/A	NA	Adult	N/A	N/A	N/A	496.00	381.00	496000.00	38100	0.076814516	423	367	10	100	4	1692000	1152747	0.681292553	0.318707447	25382.55579	25738.8419	25919.02184	25680.13984	24140.38438	23742.36681	25215.24082	24365.99734	0.948826505	10597	5765	10597	5765	1374022.00	1460628.00	1979457.00	1.60E+06	1	FALSE	0	NA	NA	41.69171	-80.50082	8.524999619	10.9333334	30.20257759	935.7143555	26.89999962	-9.300000191	36.20000076	19.66666603	-2.483333349	19.66666603	-3.333333254	1062	109	55	19.7213974	315	189	315	200	800
Ca113	AJS5091	AJS5091	Rana muscosa	8/4/22	California	Independence Creek	Slim Lake	N/A	Adult	Male	46	10	89.00	10.00	89000.00	1000	0.011235955	290	254	10	100	4	1160000	937601	0.808276724	0.191723276	25447.37318	25608.23957	24727.71944	25261.11073	24127.26072	24505.77145	22043.06872	23558.7003	0.932607459	9056	2797	9056	2797	884033.00	1237489.00	1298367.00	1.14E+06	1	FALSE	0	253.032	8	37.9575	-119.3005	-0.350000024	13.76666641	43.56540298	630.5444946	17.89999962	-13.69999981	31.59999847	-5.183333397	7.133333206	8.449999809	-6.733333111	804	132	21	62.85953522	360	71	81	339	3206
Ca154	AJS5114	AJS5114	Rana muscosa	7/17/22	California	Fourth Recess	Sleet Lake	N/A	Adult	Female	56	20	92.00	20.00	92000.00	2000	0.02173913	291	268	10	100	4	1164000	929748	0.798752577	0.201247423	25459.15938	25218.20862	26404.03283	25693.80028	23883.59411	24113.24555	25702.06735	24566.30233	0.956117899	10647	6502	10647	6502	1087599.00	1260933.00	911867.00	1.09E+06	1	FALSE	0	28.794	17	37.4988	-118.9142	1.070833325	14.00833321	43.10256577	657.918396	19.5	-13	32.5	-6.033333302	9.100000381	10.0666666	-6.033333302	576	97	15	62.93828964	257	51	61	257	2957
Ca155	AJS5115	AJS5115	Rana muscosa	7/17/22	California	Fourth Recess	Sleet Lake	N/A	Adult	Female	60	26	103.00	20.00	103000.00	2000	0.019417476	298	256	10	100	4	1192000	851023	0.71394547	0.28605453	27374.89339	26217.47005	27633.51248	27075.29197	24505.5215	25249.12913	24988.57162	24914.40742	0.920189797	15726	7781	15726	7781	1067148.00	1039483.00	1262650.00	1.12E+06	1	FALSE	0	168.03	13	37.4988	-118.9142	1.070833325	14.00833321	43.10256577	657.918396	19.5	-13	32.5	-6.033333302	9.100000381	10.0666666	-6.033333302	576	97	15	62.93828964	257	51	61	257	2957
Ca134	AJS5104	AJS5104	Rana muscosa	7/17/22	California	Conness Pond	Conness Pond	N/A	Adult	Male	52	15	294.00	10.00	294000.00	1000	0.003401361	299	275	10	100	4	1196000	821877	0.687188127	0.312811873	25493.46572	24919.815	25110.47555	25174.58542	23031.85408	22328.50895	24279.12491	23213.16265	0.922087187	8738	1527	8738	1527	1313113.00	1102082.00	1646467.00	1.35E+06	1	FALSE	0	160.89	24	37.9525	-119.306	-0.350000024	13.76666641	43.56540298	630.5444946	17.89999962	-13.69999981	31.59999847	-5.183333397	7.133333206	8.449999809	-6.733333111	804	132	21	62.85953522	360	71	81	339	2970
Ca135	AJS5105	AJS5105	Rana muscosa	7/17/22	California	Conness Pond	Conness Pond	N/A	Adult	Female	49	18	170.00	10.00	170000.00	1000	0.005882353	299	257	10	100	4	1196000	934697	0.781519231	0.218480769	25114.13959	24592.58627	25464.09217	25056.93934	22510.74502	23270.23508	24339.95567	23373.64526	0.932821241	8305	2117	8305	2117	1231420.00	1163401.00	1314917.00	1.24E+06	1	FALSE	0	52.566	18	37.9525	-119.306	-0.350000024	13.76666641	43.56540298	630.5444946	17.89999962	-13.69999981	31.59999847	-5.183333397	7.133333206	8.449999809	-6.733333111	804	132	21	62.85953522	360	71	81	339	2970
Ca151	AJS5111	AJS5111	Rana muscosa	7/17/22	California	Fourth Recess	Sleet Lake	N/A	Adult	Female	60	22	144.00	10.00	144000.00	1000	0.006944444	303	241	10	100	4	1212000	838369	0.691723597	0.308276403	24748.32095	25010.64756	24146.68159	24635.2167	22656.19851	22762.02449	21704.4976	22374.2402	0.908221773	6755	-1558	6755	0	2118447.00	1117482.00	1587633.00	1.61E+06	1	FALSE	0	135.522	24	37.4988	-118.9142	1.070833325	14.00833321	43.10256577	657.918396	19.5	-13	32.5	-6.033333302	9.100000381	10.0666666	-6.033333302	576	97	15	62.93828964	257	51	61	257	2957
C75	AJS5049	AJS5049	Rana muscosa	7/29/22	California	Humphreys Basin	Ameletus Lake	N/A	Adult	Male	51	12	300.00	10.00	300000.00	1000	0.003333333	303	250	10	100	4	1212000	934559	0.771088284	0.228911716	27808.34485	27608.87466	27610.27686	27675.83212	26644.57319	26051.25838	25919.50029	26205.11062	0.946858996	17934	12527	17934	12527	1178047.00	1404136.00	1286649.00	1.29E+06	1	FALSE	0	1096.188	24	37.954	-119.294	0.158333346	14.28333378	44.22084427	639.338562	18.70000076	-13.60000038	32.30000305	-5.016666412	7.800000191	9.016666412	-6.416666508	744	125	20	64.15598297	339	66	74	334	3066
Ca73	AJS5047	AJS5047	Rana muscosa	7/29/22	California	Humphreys Basin	Ameletus Lake	N/A	Adult	Male	44	9	302.00	70.00	302000.00	7000	0.023178808	303	253	10	100	4	1212000	998869	0.82414934	0.17585066	26486.05387	26276.62433	26603.24662	26455.30827	25586.13155	23640.22873	23883.46193	24369.94074	0.921173947	13446	5780	13446	5780	1318688.00	1445056.00	1652052.00	1.47E+06	1	FALSE	0	1539.45	24	37.954	-119.294	0.158333346	14.28333378	44.22084427	639.338562	18.70000076	-13.60000038	32.30000305	-5.016666412	7.800000191	9.016666412	-6.416666508	744	125	20	64.15598297	339	66	74	334	3066
Ca95	AJS5061	AJS5061	Rana muscosa	7/29/22	California	Humphreys Basin	Trapdoor	N/A	Adult	Male	58	21	278.00	20.00	278000.00	2000	0.007194245	305	225	10	100	4	1220000	964519	0.790589344	0.209410656	26346.48307	25873.55564	25763.77511	25994.60461	25017.66853	24192.73427	23979.74455	24396.71578	0.938529982	11753	5878	11753	5878	1078175.00	1080953.00	1829874.00	1.33E+06	1	FALSE	0	2678.97	17	37.3377	-118.8475	-0.14166671	13.11666679	42.58657837	638.8122559	17.5	-13.30000019	30.79999924	-6.566666603	7.549999714	8.716666222	-6.650000095	689	116	17	62.69108963	310	61	74	290	3176
Ca71	AJS5045	AJS5045	Rana muscosa	7/29/22	California	Humphreys Basin	Ameletus Lake	N/A	Adult	Male	43	7	366.00	40.00	366000.00	4000	0.010928962	308	272	10	100	4	1232000	902489	0.732539773	0.267460227	27603.34772	26057.96401	26444.16749	26701.82641	27132.79109	25264.36861	23828.8343	25408.66467	0.951570289	14353	9599	14353	9599	1368842.00	1377702.00	2012104.00	1.59E+06	1	FALSE	0	14.622	22	37.954	-119.294	0.158333346	14.28333378	44.22084427	639.338562	18.70000076	-13.60000038	32.30000305	-5.016666412	7.800000191	9.016666412	-6.416666508	744	125	20	64.15598297	339	66	74	334	3066
Ca133	AJS5103	AJS5103	Rana muscosa	7/17/22	California	Conness Pond	Conness Pond	N/A	Adult	Male	52	14	237.00	10.00	237000.00	1000	0.004219409	308	267	10	100	4	1232000	963390	0.781972403	0.218027597	26150.99662	25381.02959	26114.6968	25882.241	25446.53952	24942.38911	25352.7619	25247.23018	0.975465385	11340	9005	11340	9005	1719791.00	1406214.00	1612680.00	1.58E+06	1	FALSE	0	575.826	18	37.9525	-119.306	-0.350000024	13.76666641	43.56540298	630.5444946	17.89999962	-13.69999981	31.59999847	-5.183333397	7.133333206	8.449999809	-6.733333111	804	132	21	62.85953522	360	71	81	339	2970
Ca72	AJS5046	AJS5046	Rana muscosa	7/29/22	California	Humphreys Basin	Ameletus Lake	N/A	Adult	Male	45	10	265.00	60.00	265000.00	6000	0.022641509	316	263	10	100	4	1264000	944847	0.747505538	0.252494462	24826.42724	24603.06707	25114.84607	24848.11346	22260.60672	23225.18984	22545.25092	22677.01583	0.912625253	7538	-445	7538	0	1468332.00	1637523.00	2018618.00	1.71E+06	1	FALSE	0	25.632	8	37.954	-119.294	0.158333346	14.28333378	44.22084427	639.338562	18.70000076	-13.60000038	32.30000305	-5.016666412	7.800000191	9.016666412	-6.416666508	744	125	20	64.15598297	339	66	74	334	3066
Ca152	AJS5112	AJS5112	Rana muscosa	7/17/22	California	Fourth Recess	Sleet Lake	N/A	Adult	Male	46	11	549.00	10.00	549000.00	1000	0.001821494	317	226	10	100	4	1268000	987516	0.778798107	0.221201893	26844.07519	27104.56326	26572.92049	26840.51964	25880.69676	26405.35577	24980.20412	25755.41888	0.959572289	14863	10873	14863	10873	1226271.00	1513626.00	1630767.00	1.46E+06	1	FALSE	0	24.09	23	37.4988	-118.9142	1.070833325	14.00833321	43.10256577	657.918396	19.5	-13	32.5	-6.033333302	9.100000381	10.0666666	-6.033333302	576	97	15	62.93828964	257	51	61	257	2957
Ca114	AJS5092	AJS5092	Rana muscosa	8/4/22	California	Independence Creek	Slim Lake	N/A	Adult	Female	68	29	388.00	10.00	388000.00	1000	0.00257732	317	229	10	100	4	1268000	1039271	0.819614353	0.180385647	27049.92136	25201.32149	26097.52229	26116.25505	26351.57023	24000.69446	25072.11535	25141.46001	0.962674777	12200	8616	12200	8616	1361068.00	2108278.00	1464042.00	1.64E+06	1	FALSE	0	84.654	24	37.9575	-119.3005	-0.350000024	13.76666641	43.56540298	630.5444946	17.89999962	-13.69999981	31.59999847	-5.183333397	7.133333206	8.449999809	-6.733333111	804	132	21	62.85953522	360	71	81	339	3206
Ca112	AJS5090	AJS5090	Rana muscosa	8/4/22	California	Independence Creek	Slim Lake	N/A	Adult	Female	62	32	255.00	10.00	255000.00	1000	0.003921569	318	229	10	100	4	1272000	920830	0.723922956	0.276077044	27149.69111	26141.28792	26042.86848	26444.61584	24542.70277	23498.72899	23308.95589	23783.46255	0.899368805	13407	3624	13407	3624	1248061.00	1610845.00	1277411.00	1.38E+06	1	FALSE	0	64.8	22	37.9575	-119.3005	-0.350000024	13.76666641	43.56540298	630.5444946	17.89999962	-13.69999981	31.59999847	-5.183333397	7.133333206	8.449999809	-6.733333111	804	132	21	62.85953522	360	71	81	339	3206
Ca153	AJS5113	AJS5113	Rana muscosa	7/17/22	California	Fourth Recess	Sleet Lake	N/A	Adult	Male	49	16	447.00	10.00	447000.00	1000	0.002237136	320	255	10	100	4	1280000	1065361	0.832313281	0.167686719	26169.96529	26258.49216	27035.11224	26487.85656	25372.4809	25353.28426	24258.34082	24994.702	0.943628713	13566	8077	13566	8077	2133602.00	1552869.00	1565424.00	1.75E+06	1	FALSE	0	94.158	23	37.4988	-118.9142	1.070833325	14.00833321	43.10256577	657.918396	19.5	-13	32.5	-6.033333302	9.100000381	10.0666666	-6.033333302	576	97	15	62.93828964	257	51	61	257	2957
Ca111	AJS5089	AJS5089	Rana muscosa	8/4/22	California	Independence Creek	Slim Lake	N/A	Adult	Male	53	18	448.00	10.00	448000.00	1000	0.002232143	320	265	10	100	4	1280000	1042721	0.814625781	0.185374219	24662.03704	26534.68485	25055.98942	25417.57044	22446.46701	23954.75322	23309.26946	23236.8299	0.914203423	9631	1614	9631	1614	1331804.00	1025856.00	1941837.00	1.43E+06	1	FALSE	0	753.102	13	37.9575	-119.3005	-0.350000024	13.76666641	43.56540298	630.5444946	17.89999962	-13.69999981	31.59999847	-5.183333397	7.133333206	8.449999809	-6.733333111	804	132	21	62.85953522	360	71	81	339	3206
Ca115	AJS5093	AJS5093	Rana muscosa	8/4/22	California	Independence Creek	Slim Lake	N/A	Adult	Female	58	12	244.00	10.00	244000.00	1000	0.004098361	323	225	10	100	4	1292000	898980	0.695804954	0.304195046	24796.973	25573.41308	25147.56891	25172.65166	24089.2047	24572.83974	23087.99433	23916.67959	0.95010569	8731	4113	8731	4113	1623384.00	1476849.00	1402283.00	1.50E+06	1	FALSE	0	46.272	18	37.9575	-119.3005	-0.350000024	13.76666641	43.56540298	630.5444946	17.89999962	-13.69999981	31.59999847	-5.183333397	7.133333206	8.449999809	-6.733333111	804	132	21	62.85953522	360	71	81	339	3206
N/A	N/A	SN_16S0092	Rana muscosa	9/7/23	California	50783	N/A	day	Adult	N/A	N/A	N/A	456.00	308.00	456000.00	30800	0.06754386	324	295	10	100	4	1296000	905290	0.698526235	0.301473765	27159.54297	26153.02752	26321.44581	26544.6721	25146.56044	23964.31352	24492.37563	24534.41653	0.924268962	13775	6384	13775	6384	1797033.00	1841021.00	2142203.00	1.93E+06	1	FALSE	0	65.958	14	37.4988	-118.9142	1.070833325	14.00833321	43.10256577	657.918396	19.5	-13	32.5	-6.033333302	9.100000381	10.0666666	-6.033333302	576	97	15	62.93828964	257	51	61	257	2871
N/A	N/A	SN_16S0099	Rana muscosa	9/7/23	California	50783	N/A	day	Adult	N/A	N/A	N/A	542.00	465.00	542000.00	46500	0.085793358	325	334	10	100	4	1300000	916927	0.705328462	0.294671538	26130.68698	26286.8617	25662.01213	26026.52027	24281.79744	23625.69219	23664.21346	23857.23436	0.916650943	11870	3895	11870	3895	1425116.00	1887194.00	1346916.00	1.55E+06	1	FALSE	0	183.882	15	37.4988	-118.9142	1.070833325	14.00833321	43.10256577	657.918396	19.5	-13	32.5	-6.033333302	9.100000381	10.0666666	-6.033333302	576	97	15	62.93828964	257	51	61	257	2871
PA155	BacSwab00254	BacSwab00254	Rana pipiens	6/27/22	Pennsylvania	Tuttle Pond	N/A	NA	Adult	Unknown	29.5	2.4	214.00	500.00	214000.00	50000	0.23364486	289	275	10	100	4	1156000	751924	0.650453287	0.349546713	26494.0895	25484.07622	24851.01802	25609.72791	25560.46264	24211.38701	23006.61047	24259.48671	0.947276238	10338	5374	10338	5374	854752.00	1305788.00	1339387.00	1.17E+06	1	FALSE	0	NA	NA	41.69171	-80.50082	8.524999619	10.9333334	30.20257759	935.7143555	26.89999962	-9.300000191	36.20000076	19.66666603	-2.483333349	19.66666603	-3.333333254	1062	109	55	19.7213974	315	189	315	200	800
PA154	BacSwab00253	BacSwab00253	Rana pipiens	6/27/22	Pennsylvania	Tuttle Pond	N/A	NA	Adult	Unknown	34.9	3.3	193.00	300.00	193000.00	30000	0.155440415	294	227	10	100	4	1176000	769733	0.654534864	0.345465136	26718.89284	25872.82109	26610.4488	26400.72091	25123.02786	24361.01892	25407.17073	24963.73917	0.94557036	13246	7963	13246	7963	983496.00	1125138.00	1069580.00	1.06E+06	1	FALSE	0	NA	21.7	41.69171	-80.50082	8.524999619	10.9333334	30.20257759	935.7143555	26.89999962	-9.300000191	36.20000076	19.66666603	-2.483333349	19.66666603	-3.333333254	1062	109	55	19.7213974	315	189	315	200	800
PA94	BacSwab00194	BacSwab00194	Rana pipiens	6/27/22	Pennsylvania	Tuttle Pond	N/A	NA	Juvenile	Unknown	29.2	1.7	233.00	331.00	233000.00	33100	0.142060086	312	297	10	100	4	1248000	867233	0.694898237	0.305101763	25555.94009	26987.29067	25935.40604	26159.5456	23338.22805	26499.87854	23401.31114	24413.13924	0.933240188	12359	5939	12359	5939	1095217.00	1481473.00	1020104.00	1.20E+06	1	FALSE	0	NA	22.4	41.71212	-80.38903	8.445833206	10.92500019	30.2631588	931.9516602	26.79999924	-9.300000191	36.09999847	19.58333206	-2.450000048	19.58333206	-3.383333445	1086	111	58	19.02963638	321	197	321	207	330
N/A	N/A	DrySwab00155	Rana pipiens	7/19/22	Pennsylvania	Tuttle Pond	N/A	NA	Adult	N/A	N/A	N/A	458.00	555.00	458000.00	55500	0.121179039	324	328	10	100	4	1296000	845339	0.652267747	0.347732253	26083.03006	25724.78453	25240.67829	25682.83096	25560.25982	24173.48609	24707.23947	24813.66179	0.966157579	10606	7411	10606	7411	1438960.00	1577382.00	1572953.00	1.53E+06	1	FALSE	0	NA	25.1	41.69171	-80.50082	8.524999619	10.9333334	30.20257759	935.7143555	26.89999962	-9.300000191	36.20000076	19.66666603	-2.483333349	19.66666603	-3.333333254	1062	109	55	19.7213974	315	189	315	200	185
N/A	N/A	DrySwab00094	Rana pipiens	7/18/22	Pennsylvania	Tuttle Pond	N/A	NA	Adult	N/A	N/A	N/A	402.00	460.00	402000.00	46000	0.114427861	356	315	10	100	4	1424000	948203	0.665872893	0.334127107	26117.96984	26664.64723	26374.43523	26385.6841	24247.6391	26377.09038	24800.10286	25141.61078	0.952850443	13191	8617	13191	8617	1322337.00	941955.00	1858115.00	1.37E+06	1	FALSE	0	NA	NA	41.69171	-80.50082	8.524999619	10.9333334	30.20257759	935.7143555	26.89999962	-9.300000191	36.20000076	19.66666603	-2.483333349	19.66666603	-3.333333254	1062	109	55	19.7213974	315	189	315	200	185
N/A	N/A	DrySwab00154	Rana pipiens	7/19/22	Pennsylvania	Tuttle Pond	N/A	NA	Adult	N/A	N/A	N/A	373.00	620.00	373000.00	62000	0.166219839	362	288	10	100	4	1448000	1062688	0.733900552	0.266099448	25989.45449	26685.46829	24915.12719	25863.34999	24543.27873	26022.13415	23294.0238	24619.81223	0.951918921	11270	6698	11270	6698	1027766.00	1222527.00	1933411.00	1.39E+06	1	FALSE	0	NA	NA	41.69171	-80.50082	8.524999619	10.9333334	30.20257759	935.7143555	26.89999962	-9.300000191	36.20000076	19.66666603	-2.483333349	19.66666603	-3.333333254	1062	109	55	19.7213974	315	189	315	200	185
N/A	N/A	SN_16S0059	Rana sierrae	9/15/23	California	70459	N/A	day	Adult	N/A	N/A	N/A	154.00	186.00	154000.00	18600	0.120779221	279	307	10	100	4	1116000	765890	0.686281362	0.313718638	24526.98719	25097.5838	25652.96906	25092.51335	23360.08633	24672.41872	24433.89857	24155.46787	0.962656372	8436	4991	8436	4991	1605110.00	1191098.00	1178279.00	1.22E+06	1	FALSE	0	22.386	4.3	37.8496	-119.3789	1.100000024	14.14999962	44.92063522	612.6655884	19.20000076	-12.30000019	31.5	-3.583333254	8.566666603	9.600000381	-5.083333492	770	136	18	68.74092865	365	60	70	334	3298
N/A	N/A	SN_16S0060	Rana sierrae	9/15/23	California	70459	N/A	day	Adult	N/A	N/A	N/A	61.00	314.00	61000.00	31400	0.514754098	279	307	10	100	4	1116000	910135	0.815533154	0.184466846	25447.96944	26267.32147	24786.15615	25500.48235	22946.17458	23683.57946	22237.58361	22955.77922	0.900209608	9936	581	9936	581	1161678.00	1488900.00	1094003.00	8.85E+05	1	FALSE	0	NA	4.7	37.8496	-119.3789	1.100000024	14.14999962	44.92063522	612.6655884	19.20000076	-12.30000019	31.5	-3.583333254	8.566666603	9.600000381	-5.083333492	770	136	18	68.74092865	365	60	70	334	3298
N/A	N/A	SN_16S0068	Rana sierrae	8/31/23	California	70481	N/A	day	Adult	N/A	N/A	N/A	93.00	44.00	93000.00	4400	0.047311828	283	332	10	100	4	1132000	838476	0.74070318	0.25929682	25195.61953	24575.46728	25383.47994	25051.52225	24792.06664	23881.08673	24324.0172	24332.39019	0.971293878	8286	5642	8286	5642	1895694.00	1307673.00	1059800.00	1.42E+06	1	FALSE	0	NA	7	36.4053	-118.195	3.229166508	14.1916666	42.49002075	712.854248	22.39999962	-11	33.40000153	-4.716666698	12.01666641	12.51666641	-4.716666698	593	106	11	67.72621155	281	45	60	281	2993
N/A	N/A	SN_16S0072	Rana sierrae	9/15/23	California	70459	N/A	day	Adult	N/A	N/A	N/A	138.00	95.00	138000.00	9500	0.06884058	285	277	10	100	4	1140000	798388	0.700340351	0.299659649	26112.2271	24958.80916	25834.44405	25635.1601	23603.55251	24379.90628	25117.62812	24367.02897	0.95053157	10431	5769	10431	5769	864729.00	918237.00	997025.00	9.27E+05	1	FALSE	0	NA	8	37.8496	-119.3789	1.100000024	14.14999962	44.92063522	612.6655884	19.20000076	-12.30000019	31.5	-3.583333254	8.566666603	9.600000381	-5.083333492	770	136	18	68.74092865	365	60	70	334	3298
N/A	N/A	SN_16S0115	Rana sierrae	9/13/23	California	50731	N/A	day	Adult	N/A	N/A	N/A	101.00	559.00	101000.00	55900	0.553465347	287	346	10	100	4	1148000	914886	0.796939024	0.203060976	26199.41408	26410.74266	26625.34224	26411.833	24942.03282	25592.09003	25167.60733	25233.91006	0.955401697	13287	8956	13287	8956	1143868.00	1159028.00	1189290.00	1.16E+06	1	FALSE	0	NA	9	37.8496	-119.3789	1.100000024	14.14999962	44.92063522	612.6655884	19.20000076	-12.30000019	31.5	-3.583333254	8.566666603	9.600000381	-5.083333492	770	136	18	68.74092865	365	60	70	334	3359
N/A	N/A	SN_16S0116	Rana sierrae	9/13/23	California	50731	N/A	day	Adult	N/A	N/A	N/A	94.00	19.00	94000.00	1900	0.020212766	289	267	10	100	4	1156000	909727	0.786961073	0.213038927	26003.34572	25909.10596	26264.03621	26058.8293	24530.15501	23848.50071	24741.16831	24373.27468	0.935317332	11989	5792	11989	5792	1354788.00	940520.00	1356077.00	1.22E+06	1	FALSE	0	NA	9	37.8496	-119.3789	1.100000024	14.14999962	44.92063522	612.6655884	19.20000076	-12.30000019	31.5	-3.583333254	8.566666603	9.600000381	-5.083333492	770	136	18	68.74092865	365	60	70	334	3359
N/A	N/A	SN_16S0448	Rana sierrae	9/2/24	California	70459	N/A	day	Adult	N/A	N/A	N/A	123.00	385.00	123000.00	38500	0.31300813	289	271	10	100	4	1156000	953241	0.824602941	0.175397059	25012.45703	25013.16744	25895.76664	25307.13037	24496.93174	22464.12378	23417.22057	23459.42536	0.926988758	9225	2432	9225	2432	823097.00	830604.00	1000289.00	8.85E+05	1	FALSE	0	NA	9	37.8496	-119.3789	1.100000024	14.14999962	44.92063522	612.6655884	19.20000076	-12.30000019	31.5	-3.583333254	8.566666603	9.600000381	-5.083333492	770	136	18	68.74092865	365	60	70	334	3298
N/A	N/A	SN_16S0073	Rana sierrae	9/15/23	California	70459	N/A	day	Adult	N/A	N/A	N/A	135.00	215.00	135000.00	21500	0.159259259	290	384	10	100	4	1160000	931814	0.803287931	0.196712069	26014.73898	26922.29225	26820.43165	26585.82096	25204.63276	25045.75512	25949.69601	25400.02796	0.955397541	13926	9567	13926	9567	970432.00	1345827.00	1227460.00	1.18E+06	1	FALSE	0	80.562	10	37.8496	-119.3789	1.100000024	14.14999962	44.92063522	612.6655884	19.20000076	-12.30000019	31.5	-3.583333254	8.566666603	9.600000381	-5.083333492	770	136	18	68.74092865	365	60	70	334	3298
N/A	N/A	SN_16S0110	Rana sierrae	9/13/23	California	50731	N/A	day	Adult	N/A	N/A	N/A	144.00	76.00	144000.00	7600	0.052777778	292	246	10	100	4	1168000	950424	0.813719178	0.186280822	24879.22464	25403.34567	26339.1827	25540.58434	22519.86527	23049.78797	24156.74273	23242.13199	0.91000784	10084	1633	10084	1633	856536.00	1165256.00	1095119.00	1.04E+06	1	FALSE	0	262.5	10	37.8496	-119.3789	1.100000024	14.14999962	44.92063522	612.6655884	19.20000076	-12.30000019	31.5	-3.583333254	8.566666603	9.600000381	-5.083333492	770	136	18	68.74092865	365	60	70	334	3359
N/A	N/A	SN_16S0111	Rana sierrae	9/13/23	California	50731	N/A	day	Adult	N/A	N/A	N/A	170.00	593.00	170000.00	59300	0.348823529	294	286	10	100	4	1176000	848133	0.721201531	0.278798469	26772.36893	26930.63383	26550.61303	26751.20526	25819.12881	26595.64422	23985.3681	25466.71371	0.951983788	14534	9812	14534	9812	908645.00	967933.00	1167871.00	1.01E+06	1	FALSE	0	NA	11	37.8496	-119.3789	1.100000024	14.14999962	44.92063522	612.6655884	19.20000076	-12.30000019	31.5	-3.583333254	8.566666603	9.600000381	-5.083333492	770	136	18	68.74092865	365	60	70	334	3359
N/A	N/A	SN_16S0088	Rana sierrae	9/6/23	California	50837	N/A	day	Adult	N/A	N/A	N/A	140.00	499.00	140000.00	49900	0.356428571	295	318	10	100	4	1180000	823190	0.697618644	0.302381356	26929.90707	26483.11514	26472.0258	26628.34934	24057.91983	25267.46621	25226.66972	24850.68525	0.933241672	14083	7547	14083	7547	1263191.00	1101257.00	1335205.00	1.23E+06	1	FALSE	0	NA	11	37.954	-119.294	0.158333346	14.28333378	44.22084427	639.338562	18.70000076	-13.60000038	32.30000305	-5.016666412	7.800000191	9.016666412	-6.416666508	744	125	20	64.15598297	339	66	74	334	3219
N/A	N/A	SN_16S0071	Rana sierrae	8/31/23	California	70481	N/A	day	Adult	N/A	N/A	N/A	179.00	183.00	179000.00	18300	0.102234637	296	247	10	100	4	1184000	969350	0.81870777	0.18129223	25891.86505	25839.80711	26331.4073	26021.02649	24519.31058	25122.70224	23578.01639	24406.6764	0.937959785	11850	5915	11850	5915	1360152.00	968317.00	1124409.00	1.15E+06	1	FALSE	0	NA	11	36.4053	-118.195	3.229166508	14.1916666	42.49002075	712.854248	22.39999962	-11	33.40000153	-4.716666698	12.01666641	12.51666641	-4.716666698	593	106	11	67.72621155	281	45	60	281	2993
N/A	N/A	SN_16S0077	Rana sierrae	9/10/23	California	72808	N/A	day	Adult	N/A	N/A	N/A	177.00	68.00	177000.00	6800	0.038418079	298	338	10	100	4	1192000	958600	0.804194631	0.195805369	26428.84105	25352.07585	26629.58981	26136.83557	25536.75847	22899.32506	25693.94648	24710.01	0.945409399	12276	7030	12276	7030	1009847.00	1197124.00	1727656.00	1.31E+06	1	FALSE	0	NA	11	37.954	-119.294	0.158333346	14.28333378	44.22084427	639.338562	18.70000076	-13.60000038	32.30000305	-5.016666412	7.800000191	9.016666412	-6.416666508	744	125	20	64.15598297	339	66	74	334	3066
N/A	N/A	SN_16S0454	Rana sierrae	9/2/24	California	70459	N/A	day	Adult	N/A	N/A	N/A	162.00	317.00	162000.00	31700	0.195679012	302	354	10	100	4	1208000	1003790	0.830951987	0.169048013	26962.36625	26234.26941	26263.74512	26486.79359	24340.24556	23807.17614	25231.51819	24459.64663	0.923465747	13562	6109	13562	6109	1653965.00	1113332.00	1121583.00	1.30E+06	1	FALSE	0	53.766	12	37.8496	-119.3789	1.100000024	14.14999962	44.92063522	612.6655884	19.20000076	-12.30000019	31.5	-3.583333254	8.566666603	9.600000381	-5.083333492	770	136	18	68.74092865	365	60	70	334	3298
N/A	N/A	SN_16S0429	Rana sierrae	8/30/24	California	50837	N/A	day	Adult	N/A	N/A	N/A	134.00	567.00	134000.00	56700	0.423134328	303	259	10	100	4	1212000	893884	0.737528053	0.262471947	26220.75488	26990.58262	27160.30025	26790.54592	24378.18911	25378.07365	24342.93412	24699.73229	0.921957036	14679	6992	14679	6992	688116.00	905573.00	1299863.00	9.65E+05	1	FALSE	0	56.862	12	37.954	-119.294	0.158333346	14.28333378	44.22084427	639.338562	18.70000076	-13.60000038	32.30000305	-5.016666412	7.800000191	9.016666412	-6.416666508	744	125	20	64.15598297	339	66	74	334	3219
N/A	N/A	SN_16S0456	Rana sierrae	9/2/24	California	70459	N/A	day	Adult	N/A	N/A	N/A	261.00	580.00	261000.00	58000	0.222222222	304	281	10	100	4	1216000	903452	0.742970395	0.257029605	26766.07043	27374.43022	26534.38599	26891.62888	25955.84908	25454.56022	25842.73668	25751.04866	0.957586049	15051	10857	15051	10857	997324.00	1277587.00	1429325.00	1.23E+06	1	FALSE	0	86.88	12	37.8496	-119.3789	1.100000024	14.14999962	44.92063522	612.6655884	19.20000076	-12.30000019	31.5	-3.583333254	8.566666603	9.600000381	-5.083333492	770	136	18	68.74092865	365	60	70	334	3298
N/A	N/A	SN_16S0118	Rana sierrae	9/13/23	California	50731	N/A	day	Adult	N/A	N/A	N/A	135.00	481.00	135000.00	48100	0.356296296	304	327	10	100	4	1216000	985070	0.810090461	0.189909539	25417.17083	24536.94956	24889.25015	24947.79018	23002.32972	22197.04224	22160.94013	22453.43736	0.900017084	7904	-1267	7904	0	1346646.00	1140917.00	1121558.00	1.20E+06	1	FALSE	0	91.35	12	37.8496	-119.3789	1.100000024	14.14999962	44.92063522	612.6655884	19.20000076	-12.30000019	31.5	-3.583333254	8.566666603	9.600000381	-5.083333492	770	136	18	68.74092865	365	60	70	334	3359
N/A	N/A	SN_16S0089	Rana sierrae	9/6/23	California	50837	N/A	day	Adult	N/A	N/A	N/A	338.00	563.00	338000.00	56300	0.166568047	305	325	10	100	4	1220000	877653	0.719387705	0.280612295	25926.92037	25203.78313	25784.2054	25638.30297	24947.53762	22603.18699	24858.30504	24136.34322	0.941417349	10443	4921	10443	4921	1088366.00	1224466.00	1083119.00	1.13E+06	1	FALSE	0	110.232	12	37.954	-119.294	0.158333346	14.28333378	44.22084427	639.338562	18.70000076	-13.60000038	32.30000305	-5.016666412	7.800000191	9.016666412	-6.416666508	744	125	20	64.15598297	339	66	74	334	3219
N/A	N/A	SN_16S0067	Rana sierrae	8/31/23	California	70481	N/A	day	Adult	N/A	N/A	N/A	150.00	605.00	150000.00	60500	0.403333333	305	389	10	100	4	1220000	1016528	0.833219672	0.166780328	26493.04758	26335.45851	26298.18886	26375.56498	25486.40857	23506.53491	24237.1213	24410.02159	0.925478624	13153	5927	13153	5927	1213510.00	1189349.00	1391147.00	1.26E+06	1	FALSE	0	NA	12	36.4053	-118.195	3.229166508	14.1916666	42.49002075	712.854248	22.39999962	-11	33.40000153	-4.716666698	12.01666641	12.51666641	-4.716666698	593	106	11	67.72621155	281	45	60	281	2993
N/A	N/A	SN_16S0430	Rana sierrae	8/30/24	California	50837	N/A	day	Adult	N/A	N/A	N/A	188.00	194.00	188000.00	19400	0.103191489	306	389	10	100	4	1224000	993771	0.811904412	0.188095588	26593.92621	26454.99847	26490.52142	26513.1487	25514.0757	26092.86952	24530.8425	25379.26257	0.957233064	13659	9490	13659	9490	1118836.00	1481320.00	1446652.00	1.35E+06	1	FALSE	0	7.734	13	37.954	-119.294	0.158333346	14.28333378	44.22084427	639.338562	18.70000076	-13.60000038	32.30000305	-5.016666412	7.800000191	9.016666412	-6.416666508	744	125	20	64.15598297	339	66	74	334	3219
N/A	N/A	SN_16S0042	Rana sierrae	9/10/23	California	54188	N/A	day	Adult	N/A	N/A	N/A	215.00	330.00	215000.00	33000	0.153488372	307	323	10	100	4	1228000	942441	0.767460098	0.232539902	26126.67727	25934.70812	26712.83546	26258.07362	23910.61005	25586.72181	26025.54599	25174.29262	0.958725799	12721	8737	12721	8737	1066997.00	1109510.00	1299759.00	1.16E+06	1	FALSE	0	NA	13	37.3377	-118.8475	-0.14166671	13.11666679	42.58657837	638.8122559	17.5	-13.30000019	30.79999924	-6.566666603	7.549999714	8.716666222	-6.650000095	689	116	17	62.69108963	310	61	74	290	3395
N/A	N/A	SN_16S0199	Rana sierrae	7/26/24	California	72996	N/A	day	Adult	N/A	N/A	N/A	191.00	158.00	191000.00	15800	0.082722513	307	354	10	100	4	1228000	1002031	0.815986156	0.184013844	26322.95368	27048.92819	26827.46297	26733.11495	24337.40274	25243.4065	24717.07501	24765.96142	0.926415102	14468	7236	14468	7236	1108432.00	1173069.00	1397509.00	1.23E+06	1	FALSE	0	NA	13	37.3377	-118.8475	-0.14166671	13.11666679	42.58657837	638.8122559	17.5	-13.30000019	30.79999924	-6.566666603	7.549999714	8.716666222	-6.650000095	689	116	17	62.69108963	310	61	74	290	3176
N/A	N/A	SN_16S0395	Rana sierrae	8/28/24	California	50731	N/A	day	Adult	N/A	N/A	N/A	477.00	533.00	477000.00	53300	0.111740042	309	323	10	100	4	1236000	997909	0.807369741	0.192630259	25789.14638	26881.59041	26162.57825	26277.77168	24456.85792	25106.09278	24419.67286	24660.87452	0.938469016	12794	6849	12794	6849	1197123.00	1023281.00	1235678.00	1.15E+06	1	FALSE	0	6.072	14	37.8496	-119.3789	1.100000024	14.14999962	44.92063522	612.6655884	19.20000076	-12.30000019	31.5	-3.583333254	8.566666603	9.600000381	-5.083333492	770	136	18	68.74092865	365	60	70	334	3359
N/A	N/A	SN_16S0223	Rana sierrae	6/28/24	California	54188	N/A	day	Adult	N/A	N/A	N/A	289.00	372.00	289000.00	37200	0.128719723	310	241	10	100	4	1240000	877982	0.70805	0.29195	25753.3523	26834.84785	25800.08327	26129.42781	24110.30337	25602.66226	23935.55783	24549.50782	0.939534842	12248	6440	12248	6440	1259348.00	939471.00	1602085.00	1.27E+06	1	FALSE	0	129	14	37.3377	-118.8475	-0.14166671	13.11666679	42.58657837	638.8122559	17.5	-13.30000019	30.79999924	-6.566666603	7.549999714	8.716666222	-6.650000095	689	116	17	62.69108963	310	61	74	290	3395
N/A	N/A	SN_16S0076	Rana sierrae	9/10/23	California	72808	N/A	day	Adult	N/A	N/A	N/A	209.00	220.00	209000.00	22000	0.105263158	311	228	10	100	4	1244000	1019036	0.819160772	0.180839228	24172.54502	24467.96178	25644.12981	24761.54554	23803.38999	22305.08738	25295.57074	23801.34937	0.961222284	7219	3689	7219	3689	1165482.00	1178658.00	1600544.00	1.31E+06	1	FALSE	0	523.83	14	37.954	-119.294	0.158333346	14.28333378	44.22084427	639.338562	18.70000076	-13.60000038	32.30000305	-5.016666412	7.800000191	9.016666412	-6.416666508	744	125	20	64.15598297	339	66	74	334	3066
N/A	N/A	SN_16S0117	Rana sierrae	9/13/23	California	50731	N/A	day	Adult	N/A	N/A	N/A	192.00	403.00	192000.00	40300	0.209895833	313	267	10	100	4	1252000	962564	0.768821086	0.231178914	26513.08337	26820.89141	26986.44161	26773.47213	25150.92024	25614.49064	25871.95357	25545.78815	0.954145507	14616	10103	14616	10103	968596.00	1283183.00	1209462.00	1.15E+06	1	FALSE	0	NA	14	37.8496	-119.3789	1.100000024	14.14999962	44.92063522	612.6655884	19.20000076	-12.30000019	31.5	-3.583333254	8.566666603	9.600000381	-5.083333492	770	136	18	68.74092865	365	60	70	334	3359
N/A	N/A	SN_16S0011	Rana sierrae	6/28/24	California	50731	N/A	day	Adult	N/A	N/A	N/A	234.00	524.00	234000.00	52400	0.223931624	314	354	10	100	4	1256000	1027157	0.817800159	0.182199841	25408.50825	24796.48854	24799.79254	25001.59644	24167.18634	22221.00033	23033.17636	23140.45434	0.92555907	8102	1260	8102	1260	1405488.00	1523202.00	1253083.00	1.39E+06	1	FALSE	0	61.482	15	37.8496	-119.3789	1.100000024	14.14999962	44.92063522	612.6655884	19.20000076	-12.30000019	31.5	-3.583333254	8.566666603	9.600000381	-5.083333492	770	136	18	68.74092865	365	60	70	334	3359
N/A	N/A	SN_16S0009	Rana sierrae	6/28/24	California	50731	N/A	day	Adult	N/A	N/A	N/A	259.00	261.00	259000.00	26100	0.100772201	315	339	10	100	4	1260000	921857	0.73163254	0.26836746	25578.64594	25382.42582	25423.1505	25461.40742	22811.31829	24572.12129	24235.15687	23872.86548	0.937609814	9792	3952	9792	3952	1389316.00	1174434.00	1827685.00	1.46E+06	1	FALSE	0	63.354	15	37.8496	-119.3789	1.100000024	14.14999962	44.92063522	612.6655884	19.20000076	-12.30000019	31.5	-3.583333254	8.566666603	9.600000381	-5.083333492	770	136	18	68.74092865	365	60	70	334	3359
N/A	N/A	SN_16S0114	Rana sierrae	9/13/23	California	50731	N/A	day	Adult	N/A	N/A	N/A	207.00	435.00	207000.00	43500	0.210144928	319	337	10	100	4	1276000	1053351	0.825510188	0.174489812	26544.09121	26616.61667	25175.89807	26112.20198	26098.46444	23843.60118	22417.5342	24119.86661	0.923700982	12185	4860	12185	4860	1062484.00	1233675.00	1215038.00	1.17E+06	1	FALSE	0	262.926	15	37.8496	-119.3789	1.100000024	14.14999962	44.92063522	612.6655884	19.20000076	-12.30000019	31.5	-3.583333254	8.566666603	9.600000381	-5.083333492	770	136	18	68.74092865	365	60	70	334	3359
N/A	N/A	SN_16S0410	Rana sierrae	8/29/24	California	72808	N/A	day	Adult	N/A	N/A	N/A	220.00	125.00	220000.00	12500	0.056818182	319	227	10	100	4	1276000	935878	0.733446708	0.266553292	26113.50057	25829.99137	26253.24403	26065.57866	24716.77608	25558.43116	23803.69321	24692.96682	0.947340059	12014	6967	12014	6967	1258011.00	1133634.00	1781637.00	1.39E+06	1	FALSE	0	3407.58	15.7	37.954	-119.294	0.158333346	14.28333378	44.22084427	639.338562	18.70000076	-13.60000038	32.30000305	-5.016666412	7.800000191	9.016666412	-6.416666508	744	125	20	64.15598297	339	66	74	334	3066
N/A	N/A	SN_16S0036	Rana sierrae	8/3/23	California	70397	N/A	day	Adult	N/A	N/A	N/A	288.00	422.00	288000.00	42200	0.146527778	323	388	10	100	4	1292000	892535	0.690816563	0.309183437	25638.94044	26611.49405	26444.99853	26231.81101	23209.75094	24320.72369	25548.61301	24359.69588	0.928631877	12625	5742	12625	5742	1119619.00	1171479.00	1421333.00	1.24E+06	1	FALSE	0	80.154	16	37.4988	-118.9142	1.070833325	14.00833321	43.10256577	657.918396	19.5	-13	32.5	-6.033333302	9.100000381	10.0666666	-6.033333302	576	97	15	62.93828964	257	51	61	257	3176
N/A	N/A	SN_16S0112	Rana sierrae	9/13/23	California	50731	N/A	day	Adult	N/A	N/A	N/A	162.00	171.00	162000.00	17100	0.105555556	323	330	10	100	4	1292000	1067731	0.826417183	0.173582817	25538.41738	26603.07421	26593.90628	26245.13262	24200.94074	24055.1631	26197.05261	24817.71882	0.945612246	12674	7426	12674	7426	1561984.00	943898.00	841811.00	1.12E+06	1	FALSE	0	48.66	17	37.8496	-119.3789	1.100000024	14.14999962	44.92063522	612.6655884	19.20000076	-12.30000019	31.5	-3.583333254	8.566666603	9.600000381	-5.083333492	770	136	18	68.74092865	365	60	70	334	3359
N/A	N/A	SN_16S0007	Rana sierrae	6/28/24	California	50731	N/A	day	Adult	N/A	N/A	N/A	376.00	521.00	376000.00	52100	0.13856383	329	227	10	100	4	1316000	913889	0.694444529	0.305555471	25243.88436	26227.40482	26586.98196	26019.42371	23998.64152	23660.75149	25530.25711	24396.55004	0.937628378	11844	5878	11844	5878	1979849.00	1133381.00	807663.00	1.31E+06	1	FALSE	0	52.818	17	37.8496	-119.3789	1.100000024	14.14999962	44.92063522	612.6655884	19.20000076	-12.30000019	31.5	-3.583333254	8.566666603	9.600000381	-5.083333492	770	136	18	68.74092865	365	60	70	334	3359
N/A	N/A	SN_16S0070	Rana sierrae	8/31/23	California	70481	N/A	day	Adult	N/A	N/A	N/A	312.00	371.00	312000.00	37100	0.118910256	333	373	10	100	4	1332000	999302	0.750226727	0.249773273	26163.58225	27186.26338	27215.16472	26855.00345	24465.1455	25580.70282	24352.63563	24799.49465	0.923459001	14916	7359	14916	7359	1456943.00	1328887.00	1122168.00	1.30E+06	1	FALSE	0	NA	17	36.4053	-118.195	3.229166508	14.1916666	42.49002075	712.854248	22.39999962	-11	33.40000153	-4.716666698	12.01666641	12.51666641	-4.716666698	593	106	11	67.72621155	281	45	60	281	2993
N/A	N/A	SN_16S0399	Rana sierrae	8/28/24	California	50731	N/A	day	Adult	N/A	N/A	N/A	273.00	542.00	273000.00	54200	0.198534799	334	320	10	100	4	1336000	1105911	0.827777695	0.172222305	25499.41649	26092.68868	25363.47338	25651.85952	22983.23109	25823.143	23486.70435	24097.69281	0.939413098	10493	4779	10493	4779	1046319.00	1312660.00	1194632.00	1.18E+06	1	FALSE	0	3.912	18	37.8496	-119.3789	1.100000024	14.14999962	44.92063522	612.6655884	19.20000076	-12.30000019	31.5	-3.583333254	8.566666603	9.600000381	-5.083333492	770	136	18	68.74092865	365	60	70	334	3359
N/A	N/A	SN_16S0224	Rana sierrae	6/28/24	California	54188	N/A	day	Adult	N/A	N/A	N/A	311.00	629.00	311000.00	62900	0.202250804	334	385	10	100	4	1336000	1113788	0.833673653	0.166326347	26273.85496	25481.71983	25979.77592	25911.78357	25971.2884	24752.86689	25607.74505	25443.96678	0.98194579	11448	9728	11448	9728	1379774.00	1318488.00	1299371.00	1.33E+06	1	FALSE	0	219.978	18	37.3377	-118.8475	-0.14166671	13.11666679	42.58657837	638.8122559	17.5	-13.30000019	30.79999924	-6.566666603	7.549999714	8.716666222	-6.650000095	689	116	17	62.69108963	310	61	74	290	3395
N/A	N/A	SN_16S0113	Rana sierrae	9/13/23	California	50731	N/A	day	Adult	N/A	N/A	N/A	204.00	349.00	204000.00	34900	0.171078431	338	257	10	100	4	1352000	1050483	0.776984467	0.223015533	27017.0797	27495.83959	26864.43388	27125.78439	24382.00309	25313.36727	25071.84848	24922.40628	0.91877182	15911	7811	15911	7811	1341907.00	900356.00	1787809.00	1.34E+06	1	FALSE	0	NA	18	37.8496	-119.3789	1.100000024	14.14999962	44.92063522	612.6655884	19.20000076	-12.30000019	31.5	-3.583333254	8.566666603	9.600000381	-5.083333492	770	136	18	68.74092865	365	60	70	334	3359
N/A	N/A	SN_16S0008	Rana sierrae	6/28/24	California	50731	N/A	day	Adult	N/A	N/A	N/A	223.00	630.00	223000.00	63000	0.282511211	340	264	10	100	4	1360000	1072735	0.788775735	0.211224265	25271.39161	25286.76006	25022.4441	25193.53192	23802.7145	23582.64329	23192.57071	23525.97617	0.933810164	8808	2677	8808	2677	1786768.00	1110592.00	1329410.00	1.41E+06	1	FALSE	0	76.38	21	37.8496	-119.3789	1.100000024	14.14999962	44.92063522	612.6655884	19.20000076	-12.30000019	31.5	-3.583333254	8.566666603	9.600000381	-5.083333492	770	136	18	68.74092865	365	60	70	334	3359
N/A	N/A	SN_16S0132	Rana sierrae	6/28/24	California	50731	N/A	day	Adult	N/A	N/A	N/A	273.00	471.00	273000.00	47100	0.172527473	342	312	10	100	4	1368000	1038718	0.759296784	0.240703216	25909.74917	25956.36147	25843.53604	25903.21556	24591.65658	23440.43829	23956.4753	23996.19006	0.926378812	11417	4406	11417	4406	1520469.00	1104998.00	1478671.00	1.37E+06	1	FALSE	0	79.11	22	37.8496	-119.3789	1.100000024	14.14999962	44.92063522	612.6655884	19.20000076	-12.30000019	31.5	-3.583333254	8.566666603	9.600000381	-5.083333492	770	136	18	68.74092865	365	60	70	334	3359
N/A	N/A	SN_16S0010	Rana sierrae	6/28/24	California	50731	N/A	day	Adult	N/A	N/A	N/A	178.00	634.00	178000.00	63400	0.356179775	343	339	10	100	4	1372000	995089	0.725283528	0.274716472	26519.17003	26921.76708	25888.11738	26443.01816	23747.28465	25171.27245	25027.51255	24648.68989	0.93214359	13401	6805	13401	6805	1378836.00	1161399.00	1164919.00	1.24E+06	1	FALSE	0	1238.82	24	37.8496	-119.3789	1.100000024	14.14999962	44.92063522	612.6655884	19.20000076	-12.30000019	31.5	-3.583333254	8.566666603	9.600000381	-5.083333492	770	136	18	68.74092865	365	60	70	334	3359
N/A	N/A	AJS5045	Rana sierrae	8/10/22	California	52127	N/A	day	Adult	N/A	N/A	N/A	215.00	379.00	215000.00	37900	0.17627907	343	282	10	100	4	1372000	986378	0.718934402	0.281065598	26952.00625	27082.14656	27068.30514	27034.15265	24890.70938	24630.18997	25218.19848	24913.03261	0.921539245	15575	7776	15575	7776	1088401.00	1233876.00	1405527.00	1.24E+06	1	FALSE	0	14.622	NA	37.954	-119.294	0.158333346	14.28333378	44.22084427	639.338562	18.70000076	-13.60000038	32.30000305	-5.016666412	7.800000191	9.016666412	-6.416666508	744	125	20	64.15598297	339	66	74	334	3554
N/A	N/A	AJS5053	Rana sierrae	8/10/22	California	52127	N/A	day	Adult	N/A	N/A	N/A	306.00	307.00	306000.00	30700	0.100326797	344	249	10	100	4	1376000	1077243	0.782880087	0.217119913	25821.99363	26155.35721	26025.14048	26000.83044	25054.702	24240.15564	25302.10973	24865.65579	0.956340831	11776	7602	11776	7602	1580059.00	1180353.00	1802735.00	1.52E+06	1	FALSE	0	15.15	NA	37.954	-119.294	0.158333346	14.28333378	44.22084427	639.338562	18.70000076	-13.60000038	32.30000305	-5.016666412	7.800000191	9.016666412	-6.416666508	744	125	20	64.15598297	339	66	74	334	3554
N/A	N/A	AJS5054	Rana sierrae	8/10/22	California	52127	N/A	day	Adult	N/A	N/A	N/A	148.00	366.00	148000.00	36600	0.247297297	345	299	10	100	4	1380000	1097898	0.795578261	0.204421739	26440.86479	27494.27403	27503.34142	27146.16008	23544.61713	25608.52358	26816.715	25323.28524	0.932849625	15986	9285	15986	9285	1243071.00	1279709.00	1234492.00	1.25E+06	1	FALSE	0	19.398	NA	37.954	-119.294	0.158333346	14.28333378	44.22084427	639.338562	18.70000076	-13.60000038	32.30000305	-5.016666412	7.800000191	9.016666412	-6.416666508	744	125	20	64.15598297	339	66	74	334	3554
N/A	N/A	AJS5046	Rana sierrae	8/10/22	California	52127	N/A	day	Adult	N/A	N/A	N/A	222.00	651.00	222000.00	65100	0.293243243	347	369	10	100	4	1388000	1111187	0.800567003	0.199432997	27268.29295	27668.90492	27991.6005	27642.93279	25178.17603	26915.03211	25505.92973	25866.37929	0.935732091	17813	11281	17813	11281	1326995.00	1681011.00	1530497.00	1.51E+06	1	FALSE	0	25.632	NA	37.954	-119.294	0.158333346	14.28333378	44.22084427	639.338562	18.70000076	-13.60000038	32.30000305	-5.016666412	7.800000191	9.016666412	-6.416666508	744	125	20	64.15598297	339	66	74	334	3554
N/A	N/A	AJS5006	Rana sierrae	7/17/22	California	10055	N/A	day	Adult	N/A	N/A	N/A	255.00	218.00	255000.00	21800	0.085490196	348	355	10	100	4	1392000	1145954	0.823242816	0.176757184	25408.43098	25110.9017	25953.3333	25490.88866	23978.94148	24280.49647	24324.19534	24194.54443	0.9491448	9901	5135	9901	5135	1176807.00	1164891.00	1335472.00	1.23E+06	1	FALSE	0	NA	NA	36.4053	-118.195	3.229166508	14.1916666	42.49002075	712.854248	22.39999962	-11	33.40000153	-4.716666698	12.01666641	12.51666641	-4.716666698	593	106	11	67.72621155	281	45	60	281	3371
N/A	N/A	AJS5003	Rana sierrae	7/17/22	California	10055	N/A	day	Adult	N/A	N/A	N/A	252.00	200.00	252000.00	20000	0.079365079	348	375	10	100	4	1392000	986868	0.708956897	0.291043103	27421.83725	26945.62281	27787.68633	27385.0488	26927.84826	24011.32873	27176.79277	26038.65659	0.95083477	16865	11915	16865	11915	1243882.00	1321471.00	1837295.00	1.47E+06	1	FALSE	0	NA	NA	36.4053	-118.195	3.229166508	14.1916666	42.49002075	712.854248	22.39999962	-11	33.40000153	-4.716666698	12.01666641	12.51666641	-4.716666698	593	106	11	67.72621155	281	45	60	281	3371
N/A	N/A	AJS5007	Rana sierrae	7/17/22	California	10055	N/A	day	Adult	N/A	N/A	N/A	210.00	346.00	210000.00	34600	0.164761905	349	336	10	100	4	1396000	1085303	0.777437679	0.222562321	26474.1691	27489.93131	26840.54159	26934.88067	24478.93274	25610.04335	24467.14168	24852.03926	0.922671222	15210	7552	15210	7552	1660280.00	1740171.00	2093657.00	1.83E+06	1	FALSE	0	NA	NA	36.4053	-118.195	3.229166508	14.1916666	42.49002075	712.854248	22.39999962	-11	33.40000153	-4.716666698	12.01666641	12.51666641	-4.716666698	593	106	11	67.72621155	281	45	60	281	3371
N/A	N/A	AJS5009	Rana sierrae	7/17/22	California	10055	N/A	day	Adult	N/A	N/A	N/A	415.00	295.00	415000.00	29500	0.071084337	349	231	10	100	4	1396000	982740	0.703968481	0.296031519	26609.43295	26746.00168	25366.41571	26240.61678	24605.61812	25091.34464	24295.47912	24664.14729	0.939922545	12657	6861	12657	6861	1002609.00	1304595.00	1586654.00	1.30E+06	1	FALSE	0	NA	NA	36.4053	-118.195	3.229166508	14.1916666	42.49002075	712.854248	22.39999962	-11	33.40000153	-4.716666698	12.01666641	12.51666641	-4.716666698	593	106	11	67.72621155	281	45	60	281	3371
N/A	N/A	AJS5005	Rana sierrae	7/17/22	California	10055	N/A	day	Adult	N/A	N/A	N/A	357.00	442.00	357000.00	44200	0.123809524	350	231	10	100	4	1400000	1104921	0.789229286	0.210770714	25543.78143	26248.35394	25624.99468	25805.71002	24617.82254	23411.41158	24363.60975	24130.94796	0.935101105	11058	4901	11058	4901	1227528.00	1820620.00	1426017.00	1.49E+06	1	FALSE	0	NA	NA	36.4053	-118.195	3.229166508	14.1916666	42.49002075	712.854248	22.39999962	-11	33.40000153	-4.716666698	12.01666641	12.51666641	-4.716666698	593	106	11	67.72621155	281	45	60	281	3371
N/A	N/A	AJS5004	Rana sierrae	7/17/22	California	10055	N/A	day	Adult	N/A	N/A	N/A	606.00	515.00	606000.00	51500	0.084983498	350	242	10	100	4	1400000	1080159	0.771542143	0.228457857	25887.24639	25922.64621	24950.11542	25586.66934	24210.31701	23744.65972	22942.38332	23632.45335	0.923623666	10253	3068	10253	3068	1219364.00	1267945.00	1481884.00	1.32E+06	1	FALSE	0	NA	NA	36.4053	-118.195	3.229166508	14.1916666	42.49002075	712.854248	22.39999962	-11	33.40000153	-4.716666698	12.01666641	12.51666641	-4.716666698	593	106	11	67.72621155	281	45	60	281	3371
N/A	N/A	SN_16S0048	Rana sierrae	8/30/23	California	10223	N/A	day	Adult	N/A	N/A	N/A	302.00	560.00	302000.00	56000	0.185430464	351	234	10	100	4	1404000	1147555	0.817346866	0.182653134	25227.65713	24889.71211	24988.01459	25035.12794	23019.24019	24044.18326	22580.67152	23214.69832	0.927284988	8225	1532	8225	1532	1146724.00	1350525.00	1866147.00	1.45E+06	1	FALSE	0	NA	NA	37.954	-119.294	0.158333346	14.28333378	44.22084427	639.338562	18.70000076	-13.60000038	32.30000305	-5.016666412	7.800000191	9.016666412	-6.416666508	744	125	20	64.15598297	339	66	74	334	3495
N/A	N/A	SN_16S0047	Rana sierrae	8/30/23	California	10223	N/A	day	Adult	N/A	N/A	N/A	327.00	402.00	327000.00	40200	0.12293578	351	281	10	100	4	1404000	1015114	0.72301567	0.27698433	26239	24888.93055	25923.78659	25683.90572	24539.86605	22492.39959	24761.46708	23931.24424	0.931760321	10610	4167	10610	4167	1202754.00	1651472.00	1286814.00	1.38E+06	1	FALSE	0	NA	NA	37.954	-119.294	0.158333346	14.28333378	44.22084427	639.338562	18.70000076	-13.60000038	32.30000305	-5.016666412	7.800000191	9.016666412	-6.416666508	744	125	20	64.15598297	339	66	74	334	3495
N/A	N/A	SN_16S0050	Rana sierrae	8/30/23	California	10223	N/A	day	Adult	N/A	N/A	N/A	357.00	312.00	357000.00	31200	0.087394958	352	281	10	100	4	1408000	971392	0.689909091	0.310090909	25320.58253	25320.18392	25855.24995	25498.67213	22891.97664	23890.37878	24920.83464	23901.06335	0.937345413	9929	4056	9929	4056	1413598.00	890302.00	1401112.00	1.24E+06	1	FALSE	0	NA	NA	37.954	-119.294	0.158333346	14.28333378	44.22084427	639.338562	18.70000076	-13.60000038	32.30000305	-5.016666412	7.800000191	9.016666412	-6.416666508	744	125	20	64.15598297	339	66	74	334	3495
N/A	N/A	SN_16S0051	Rana sierrae	8/30/23	California	10223	N/A	day	Adult	N/A	N/A	N/A	178.00	301.00	178000.00	30100	0.169101124	352	254	10	100	4	1408000	975224	0.692630682	0.307369318	25786.76165	25902.0425	26100.82833	25929.87749	23405.06278	23610.23463	24053.55073	23689.61605	0.913603084	11515	3279	11515	3279	1292398.00	1448357.00	1888084.00	1.54E+06	1	FALSE	0	NA	NA	37.954	-119.294	0.158333346	14.28333378	44.22084427	639.338562	18.70000076	-13.60000038	32.30000305	-5.016666412	7.800000191	9.016666412	-6.416666508	744	125	20	64.15598297	339	66	74	334	3495
N/A	N/A	SN_16S0046	Rana sierrae	8/30/23	California	10223	N/A	day	Adult	N/A	N/A	N/A	339.00	251.00	339000.00	25100	0.074041298	352	343	10	100	4	1408000	1122728	0.797392045	0.202607955	25937.68981	25797.22563	25560.76874	25765.22806	24377.1948	22990.79905	24397.32588	23921.77324	0.928451834	10909	4132	10909	4132	1076604.00	1536416.00	1498228.00	1.37E+06	1	FALSE	0	NA	NA	37.954	-119.294	0.158333346	14.28333378	44.22084427	639.338562	18.70000076	-13.60000038	32.30000305	-5.016666412	7.800000191	9.016666412	-6.416666508	744	125	20	64.15598297	339	66	74	334	3495
N/A	N/A	SN_16S0027	Rana sierrae	8/30/23	California	10225	N/A	day	Adult	N/A	N/A	N/A	329.00	141.00	329000.00	14100	0.042857143	353	305	10	100	4	1412000	1107988	0.784694051	0.215305949	25866.62274	27753.87521	26901.66779	26840.72191	24104.91289	25370.37645	25005.45237	24826.91391	0.924971913	14863	7460	14863	7460	1190753.00	1149198.00	1160862.00	1.17E+06	1	FALSE	0	NA	NA	37.8496	-119.3789	1.100000024	14.14999962	44.92063522	612.6655884	19.20000076	-12.30000019	31.5	-3.583333254	8.566666603	9.600000381	-5.083333492	770	136	18	68.74092865	365	60	70	334	3493
N/A	N/A	SN_16S0028	Rana sierrae	8/31/23	California	10225	N/A	day	Adult	N/A	N/A	N/A	381.00	246.00	381000.00	24600	0.064566929	354	351	10	100	4	1416000	985902	0.696258475	0.303741525	26477.45482	26491.76302	27393.92503	26787.71429	25987.21389	26162.93071	26334.34687	26161.49716	0.976622973	14669	12366	14669	12366	1622101.00	1116009.00	1258855.00	1.33E+06	1	FALSE	0	NA	NA	37.8496	-119.3789	1.100000024	14.14999962	44.92063522	612.6655884	19.20000076	-12.30000019	31.5	-3.583333254	8.566666603	9.600000381	-5.083333492	770	136	18	68.74092865	365	60	70	334	3493
N/A	N/A	AJS5016	Rana sierrae	7/29/22	California	10593	N/A	day	Adult	N/A	N/A	N/A	540.00	290.00	540000.00	29000	0.053703704	356	353	10	100	4	1424000	986951	0.693083567	0.306916433	25735.8724	25736.68192	25334.7621	25602.43881	23837.57875	24968.53748	23052.64543	23952.92055	0.935571831	10311	4247	10311	4247	1897607.00	1318551.00	1490852.00	1.57E+06	1	FALSE	0	NA	NA	37.8496	-119.3789	1.100000024	14.14999962	44.92063522	612.6655884	19.20000076	-12.30000019	31.5	-3.583333254	8.566666603	9.600000381	-5.083333492	770	136	18	68.74092865	365	60	70	334	2926
N/A	N/A	AJS5021	Rana sierrae	7/29/22	California	10593	N/A	day	Adult	N/A	N/A	N/A	353.00	633.00	353000.00	63300	0.179320113	357	283	10	100	4	1428000	1139971	0.79829902	0.20170098	26714.36087	26941.02776	26820.0345	26825.14105	25326.78584	26562.71281	26257.39042	26048.96302	0.971065277	14806	11953	14806	11953	768903.00	1426578.00	1452538.00	1.22E+06	1	FALSE	0	NA	NA	37.8496	-119.3789	1.100000024	14.14999962	44.92063522	612.6655884	19.20000076	-12.30000019	31.5	-3.583333254	8.566666603	9.600000381	-5.083333492	770	136	18	68.74092865	365	60	70	334	2926
N/A	N/A	SN_16S0034	Rana sierrae	8/3/23	California	70397	N/A	day	Adult	N/A	N/A	N/A	263.00	437.00	263000.00	43700	0.166159696	385	348	10	100	4	1540000	1079222	0.700793506	0.299206494	25440.01956	25221.24748	25373.68305	25344.98336	24350.91386	22477.44934	25054.46802	23960.94374	0.94539197	9364	4276	9364	4276	1562844.00	1736157.00	1598033.00	1.63E+06	1	FALSE	0	292.092	NA	37.4988	-118.9142	1.070833325	14.00833321	43.10256577	657.918396	19.5	-13	32.5	-6.033333302	9.100000381	10.0666666	-6.033333302	576	97	15	62.93828964	257	51	61	257	3176
N/A	N/A	KMMB0134	Rana sierrae	8/1/23	California	70122	N/A	day	Adult	N/A	N/A	N/A	300.00	81.00	300000.00	8100	0.027	393	267	10	100	4	1572000	1291999	0.821882316	0.178117684	26591.00767	26781.71361	25917.2907	26430.00399	25401.7145	24772.29029	25088.91221	25087.639	0.949210564	13353	8418	13353	8418	1734854.00	1785704.00	1595499.00	1.71E+06	1	FALSE	0	NA	NA	37.4988	-118.9142	1.070833325	14.00833321	43.10256577	657.918396	19.5	-13	32.5	-6.033333302	9.100000381	10.0666666	-6.033333302	576	97	15	62.93828964	257	51	61	257	2987
N/A	N/A	SN_16S0033	Rana sierrae	8/3/23	California	70397	N/A	day	Adult	N/A	N/A	N/A	429.00	470.00	429000.00	47000	0.10955711	396	305	10	100	4	1584000	1276000	0.805555556	0.194444444	25431.40908	26177.55811	25404.77	25671.24573	23239.68645	25325.8805	23773.77299	24113.11331	0.939304371	10564	4835	10564	4835	1688139.00	1685897.00	1440382.00	1.60E+06	1	FALSE	0	NA	NA	37.4988	-118.9142	1.070833325	14.00833321	43.10256577	657.918396	19.5	-13	32.5	-6.033333302	9.100000381	10.0666666	-6.033333302	576	97	15	62.93828964	257	51	61	257	3176
N/A	N/A	KMMB0255	Rana sierrae	8/25/23	California	70413	N/A	day	Adult	N/A	N/A	N/A	757.00	444.00	757000.00	44400	0.058652576	397	227	10	100	4	1588000	1081172	0.680838791	0.319161209	26748.65915	25833.4871	26941.14311	26507.76312	24072.29903	24700.35443	25049.88912	24607.51419	0.928313494	13639	6653	13639	6653	1480351.00	1278461.00	2117457.00	1.63E+06	1	FALSE	0	NA	NA	37.9575	-119.3005	-0.350000024	13.76666641	43.56540298	630.5444946	17.89999962	-13.69999981	31.59999847	-5.183333397	7.133333206	8.449999809	-6.733333111	804	132	21	62.85953522	360	71	81	339	3322
N/A	N/A	AJS5042	Rana sierrae	8/9/22	California	70567	N/A	day	Adult	N/A	N/A	N/A	491.00	240.00	491000.00	24000	0.048879837	397	355	10	100	4	1588000	1082613	0.681746222	0.318253778	26244.60234	27137.01397	27173.67947	26851.76526	23995.89183	24654.5079	25007.70822	24552.70265	0.914379461	14904	6452	14904	6452	1435616.00	1562097.00	1997899.00	1.67E+06	1	FALSE	0	NA	NA	37.9575	-119.3005	-0.350000024	13.76666641	43.56540298	630.5444946	17.89999962	-13.69999981	31.59999847	-5.183333397	7.133333206	8.449999809	-6.733333111	804	132	21	62.85953522	360	71	81	339	3206
Pan24	221210C006	221210_C006	Colostethus panamansis	11/18/22	Panama	El Cope	Guabal	N/A	Adult	NA	N/A	N/A	10.00	20.00	10000.00	200	0.02	282	283	10	10	4	112800	107644	0.95429078	0.04570922	26235.45093	25356.85931	25356.86752	25649.72592	25843.79318	22922.8878	23425.35253	24064.01117	0.938178101	10485	4655	10485	4655	81197.00	75328.00	82970.00	7.98E+04	1	TRUE	8944.868164	73.188	21.5	8.61304	-80.59042	24.5041656	8.00833321	80.8922577	57.1464462	29.8999996	20	9.89999962	24.0333328	24.5333328	25.3666668	23.9500008	2293	401	16	67.6412506	981	69	394	804	552
Pan46	221208004	221208_004	Colostethus panamansis	7/23/22	Panama	Campana	Rabbit	N/A	Adult	NA	N/A	N/A	10.00	20.00	10000.00	200	0.02	283	290	10	10	4	113200	100637	0.889019435	0.110980565	26845.72802	26342.73915	26341.58312	26510.01677	25499.84022	24729.06514	24035.68206	24754.86247	0.933792788	13648	7195	13648	7195	131321.00	117243.00	157231.00	1.35E+05	1	TRUE	31465.60547	59.772	20.1	8.61304	-80.59042	24.5041656	8.00833321	80.8922577	57.1464462	29.8999996	20	9.89999962	24.0333328	24.5333328	25.3666668	23.9500008	2293	401	16	67.6412506	981	69	394	804	619
Pan22	221208014	221208_014	Colostethus panamansis	11/18/22	Panama	Campana	Rabbit	N/A	Adult	NA	N/A	N/A	13.00	12.00	13000.00	120	0.009230769	284	272	10	10	4	113600	103622	0.912165493	0.087834507	25529.63714	24452.01588	24546.19708	24842.6167	23119.68698	23949.65466	22759.64392	23276.32852	0.936951562	7517	1759	7517	1759	68810.00	137154.00	87593.00	9.79E+04	1	TRUE	555.1235352	127.092	20.1	8.61304	-80.59042	24.5041656	8.00833321	80.8922577	57.1464462	29.8999996	20	9.89999962	24.0333328	24.5333328	25.3666668	23.9500008	2293	401	16	67.6412506	981	69	394	804	619
Pan39	221208007	221208_007	Colostethus panamansis	7/26/22	Panama	Campana	Rabbit	N/A	Adult	NA	N/A	N/A	11.00	20.00	11000.00	200	0.018181818	288	268	10	10	4	115200	109234	0.948211806	0.051788194	25127.51224	24902.24044	25565.77967	25198.51078	22755.46131	24154.81278	23858.18214	23589.48541	0.936146013	8826	2910	8826	2910	126572.00	161739.00	113691.00	1.34E+05	1	TRUE	97.78146362	36.81	20.3	8.61304	-80.59042	24.5041656	8.00833321	80.8922577	57.1464462	29.8999996	20	9.89999962	24.0333328	24.5333328	25.3666668	23.9500008	2293	401	16	67.6412506	981	69	394	804	619
Pan38	221208009	221208_009	Colostethus panamansis	7/28/22	Panama	Campana	Rabbit	N/A	Adult	NA	N/A	N/A	12.00	20.00	12000.00	200	0.016666667	290	282	10	10	4	116000	106804	0.920724138	0.079275862	26156.61196	25904.47215	27343.44838	26468.1775	23431.3117	24156.47335	25537.15383	24374.97963	0.920916434	13494	5798	13494	5798	102880.00	134680.00	127880.00	1.22E+05	1	TRUE	5331.243164	36.342	20.5	8.61304	-80.59042	24.5041656	8.00833321	80.8922577	57.1464462	29.8999996	20	9.89999962	24.0333328	24.5333328	25.3666668	23.9500008	2293	401	16	67.6412506	981	69	394	804	619
Pan35	221208012	221208_012	Colostethus panamansis	11/18/22	Panama	Campana	Rabbit	N/A	Adult	NA	N/A	N/A	19.00	10.00	19000.00	100	0.005263158	293	278	10	10	4	117200	112155	0.956953925	0.043046075	26112.48901	25624.32066	25778.79313	25838.53426	25089.06896	24193.54626	23563.60264	24282.07262	0.939761999	11179	5457	11179	5457	136003.00	126640.00	112429.00	1.25E+05	1	TRUE	3514.769775	24.384	20	8.61304	-80.59042	24.5041656	8.00833321	80.8922577	57.1464462	29.8999996	20	9.89999962	24.0333328	24.5333328	25.3666668	23.9500008	2293	401	16	67.6412506	981	69	394	804	619
Pan47	221208011	221208_011	Colostethus panamansis	7/28/22	Panama	Campana	Rabbit	N/A	Adult	NA	N/A	N/A	15.00	10.00	15000.00	100	0.006666667	294	292	10	10	4	117600	105341	0.895756803	0.104243197	24955.75469	26182.74709	25249.85939	25462.78706	22261.99184	24961.26491	22779.16412	23334.14029	0.916401659	9798	1972	9798	1972	133403.00	143302.00	116065.00	1.31E+05	1	TRUE	77626.09375	64.212	19.6	8.61304	-80.59042	24.5041656	8.00833321	80.8922577	57.1464462	29.8999996	20	9.89999962	24.0333328	24.5333328	25.3666668	23.9500008	2293	401	16	67.6412506	981	69	394	804	619
Pan43	221208015	221208_015	Colostethus panamansis	11/18/22	Panama	Campana	Rabbit	N/A	Adult	NA	N/A	N/A	17.00	40.00	17000.00	400	0.023529412	294	287	10	10	4	117600	104333	0.887185374	0.112814626	24728.56854	25668.69646	24647.00218	25014.75572	24406.87422	23507.10392	22422.5375	23445.50521	0.937267006	8150	2381	8150	2381	146627.00	161104.00	145892.00	1.51E+05	1	TRUE	17666.02734	55.602	19.1	8.65217	-80.59049	23.8875008	7.6583333	81.4716339	54.3191261	28.8999996	19.5	9.39999962	23.4833336	24.3166656	24.7000008	23.3833332	2496	446	25	60.0795937	1027	162	344	593	619
Pan8	221208013	221208_013	Colostethus panamansis	11/18/22	Panama	Campana	Rabbit	N/A	Adult	NA	N/A	N/A	19.00	10.00	19000.00	100	0.005263158	296	281	10	10	4	118400	102647	0.866951014	0.133048986	24394.33462	24665.13729	24381.58814	24480.35335	22228.94494	24011.33908	23274.20277	23171.4956	0.94653436	6186	1374	6186	1374	130797.00	163976.00	172371.00	1.56E+05	1	TRUE	2862.190674	27.588	20.5	8.61304	-80.59042	24.5041656	8.00833321	80.8922577	57.1464462	29.8999996	20	9.89999962	24.0333328	24.5333328	25.3666668	23.9500008	2293	401	16	67.6412506	981	69	394	804	619
Pan28	221208018	221208_018	Colostethus panamansis	11/18/22	Panama	Campana	Rabbit	N/A	Adult	NA	N/A	N/A	11.00	10.00	11000.00	100	0.009090909	298	280	10	10	4	119200	106492	0.893389262	0.106610738	24364.28786	24271.56015	23682.851	24106.23301	22127.21978	23990.98621	21754.84618	22624.35072	0.938527007	4810	-639	4810	0	128077.00	111007.00	121460.00	1.20E+05	1	TRUE	751.9414673	16.26	22.5	8.68678	-79.92707	22.9041672	7.4083333	81.4102707	53.8287926	27.7999992	18.7000008	9.09999847	22.5333328	23.0499992	23.7166672	22.416666	2589	435	22	66.59021	1064	84	448	924	619
Pan20	221208008	221208_008	Colostethus panamansis	7/26/22	Panama	Campana	Rabbit	N/A	Adult	NA	N/A	N/A	17.00	10.00	17000.00	100	0.005882353	299	289	10	10	4	119600	112633	0.941747492	0.058252508	24831.4059	24961.00861	25719.88911	25170.76787	22555.37043	23527.47338	24989.30779	23690.7172	0.941199622	8724	3283	8724	3283	152553.00	141426.00	144093.00	1.46E+05	1	TRUE	1183.729614	88.842	20.5	8.61304	-80.59042	24.5041656	8.00833321	80.8922577	57.1464462	29.8999996	20	9.89999962	24.0333328	24.5333328	25.3666668	23.9500008	2293	401	16	67.6412506	981	69	394	804	619
Pan7	221210C004	221210_C004	Colostethus panamansis	11/18/22	Panama	El Cope	Guabal	N/A	Adult	NA	N/A	N/A	22.00	70.00	22000.00	700	0.031818182	300	275	10	10	4	120000	104774	0.873116667	0.126883333	25580.32286	25434.403	26078.70214	25697.80933	24108.83124	23329.2161	25417.64444	24285.23059	0.945031161	10662	5468	10662	5468	103449.00	125033.00	221362.00	1.50E+05	1	TRUE	582.5077515	28.152	21.6	8.61304	-80.59042	24.5041656	8.00833321	80.8922577	57.1464462	29.8999996	20	9.89999962	24.0333328	24.5333328	25.3666668	23.9500008	2293	401	16	67.6412506	981	69	394	804	552
N/A	N/A	240804_D009	Colostethus panamansis	8/4/24	Panama	Altos de Campana	Rabbit	N/A	Adult	N/A	N/A	N/A	20.00	217.00	20000.00	2170	0.1085	304	337	10	10	4	121600	113226	0.931134868	0.068865132	24473.40981	24793.64772	25115.78856	24794.28203	22494.07174	24333.22672	22986.57503	23271.29117	0.938574916	7340	1741	7340	1741	129920.00	140214.00	150278.00	1.40E+05	1	TRUE	19.39220428	NA	19.5	8.61304	-80.59042	24.5041656	8.00833321	80.8922577	57.1464462	29.8999996	20	9.89999962	24.0333328	24.5333328	25.3666668	23.9500008	2293	401	16	67.6412506	981	69	394	804	619
N/A	N/A	240804_D005	Colostethus panamansis	8/4/24	Panama	Altos de Campana	Rabbit	N/A	Adult	N/A	N/A	N/A	21.00	661.00	21000.00	6610	0.314761905	306	302	10	10	4	122400	108916	0.889836601	0.110163399	24816.26469	25820.63091	26092.48801	25576.4612	22432.64723	24468.96342	24423.97646	23775.19571	0.92957331	10215	3593	10215	3593	175747.00	118073.00	156789.00	1.50E+05	1	TRUE	576.0498047	NA	20	8.61304	-80.59042	24.5041656	8.00833321	80.8922577	57.1464462	29.8999996	20	9.89999962	24.0333328	24.5333328	25.3666668	23.9500008	2293	401	16	67.6412506	981	69	394	804	619
N/A	N/A	240804_D012	Colostethus panamansis	8/4/24	Panama	Altos de Campana	Rabbit	N/A	Adult	N/A	N/A	N/A	24.00	271.00	24000.00	2710	0.112916667	306	382	10	10	4	122400	106857	0.873014706	0.126985294	25573.11494	26110.88645	25789.93801	25824.64647	23507.17716	23954.27141	25124.55388	24195.33415	0.93690863	11128	5138	11128	5138	101824.00	117260.00	127619.00	1.16E+05	1	TRUE	75.74201965	NA	20.1	8.61304	-80.59042	24.5041656	8.00833321	80.8922577	57.1464462	29.8999996	20	9.89999962	24.0333328	24.5333328	25.3666668	23.9500008	2293	401	16	67.6412506	981	69	394	804	619
N/A	N/A	240804_D008	Colostethus panamansis	8/4/24	Panama	Altos de Campana	Rabbit	N/A	Adult	N/A	N/A	N/A	27.00	211.00	27000.00	2110	0.078148148	307	244	10	10	4	122800	116879	0.951783388	0.048216612	24297.29612	24800.5538	25388.87428	24828.90807	22514.75377	23446.88502	24445.65393	23469.09757	0.945232771	7467	2468	7467	2468	203006.00	114125.00	92316.00	1.36E+05	1	TRUE	382.1060791	NA	20.2	8.61304	-80.59042	24.5041656	8.00833321	80.8922577	57.1464462	29.8999996	20	9.89999962	24.0333328	24.5333328	25.3666668	23.9500008	2293	401	16	67.6412506	981	69	394	804	619
N/A	N/A	231119_K003	Colostethus panamansis	11/19/23	Panama	El Cope	Guabal	N/A	Adult	N/A	N/A	N/A	27.00	47.00	27000.00	470	0.017407407	308	272	10	10	4	123200	107418	0.871899351	0.128100649	25185.65498	25985.88983	23893.69545	25021.74675	23563.87506	24820.21579	23120.60883	23834.89989	0.952567386	8176	3813	8176	3813	152251.00	109635.00	137971.00	1.33E+05	1	TRUE	2174.24292	89.934	20.4	8.61304	-80.59042	24.5041656	8.00833321	80.8922577	57.1464462	29.8999996	20	9.89999962	24.0333328	24.5333328	25.3666668	23.9500008	2293	401	16	67.6412506	981	69	394	804	552
N/A	N/A	240720_K001	Colostethus panamansis	7/20/24	Panama	El Cope	Guabal	N/A	Adult	N/A	N/A	N/A	22.00	508.00	22000.00	5080	0.230909091	310	374	10	10	4	124000	111218	0.896919355	0.103080645	25992.22029	26552.61102	25554.52889	26033.12007	24469.68553	23661.02061	24136.32133	24089.00916	0.925321632	11894	4747	11894	4747	141223.00	129148.00	161960.00	1.44E+05	1	TRUE	1052.37146	NA	20.8	8.61304	-80.59042	24.5041656	8.00833321	80.8922577	57.1464462	29.8999996	20	9.89999962	24.0333328	24.5333328	25.3666668	23.9500008	2293	401	16	67.6412506	981	69	394	804	552
N/A	N/A	240804_D003	Colostethus panamansis	8/4/24	Panama	Altos de Campana	Rabbit	N/A	Adult	N/A	N/A	N/A	22.00	460.00	22000.00	4600	0.209090909	312	367	10	10	4	124800	108721	0.871161859	0.128838141	24762.3292	24915.69748	25624.27706	25100.76791	23505.42944	22516.03085	25328.7516	23783.40397	0.947516986	8467	3623	8467	3623	120629.00	145964.00	209680.00	1.59E+05	1	TRUE	4898.692383	NA	20.8	8.61304	-80.59042	24.5041656	8.00833321	80.8922577	57.1464462	29.8999996	20	9.89999962	24.0333328	24.5333328	25.3666668	23.9500008	2293	401	16	67.6412506	981	69	394	804	619
N/A	N/A	231119_K004	Colostethus panamansis	11/19/23	Panama	El Cope	Guabal	N/A	Adult	N/A	N/A	N/A	21.00	308.00	21000.00	3080	0.146666667	315	256	10	10	4	126000	109722	0.870809524	0.129190476	25534.67955	25105.4239	25626.93772	25422.34706	22844.47444	24603.36222	25210.21313	24219.34993	0.952679541	9649	5226	9649	5226	163072.00	110015.00	122733.00	1.32E+05	1	TRUE	39.67700195	46.266	20.9	8.61304	-80.59042	24.5041656	8.00833321	80.8922577	57.1464462	29.8999996	20	9.89999962	24.0333328	24.5333328	25.3666668	23.9500008	2293	401	16	67.6412506	981	69	394	804	552
N/A	N/A	240720_K002	Colostethus panamansis	7/20/24	Panama	El Cope	Guabal	N/A	Adult	N/A	N/A	N/A	20.00	571.00	20000.00	5710	0.2855	319	302	10	10	4	127600	109930	0.861520376	0.138479624	26627.94493	26595.72192	26060.01853	26427.89513	24152.94168	25259.05579	23622.9242	24344.97389	0.921184747	13346	5688	13346	5688	142608.00	129764.00	82876.00	1.18E+05	1	TRUE	17.99830627	NA	20.9	8.61304	-80.59042	24.5041656	8.00833321	80.8922577	57.1464462	29.8999996	20	9.89999962	24.0333328	24.5333328	25.3666668	23.9500008	2293	401	16	67.6412506	981	69	394	804	552
N/A	N/A	231120_K023	Colostethus panamansis	11/20/23	Panama	El Cope	Guabal	N/A	Adult	N/A	N/A	N/A	39.00	358.00	39000.00	3580	0.091794872	325	354	10	10	4	130000	121305	0.933115385	0.066884615	24957.88143	25698.94895	24843.14491	25166.65843	24230.10299	25222.00716	22640.82835	24030.9795	0.95487367	8709	4534	8709	4534	146423.00	104877.00	121592.00	1.24E+05	1	TRUE	7.014809608	384.18	21.4	8.61304	-80.59042	24.5041656	8.00833321	80.8922577	57.1464462	29.8999996	20	9.89999962	24.0333328	24.5333328	25.3666668	23.9500008	2293	401	16	67.6412506	981	69	394	804	552
N/A	N/A	241124_026	Colostethus panamansis	11/24/24	Panama	El Cope	Medina		Adult	N/A	N/A	N/A	22.00	305.00	22000.00	3050	0.138636364	326	358	10	10	4	130400	121136	0.928957055	0.071042945	24251.36706	24294.7391	25496.24506	24680.78374	21820.58491	22553.14286	24835.13514	23069.62097	0.934719951	6922	999	6922	999	111193.00	123151.00	122652.00	1.19E+05	1	TRUE	850.3183594	NA	21.5	8.60359	-80.68257	23.67083359	7.924999714	80.86735535	52.84877014	28.89999962	19.10000038	9.799999237	23.28333282	23.63333321	24.48333359	23.20000076	2634	483	19	68.12210846	1212	97	353	623	300
N/A	N/A	240720_K003	Colostethus panamansis	7/20/24	Panama	El Cope	Guabal	N/A	Adult	N/A	N/A	N/A	25.00	130.00	25000.00	1300	0.052	331	341	10	10	4	132400	123903	0.935823263	0.064176737	26448.81197	25598.60227	26754.69316	26267.36913	23862.21929	23208.4182	25391.13404	24153.92384	0.919541037	12756	4986	12756	4986	114151.00	95347.00	206412.00	1.39E+05	1	TRUE	4033.771484	NA	21.8	8.61304	-80.59042	24.5041656	8.00833321	80.8922577	57.1464462	29.8999996	20	9.89999962	24.0333328	24.5333328	25.3666668	23.9500008	2293	401	16	67.6412506	981	69	394	804	552
N/A	N/A	241126_H019	Colostethus panamansis	11/26/24	Panama	El Cope	Guabal	N/A	Adult	N/A	N/A	N/A	51.00	29.00	51000.00	290	0.005686275	332	299	10	10	4	132800	120254	0.905527108	0.094472892	24977.28247	25971.63655	26773.43581	25907.45161	23466.59875	25031.55061	25189.41372	24562.52103	0.948087114	11432	6488	11432	6488	181528.00	103776.00	130151.00	1.38E+05	1	TRUE	1949.710938	NA	21.9	8.61304	-80.59042	24.5041656	8.00833321	80.8922577	57.1464462	29.8999996	20	9.89999962	24.0333328	24.5333328	25.3666668	23.9500008	2293	401	16	67.6412506	981	69	394	804	552
N/A	N/A	231121_K006	Colostethus panamansis	11/21/23	Panama	El Cope	Guabal	N/A	Adult	N/A	N/A	N/A	27.00	472.00	27000.00	4720	0.174814815	340	231	10	10	4	136000	119070	0.875514706	0.124485294	24991.72384	25203.84314	25536.81768	25244.12822	22328.57706	22640.10485	23487.61179	22818.76457	0.903923652	8994	77	8994	77	151568.00	155648.00	142228.00	1.50E+05	1	TRUE	7234.517578	76.68	22	8.61304	-80.59042	24.5041656	8.00833321	80.8922577	57.1464462	29.8999996	20	9.89999962	24.0333328	24.5333328	25.3666668	23.9500008	2293	401	16	67.6412506	981	69	394	804	552
N/A	N/A	241125_D003	Colostethus panamansis	11/25/24	Panama	El Cope	Medina		Adult	N/A	N/A	N/A	50.00	245.00	50000.00	2450	0.049	342	288	10	10	4	136800	123139	0.900138889	0.099861111	24052.80014	24820.74822	24124.23988	24332.59608	22029.43045	22699.44076	23132.45692	22620.44271	0.929635401	5642	-653	5642	0	117158.00	137065.00	175884.00	1.43E+05	1	TRUE	109.2241974	NA	22	8.60359	-80.68257	23.67083359	7.924999714	80.86735535	52.84877014	28.89999962	19.10000038	9.799999237	23.28333282	23.63333321	24.48333359	23.20000076	2634	483	19	68.12210846	1212	97	353	623	300
N/A	N/A	241126_K002	Colostethus panamansis	11/26/24	Panama	El Cope	Medina		Adult	N/A	N/A	N/A	58.00	63.00	58000.00	630	0.010862069	342	372	10	10	4	136800	118369	0.865270468	0.134729532	25862.6632	24696.06935	24926.66524	25161.79927	24731.22932	22940.90887	24361.63486	24011.25769	0.954274272	8691	4461	8691	4461	167006.00	146476.00	114518.00	1.43E+05	1	TRUE	924.8111572	NA	22.6	8.60359	-80.68257	23.67083359	7.924999714	80.86735535	52.84877014	28.89999962	19.10000038	9.799999237	23.28333282	23.63333321	24.48333359	23.20000076	2634	483	19	68.12210846	1212	97	353	623	300
N/A	N/A	240722_K002	Colostethus panamansis	7/22/24	Panama	El Cope	Medina		Adult	N/A	N/A	N/A	55.00	127.00	55000.00	1270	0.023090909	349	350	10	10	4	139600	129206	0.925544413	0.074455587	23734.95569	24656.15478	24543.67634	24311.5956	21562.8618	22676.56566	22976.70367	22405.37704	0.921592207	5565	-1444	5565	0	150799.00	245960.00	94441.00	1.64E+05	1	TRUE	17.43543243	NA	23.8	8.60359	-80.68257	23.67083359	7.924999714	80.86735535	52.84877014	28.89999962	19.10000038	9.799999237	23.28333282	23.63333321	24.48333359	23.20000076	2634	483	19	68.12210846	1212	97	353	623	300
N/A	N/A	240721_K005	Colostethus panamansis	7/21/24	Panama	El Cope	Medina		Adult	N/A	N/A	N/A	44.00	602.00	44000.00	6020	0.136818182	359	231	10	10	4	143600	132749	0.924435933	0.075564067	25425.77485	25456.18424	24952.47229	25278.14379	24599.77488	23867.84665	22823.22509	23763.61554	0.940085464	9119	3551	9119	3551	161570.00	102335.00	158124.00	1.41E+05	1	TRUE	19.06899452	NA	25.2	8.60359	-80.68257	23.67083359	7.924999714	80.86735535	52.84877014	28.89999962	19.10000038	9.799999237	23.28333282	23.63333321	24.48333359	23.20000076	2634	483	19	68.12210846	1212	97	353	623	300
N/A	N/A	240721_K002	Colostethus panamansis	7/21/24	Panama	El Cope	Medina		Adult	N/A	N/A	N/A	39.00	277.00	39000.00	2770	0.071025641	362	343	10	10	4	144800	133394	0.921229282	0.078770718	26049.41526	25353.44446	24520.87625	25307.91199	25631.31938	24247.20057	23604.92765	24494.48253	0.96785869	9228	6238	9228	6238	134764.00	189826.00	185207.00	1.70E+05	1	TRUE	734.835022	NA	25.7	8.60359	-80.68257	23.67083359	7.924999714	80.86735535	52.84877014	28.89999962	19.10000038	9.799999237	23.28333282	23.63333321	24.48333359	23.20000076	2634	483	19	68.12210846	1212	97	353	623	300
N/A	N/A	230722_011	Colostethus panamansis	7/22/23	Panama	El Cope	Medina		Adult	N/A	N/A	N/A	61.00	86.00	61000.00	860	0.014098361	362	226	10	10	4	144800	125338	0.865593923	0.134406077	26298.8848	25483.26716	26364.1503	26048.76742	25759.30362	25067.45603	26078.91643	25635.22536	0.984124314	11952	10431	11952	10431	148226.00	156609.00	160987.00	1.55E+05	1	TRUE	5.156975269	3.744	NA	8.60359	-80.68257	23.67083359	7.924999714	80.86735535	52.84877014	28.89999962	19.10000038	9.799999237	23.28333282	23.63333321	24.48333359	23.20000076	2634	483	19	68.12210846	1212	97	353	623	300
N/A	N/A	230807_C001	Colostethus panamansis	8/7/23	Panama	Altos de Campana	Rabbit	N/A	Adult	N/A	N/A	N/A	37.00	230.00	37000.00	2300	0.062162162	367	243	10	10	4	146800	140430	0.956607629	0.043392371	26827.61779	25837.97884	26730.00806	26465.20156	25480.60304	24888.6194	24054.81032	24808.01092	0.937382278	13483	7390	13483	7390	86676.00	228268.00	212081.00	1.76E+05	1	TRUE	4.141653061	4.188	NA	8.61304	-80.59042	24.5041656	8.00833321	80.8922577	57.1464462	29.8999996	20	9.89999962	24.0333328	24.5333328	25.3666668	23.9500008	2293	401	16	67.6412506	981	69	394	804	619
N/A	N/A	230806_K009	Colostethus panamansis	8/6/23	Panama	Altos de Campana	Rabbit	N/A	Adult	N/A	N/A	N/A	48.00	549.00	48000.00	5490	0.114375	370	315	10	10	4	148000	140382	0.948527027	0.051472973	26389.15846	26593.79808	27131.16449	26704.70701	25919.09956	24240.08839	25236.03723	25131.74173	0.941097827	14363	8580	14363	8580	182439.00	172353.00	186076.00	1.80E+05	1	TRUE	5.445845127	5.394	NA	8.61304	-80.59042	24.5041656	8.00833321	80.8922577	57.1464462	29.8999996	20	9.89999962	24.0333328	24.5333328	25.3666668	23.9500008	2293	401	16	67.6412506	981	69	394	804	619
N/A	N/A	230722_015	Colostethus panamansis	7/22/23	Panama	El Cope	Medina		Adult	N/A	N/A	N/A	24.00	460.00	24000.00	4600	0.191666667	372	286	10	10	4	148800	136425	0.916834677	0.083165323	24950.97486	25320.32915	25529.45599	25266.92	22695.36397	23199.15413	23242.1077	23045.54194	0.912083544	9077	911	9077	911	133284.00	173995.00	201480.00	1.70E+05	1	TRUE	6.834383488	8.958	NA	8.60359	-80.68257	23.67083359	7.924999714	80.86735535	52.84877014	28.89999962	19.10000038	9.799999237	23.28333282	23.63333321	24.48333359	23.20000076	2634	483	19	68.12210846	1212	97	353	623	300
N/A	N/A	230722_013	Colostethus panamansis	7/22/23	Panama	El Cope	Medina		Adult	N/A	N/A	N/A	47.00	582.00	47000.00	5820	0.123829787	372	343	10	10	4	148800	137878	0.926599462	0.073400538	25921.5454	26196.79162	25789.70095	25969.34599	23187.41153	24874.0578	24384.38133	24148.61688	0.929889297	11660	4966	11660	4966	152006.00	271652.00	146652.00	1.90E+05	1	TRUE	12.85698414	12.228	NA	8.60359	-80.68257	23.67083359	7.924999714	80.86735535	52.84877014	28.89999962	19.10000038	9.799999237	23.28333282	23.63333321	24.48333359	23.20000076	2634	483	19	68.12210846	1212	97	353	623	300
N/A	N/A	230807_C005	Colostethus panamansis	8/7/23	Panama	Altos de Campana	Rabbit	N/A	Adult	N/A	N/A	N/A	37.00	188.00	37000.00	1880	0.050810811	383	320	10	10	4	153200	139809	0.912591384	0.087408616	25068.63481	24795.60154	24408.61914	24757.6185	24388.61678	22896.86321	22591.11569	23292.19856	0.940809334	7205	1817	7205	1817	103685.00	181707.00	147407.00	1.44E+05	1	TRUE	46.42150116	19.806	NA	8.61304	-80.59042	24.5041656	8.00833321	80.8922577	57.1464462	29.8999996	20	9.89999962	24.0333328	24.5333328	25.3666668	23.9500008	2293	401	16	67.6412506	981	69	394	804	619
N/A	N/A	231128_S007	Colostethus panamansis	11/28/23	Panama	El Cope	Medina		Adult	N/A	N/A	N/A	68.00	364.00	68000.00	3640	0.053529412	385	344	10	10	4	154000	140633	0.913201299	0.086798701	26209.57487	25479.65861	26189.11846	25959.45065	24062.83904	22948.50487	24759.78582	23923.70991	0.921579976	11623	4139	11623	4139	187732.00	192991.00	277468.00	2.19E+05	1	TRUE	6.231163025	23.742	NA	8.60359	-80.68257	23.67083359	7.924999714	80.86735535	52.84877014	28.89999962	19.10000038	9.799999237	23.28333282	23.63333321	24.48333359	23.20000076	2634	483	19	68.12210846	1212	97	353	623	300
N/A	N/A	231128_S008	Colostethus panamansis	11/28/23	Panama	El Cope	Medina		Adult	N/A	N/A	N/A	69.00	406.00	69000.00	4060	0.05884058	391	245	10	10	4	156400	146241	0.935044757	0.064955243	26510.76026	26771.89362	26757.26903	26679.9743	25721.26182	25153.5094	23908.45298	24927.7414	0.934324041	14272	7830	14272	7830	215445.00	130099.00	152417.00	1.66E+05	1	TRUE	151.6597748	41.202	NA	8.60359	-80.68257	23.67083359	7.924999714	80.86735535	52.84877014	28.89999962	19.10000038	9.799999237	23.28333282	23.63333321	24.48333359	23.20000076	2634	483	19	68.12210846	1212	97	353	623	300
N/A	N/A	230806_K015	Colostethus panamansis	8/6/23	Panama	Altos de Campana	Rabbit	N/A	Adult	N/A	N/A	N/A	105.00	117.00	105000.00	1170	0.011142857	399	362	10	10	4	159600	147965	0.927098997	0.072901003	26090.13326	26372.47082	26281.68888	26248.09765	25235.01549	24121.32207	25908.68202	25088.33986	0.955815549	12685	8421	12685	8421	203229.00	132806.00	152158.00	1.63E+05	1	TRUE	37.48221588	63.3	NA	8.61304	-80.59042	24.5041656	8.00833321	80.8922577	57.1464462	29.8999996	20	9.89999962	24.0333328	24.5333328	25.3666668	23.9500008	2293	401	16	67.6412506	981	69	394	804	619
N/A	N/A	231120_K003	Colostethus panamansis	11/20/23	Panama	El Cope	Guabal	N/A	Adult	N/A	N/A	N/A	32.00	219.00	32000.00	2190	0.0684375	406	325	10	10	4	162400	144014	0.886785714	0.113214286	26643.40107	27759.79328	25668.8314	26690.67525	25885.29354	26634.67906	23227.43818	25249.13693	0.945990938	14312	9012	14312	9012	145470.00	101619.00	261977.00	1.70E+05	1	TRUE	753.3728027	83.79	NA	8.61304	-80.59042	24.5041656	8.00833321	80.8922577	57.1464462	29.8999996	20	9.89999962	24.0333328	24.5333328	25.3666668	23.9500008	2293	401	16	67.6412506	981	69	394	804	552
N/A	N/A	230807_C003	Colostethus panamansis	8/7/23	Panama	Altos de Campana	Rabbit	N/A	Adult	N/A	N/A	N/A	34.00	552.00	34000.00	5520	0.162352941	410	306	10	10	4	164000	147842	0.90147561	0.09852439	24171.4661	23021.97806	23592.37007	23595.27141	23221.18266	21116.09242	21718.20213	22018.4924	0.933173941	2932	-2866	2932	0	152227.00	170358.00	191240.00	1.71E+05	1	TRUE	9.326052666	92.934	NA	8.61304	-80.59042	24.5041656	8.00833321	80.8922577	57.1464462	29.8999996	20	9.89999962	24.0333328	24.5333328	25.3666668	23.9500008	2293	401	16	67.6412506	981	69	394	804	619
N/A	N/A	240722_D002	Colostethus panamansis	7/22/24	Panama	El Cope	Guabal	N/A	Adult	N/A	N/A	N/A	58.00	298.00	58000.00	2980	0.05137931	469.675	354	10	10	4	187870	180312	0.959770054	0.040229946	25023.54763	25362.43978	25672.30164	25352.76302	24430.74836	24982.60517	25123.417	24845.59018	0.979995362	9393	7528	9393	7528	255770.00	373300.00	291581.00	3.07E+05	1	TRUE	10.71556473	NA	NA	8.61304	-80.59042	24.5041656	8.00833321	80.8922577	57.1464462	29.8999996	20	9.89999962	24.0333328	24.5333328	25.3666668	23.9500008	2293	401	16	67.6412506	981	69	394	804	552
N/A	N/A	Pe_16S00515	Desmognathus fuscus	6/17/24	Pennsylvania	Tyron Weber	N/A		Adult	N/A	N/A	N/A	264.00	27.00	264000.00	2700	0.010227273	347	362	10	100	4	1388000	1304590	0.93990634	0.06009366	25621.05096	26496.62357	25509.33327	25875.66927	23635.8892	25522.1437	22711.51618	23956.51636	0.925831758	11315	4260	11315	4260	1443951.00	1023081.00	1540775.00	1.34E+06	1	TRUE	98.92539978	NA	18.1	41.59313	-80.35629	8.558333397	11.25	30.99173546	928.5028076	27	-9.300000191	36.29999924	19.63333321	-2.316666842	19.63333321	-3.233333349	1078	113	57	19.97618866	325	194	325	202	800
N/A	N/A	Pe_16S00643	Desmognathus fuscus	7/9/24	Pennsylvania	Tyron Weber	N/A		Adult	N/A	N/A	N/A	449.00	434.00	449000.00	43400	0.096659243	367	381	10	100	4	1468000	1397901	0.952248638	0.047751362	25719.20392	25221.59641	26661.69365	25867.498	25171.93204	24193.25282	25846.37194	25070.51893	0.969189944	11285	8355	11285	8355	1580503.00	1475749.00	1984645.00	1.68E+06	1	TRUE	48.52472305	NA	21.7	41.59313	-80.35629	8.558333397	11.25	30.99173546	928.5028076	27	-9.300000191	36.29999924	19.63333321	-2.316666842	19.63333321	-3.233333349	1078	113	57	19.97618866	325	194	325	202	800
N/A	N/A	Pe_16S00653	Desmognathus fuscus	7/9/24	Pennsylvania	Tyron Weber	N/A		Adult	N/A	N/A	N/A	305.00	437.00	305000.00	43700	0.143278689	391	314	10	100	4	1564000	1347217	0.861391944	0.138608056	25821.02531	26316.07376	26601.46629	26246.18845	24200.01988	25656.05518	23922.67373	24592.91627	0.937009056	12678	6599	12678	6599	1592155.00	1557569.00	1077496.00	1.41E+06	1	TRUE	40.7045517	NA	NA	41.59313	-80.35629	8.558333397	11.25	30.99173546	928.5028076	27	-9.300000191	36.29999924	19.63333321	-2.316666842	19.63333321	-3.233333349	1078	113	57	19.97618866	325	194	325	202	800
N/A	N/A	Pe_16S00647	Desmognathus fuscus	7/9/24	Pennsylvania	Tyron Weber	N/A		Adult	N/A	N/A	N/A	312.00	402.00	312000.00	40200	0.128846154	395	387	10	100	4	1580000	1377945	0.872117089	0.127882911	26980.38064	25541.81292	26841.32588	26454.50648	24335.2086	23369.91086	25467.5929	24390.90412	0.921994298	13444	5857	13444	5857	2170036.00	1593273.00	1794311.00	1.85E+06	1	TRUE	173.370575	NA	NA	41.59313	-80.35629	8.558333397	11.25	30.99173546	928.5028076	27	-9.300000191	36.29999924	19.63333321	-2.316666842	19.63333321	-3.233333349	1078	113	57	19.97618866	325	194	325	202	800
N/A	N/A	Pe_16S00461	Desmognathus ochrophaeus	5/28/24	Pennsylvania	Tyron Weber	N/A		Adult	N/A	N/A	N/A	708.00	86.00	708000.00	8600	0.012146893	349	351	10	100	4	1396000	1281914	0.918276504	0.081723496	26532.97593	26081.13024	26288.41887	26300.84168	25001.31434	25052.42571	24870.57954	24974.7732	0.949580759	12879	8003	12879	8003	1615608.00	1727142.00	1520081.00	1.62E+06	1	TRUE	330.6764832	NA	14	41.59313	-80.35629	8.558333397	11.25	30.99173546	928.5028076	27	-9.300000191	36.29999924	19.63333321	-2.316666842	19.63333321	-3.233333349	1078	113	57	19.97618866	325	194	325	202	800
N/A	N/A	Pe_16S00512	Desmognathus ochrophaeus	6/17/24	Pennsylvania	Tyron Weber	N/A		Adult	N/A	N/A	N/A	303.00	294.00	303000.00	29400	0.097029703	366	296	10	100	4	1464000	1366181	0.933183743	0.066816257	26122.31553	26074.13362	26793.61705	26330.02207	24365.69696	25618.48375	25463.28092	25149.15388	0.955151265	12986	8644	12986	8644	1599036.00	1345415.00	1246068.00	1.40E+06	1	TRUE	192.3639526	NA	17.4	41.59313	-80.35629	8.558333397	11.25	30.99173546	928.5028076	27	-9.300000191	36.29999924	19.63333321	-2.316666842	19.63333321	-3.233333349	1078	113	57	19.97618866	325	194	325	202	800
N/A	N/A	Pe_16S00513	Desmognathus ochrophaeus	6/17/24	Pennsylvania	Tyron Weber	N/A		Adult	N/A	N/A	N/A	417.00	425.00	417000.00	42500	0.101918465	372	323	10	100	4	1488000	1334402	0.896775538	0.103224462	26377.05174	25852.0892	26648.34394	26292.49496	23542.62421	23475.18438	25519.70113	24179.16991	0.919622499	12848	5078	12848	5078	1119162.00	1397371.00	1548752.00	1.36E+06	1	TRUE	5.712187767	NA	18.4	41.59313	-80.35629	8.558333397	11.25	30.99173546	928.5028076	27	-9.300000191	36.29999924	19.63333321	-2.316666842	19.63333321	-3.233333349	1078	113	57	19.97618866	325	194	325	202	800
N/A	N/A	DrySwab00061	Hyla versicolor	7/11/22	Pennsylvania	RV Pond	N/A	NA	Adult	N/A	N/A	N/A	425.00	405.00	425000.00	40500	0.095294118	392	284	10	100	4	1568000	1438234	0.917241071	0.082758929	25840.10714	26666.24787	26105.15931	26203.83811	23414.29289	25943.36715	23618.51896	24325.393	0.928314123	12522	5616	12522	5616	1215346.00	1351261.00	1564958.00	1.38E+06	1	TRUE	920.3664398	NA	24.1	41.63888	-80.49512	8.8125	10.74166679	29.51007271	941.782959	27.20000076	-9.199999809	36.40000153	20.03333282	-2.283333302	20.03333282	-3.066666603	1045	108	54	19.86804199	311	186	311	196	800
N/A	N/A	2022-05-12-rv-hyve19	Hyla versicolor	5/12/22	Pennsylvania	RV Pond	N/A	NA	Adult	N/A	N/A	N/A	558.00	361.00	558000.00	36100	0.064695341	418	359	10	100	4	1672000	1559132	0.932495215	0.067504785	26513.40097	25673.33383	25693.64411	25960.1263	25907.46527	23158.8025	23434.17576	24166.81451	0.930920529	11626	5033	11626	5033	1507286.00	1076081.00	1873968.00	1.49E+06	1	TRUE	340.9156799	NA	NA	41.63888	-80.49512	8.8125	10.74166679	29.51007271	941.782959	27.20000076	-9.199999809	36.40000153	20.03333282	-2.283333302	20.03333282	-3.066666603	1045	108	54	19.86804199	311	186	311	196	800
N/A	N/A	2022-05-12-rv-hyve21	Hyla versicolor	5/12/22	Pennsylvania	RV Pond	N/A	NA	Adult	N/A	N/A	N/A	586.00	409.00	586000.00	40900	0.069795222	421	290	10	100	4	1684000	1518812	0.901907363	0.098092637	25815.38589	26067.88442	26330.06178	26071.1107	25050.40392	23401.01785	25008.88588	24486.76922	0.939229997	12034	6209	12034	6209	1522057.00	1988939.00	1808667.00	1.77E+06	1	TRUE	545.7826996	NA	NA	41.63888	-80.49512	8.8125	10.74166679	29.51007271	941.782959	27.20000076	-9.199999809	36.40000153	20.03333282	-2.283333302	20.03333282	-3.066666603	1045	108	54	19.86804199	311	186	311	196	800
N/A	N/A	2022-05-12-rv-hyve20	Hyla versicolor	5/12/22	Pennsylvania	RV Pond	N/A	NA	Adult	N/A	N/A	N/A	300.00	165.00	300000.00	16500	0.055	421	264	10	100	4	1684000	1490040	0.884821853	0.115178147	26159.39011	25850.54181	25341.74274	25783.89155	23769.91309	24806.92642	24418.44957	24331.76303	0.943680785	10978	5639	10978	5639	1804291.00	1857998.00	1629967.00	1.76E+06	1	TRUE	460887.2266	NA	NA	41.63888	-80.49512	8.8125	10.74166679	29.51007271	941.782959	27.20000076	-9.199999809	36.40000153	20.03333282	-2.283333302	20.03333282	-3.066666603	1045	108	54	19.86804199	311	186	311	196	800
BR40	BR40	BRBac040	Hylodes phyllodes	11/12/22	Brazil	Boraceia	B5	night	Adult	NA	29	1.81	17.00	72.00	17000.00	720	0.042352941	279	290	10	10	4	111600	99428	0.8909319	0.1090681	25731.70526	26238.40146	25417.65193	25795.91955	24978.89889	23523.66189	24254.96007	24252.50695	0.940168343	11022	5348	11022	5348	117870.00	118447.00	121483.00	1.19E+05	1	TRUE	35.36994171	49.11	22.8	-23.64029	-45.84747	17.02499962	8.899999619	53.61445618	254.4646912	24.60000038	8	16.60000038	19.98333359	13.83333302	20.11666679	13.83333302	2038	286	71	45.60791016	817	250	783	250	800
BR37	BR37	BRBac037	Hylodes phyllodes	11/12/22	Brazil	Boraceia	B5	night	Adult	NA	28	1.79	13.00	16.00	13000.00	160	0.012307692	288	291	10	10	4	115200	103675	0.899956597	0.100043403	24632.78567	25087.54889	25183.22999	24967.85485	21940.30428	22912.35674	23853.23378	22901.96493	0.917258013	7978	383	7978	383	96543.00	84641.00	147957.00	1.10E+05	1	TRUE	8.301618576	87.39	23.9	-23.64029	-45.84747	17.02499962	8.899999619	53.61445618	254.4646912	24.60000038	8	16.60000038	19.98333359	13.83333302	20.11666679	13.83333302	2038	286	71	45.60791016	817	250	783	250	800
BR29	BR29	BRBac029	Hylodes phyllodes	11/11/22	Brazil	Boraceia	B4T	night	Adult	NA	29	1.91	16.00	17.00	16000.00	170	0.010625	290	293	10	10	4	116000	109259	0.941887931	0.058112069	23469.97666	24165.14359	23259.0674	23631.39588	21867.94188	23609.58421	21129.64454	22202.39021	0.939529358	3064	-2190	3064	0	108735.00	152915.00	127695.00	1.30E+05	1	TRUE	810.6918945	48.516	23.9	-23.64029	-45.84747	17.02499962	8.899999619	53.61445618	254.4646912	24.60000038	8	16.60000038	19.98333359	13.83333302	20.11666679	13.83333302	2038	286	71	45.60791016	817	250	783	250	800
BR33	BR33	BRBac033	Hylodes phyllodes	11/11/22	Brazil	Boraceia	B3W	night	Adult	NA	30	2	17.00	69.00	17000.00	690	0.040588235	292	250	10	10	4	116800	105921	0.906857877	0.093142123	23385.75274	24919.25619	24185.05008	24163.353	21093.63412	24357.82951	22333.7118	22595.05848	0.935096155	5020	-747	5020	0	112949.00	117470.00	123417.00	1.18E+05	1	TRUE	422.2007751	80.796	25.1	-23.64029	-45.84747	17.02499962	8.899999619	53.61445618	254.4646912	24.60000038	8	16.60000038	19.98333359	13.83333302	20.11666679	13.83333302	2038	286	71	45.60791016	817	250	783	250	800
BR74	BR74	BRBac074	Hylodes phyllodes	11/9/22	Brazil	Santa Virginia	Pirapitinga	day	Adult	NA	29	1.93	12.00	29.00	12000.00	290	0.024166667	293	288	10	10	4	117200	107061	0.913489761	0.086510239	25885.58016	24469.45817	24966.98449	25107.34094	23912.1028	23072.09828	22286.02148	23090.07418	0.919654305	8491	1074	8491	1074	130049.00	135838.00	128508.00	1.31E+05	1	TRUE	51.10035706	45.342	20.9	-23.33646	-45.14643	17.05833244	10.1833334	56.26151276	251.918396	25.29999924	7.199999809	18.09999847	19.98333359	13.86666679	20.10000038	13.86666679	1778	278	42	60.12615585	800	160	767	160	117
BR2	BR2	BRBac002	Hylodes phyllodes	11/11/22	Brazil	Boraceia	B3W	day	Adult	NA	28	1.97	18.00	24.00	18000.00	240	0.013333333	294	290	10	10	4	117600	111788	0.950578231	0.049421769	24340.68585	24361.5543	24113.03126	24271.75714	23958.3173	23969.4982	21518.9315	23148.91566	0.953738765	5419	1291	5419	1291	93031.00	89835.00	97695.00	9.35E+04	1	TRUE	397.294342	78.546	21.2	-23.6575	-45.90628	17.14999962	8.733333588	53.25203323	252.9822235	24.70000076	8.300000191	16.40000153	20.10000038	14	20.23333359	14	2112	286	78	42.93177032	826	276	795	276	800
BR36	BR36	BRBac036	Hylodes phyllodes	11/12/22	Brazil	Boraceia	B5	night	Adult	NA	30	2.06	26.00	73.00	26000.00	730	0.028076923	295	280	10	10	4	118000	109838	0.930830508	0.069169492	25652.33301	25111.93273	26261.75199	25675.33924	23763.37114	24276.1782	24157.46496	24065.67143	0.937306853	10579	4661	10579	4661	92087.00	113865.00	151444.00	1.19E+05	1	TRUE	3421.443848	30.318	24	-23.64029	-45.84747	17.02499962	8.899999619	53.61445618	254.4646912	24.60000038	8	16.60000038	19.98333359	13.83333302	20.11666679	13.83333302	2038	286	71	45.60791016	817	250	783	250	800
BR30	BR30	BRBac030	Hylodes phyllodes	11/11/22	Brazil	Boraceia	B4T	night	Adult	NA	30	1.64	29.00	41.00	29000.00	410	0.014137931	296	304	10	10	4	118400	110197	0.930717905	0.069282095	24189.99732	24721.80859	24165.91924	24359.24172	23879.83821	22996.05556	23780.90599	23552.26659	0.966871911	5740	2774	5740	2774	107856.00	127231.00	118828.00	1.18E+05	1	TRUE	12.13130379	208.44	23.7	-23.64029	-45.84747	17.02499962	8.899999619	53.61445618	254.4646912	24.60000038	8	16.60000038	19.98333359	13.83333302	20.11666679	13.83333302	2038	286	71	45.60791016	817	250	783	250	800
BR39	BR39	BRBac039	Hylodes phyllodes	11/12/22	Brazil	Boraceia	B5	night	Adult	NA	31.5	2.51	21.00	47.00	21000.00	470	0.022380952	298	301	10	10	4	119200	105555	0.885528523	0.114471477	23399.18627	24224.67373	24410.86024	24011.57341	21988.79682	23676.41392	23856.07523	23173.76199	0.965108017	4462	1382	4462	1382	142632.00	108639.00	129834.00	1.27E+05	1	TRUE	7504.155762	35.532	23	-23.64029	-45.84747	17.02499962	8.899999619	53.61445618	254.4646912	24.60000038	8	16.60000038	19.98333359	13.83333302	20.11666679	13.83333302	2038	286	71	45.60791016	817	250	783	250	800
BR63	BR63	BRBac063	Hylodes phyllodes	11/12/22	Brazil	Santa Virginia	A2W	night	Adult	NA	31	2.13	20.00	38.00	20000.00	380	0.019	298	286	10	10	4	119200	102529	0.860142617	0.139857383	24989.98458	25483.45913	25875.86653	25449.77008	22952.90223	24638.10504	23511.07475	23700.69401	0.931273404	9750	3319	9750	3319	131209.00	98862.00	129436.00	1.20E+05	1	TRUE	4.502942085	69.684	23.7	-23.33646	-45.14643	17.05833244	10.1833334	56.26151276	251.918396	25.29999924	7.199999809	18.09999847	19.98333359	13.86666679	20.10000038	13.86666679	1778	278	42	60.12615585	800	160	767	160	117
BR38	BR38	BRBac038	Hylodes phyllodes	11/12/22	Brazil	Boraceia	B5	night	Adult	NA	29.5	1.74	28.00	47.00	28000.00	470	0.016785714	298	300	10	10	4	119200	108120	0.90704698	0.09295302	24055.42863	23038.05495	24027.21598	23706.89985	22618.54741	22203.11506	22544.66196	22455.44148	0.947211218	3342	-1260	3342	0	127084.00	127707.00	135306.00	1.30E+05	1	TRUE	997.2203979	48.984	23.1	-23.64029	-45.84747	17.02499962	8.899999619	53.61445618	254.4646912	24.60000038	8	16.60000038	19.98333359	13.83333302	20.11666679	13.83333302	2038	286	71	45.60791016	817	250	783	250	800
BR78	BR78	BRBac078	Hylodes phyllodes	11/9/22	Brazil	Santa Virginia	Pirapitinga	day	Adult	NA	27	1.66	33.00	24.00	33000.00	240	0.007272727	301	293	10	10	4	120400	112119	0.93122093	0.06877907	25088.45245	25597.36316	24626.92898	25104.2482	24607.42123	23689.39243	23710.65775	24002.49047	0.956112698	8479	4429	8479	4429	127964.00	149073.00	111152.00	1.29E+05	1	TRUE	14.88963699	48.096	24	-23.33646	-45.14643	17.05833244	10.1833334	56.26151276	251.918396	25.29999924	7.199999809	18.09999847	19.98333359	13.86666679	20.10000038	13.86666679	1778	278	42	60.12615585	800	160	767	160	117
BR71	BR71	BRBac071	Hylodes phyllodes	10/31/22	Brazil	Santa Virginia	A4W	night	Adult	NA	30	2.04	18.00	35.00	18000.00	350	0.019444444	303	300	10	10	4	121200	116263	0.959265677	0.040734323	25924.86143	25902.20288	26052.58615	25959.88349	24815.62876	25611.37914	24776.596	25067.86797	0.965638693	11625	8346	11625	8346	106638.00	168916.00	118516.00	1.31E+05	1	TRUE	42.77315903	166.266	21.2	-23.33646	-45.14643	17.05833244	10.1833334	56.26151276	251.918396	25.29999924	7.199999809	18.09999847	19.98333359	13.86666679	20.10000038	13.86666679	1778	278	42	60.12615585	800	160	767	160	117
N/A	N/A	BR_AMPs_144	Hylodes phyllodes	10/11/23	Brazil	Boraceia	t5	NA	Adult	N/A	24.7	1.57	26.00	515.00	26000.00	5150	0.198076923	318	324	10	10	4	127200	116070	0.9125	0.0875	25548.52556	24338.12936	25444.5121	25110.38901	23316.85106	23242.05355	23886.21688	23481.70716	0.935139123	8502	2514	8502	2514	148601.00	149896.00	111176.00	1.37E+05	1	TRUE	9.493155479	52.974	18.9	-23.64029	-45.84747	17.02499962	8.899999619	53.61445618	254.4646912	24.60000038	8	16.60000038	19.98333359	13.83333302	20.11666679	13.83333302	2038	286	71	45.60791016	817	250	783	250	800
N/A	N/A	BR_AMPs_146	Hylodes phyllodes	10/11/23	Brazil	Boraceia	t5	NA	Adult	N/A	26.6	1.49	54.00	448.00	54000.00	4480	0.082962963	356	274	10	10	4	142400	126615	0.889150281	0.110849719	25377.97493	26196.93043	25152.51713	25575.8075	23446.78664	23901.60153	22884.00565	23410.79794	0.915349318	10213	2253	10213	2253	136545.00	250802.00	145986.00	1.78E+05	1	TRUE	24.94189453	72.144	20.1	-23.64029	-45.84747	17.02499962	8.899999619	53.61445618	254.4646912	24.60000038	8	16.60000038	19.98333359	13.83333302	20.11666679	13.83333302	2038	286	71	45.60791016	817	250	783	250	800
N/A	N/A	BR_268_amp	Hylodes phyllodes	11/2/24	Brazil	Boraceia	t6	NA	Adult	N/A	28.5	1.6	47.00	586.00	47000.00	5860	0.124680851	392	356	10	10	4	156800	136648	0.871479592	0.128520408	25523.89418	26229.17225	25960.87002	25904.64548	24409.78071	24788.81659	23403.1243	24200.57387	0.934217528	11422	5157	11422	5157	137500.00	131986.00	195811.00	1.55E+05	1	TRUE	221.8130035	77.682	21.8	-23.64029	-45.84747	17.02499962	8.899999619	53.61445618	254.4646912	24.60000038	8	16.60000038	19.98333359	13.83333302	20.11666679	13.83333302	2038	286	71	45.60791016	817	250	783	250	800
N/A	N/A	BR_AMPs_155	Hylodes phyllodes	10/11/23	Brazil	Boraceia	t5	NA	Adult	N/A	23.75	1.4	51.00	417.00	51000.00	4170	0.081764706	396	249	10	10	4	158400	146748	0.926439394	0.073560606	25486.79947	25194.18781	24872.81166	25184.59965	24446.67094	23077.25571	23897.38729	23807.10465	0.945304074	8775	3710	8775	3710	164098.00	151545.00	204753.00	1.73E+05	1	TRUE	18867.19922	119.334	22.1	-23.64029	-45.84747	17.02499962	8.899999619	53.61445618	254.4646912	24.60000038	8	16.60000038	19.98333359	13.83333302	20.11666679	13.83333302	2038	286	71	45.60791016	817	250	783	250	800
N/A	N/A	BR_259_amp	Hylodes phyllodes	11/2/24	Brazil	Boraceia	t4	NA	Adult	N/A	18.05	0.45	50.00	553.00	50000.00	5530	0.1106	400	246	10	10	4	160000	145225	0.90765625	0.09234375	25313.36622	24101.28468	25422.58057	24945.74382	23129.45324	21980.81317	23858.31975	22989.52872	0.921581208	7897	705	7897	705	217337.00	159317.00	105399.00	1.61E+05	1	TRUE	831.9417725	27.564	22.4	-23.64029	-45.84747	17.02499962	8.899999619	53.61445618	254.4646912	24.60000038	8	16.60000038	19.98333359	13.83333302	20.11666679	13.83333302	2038	286	71	45.60791016	817	250	783	250	800
N/A	N/A	BR_258_amp	Hylodes phyllodes	11/2/24	Brazil	Boraceia	t4	NA	Adult	N/A	18.05	0.56	49.00	432.00	49000.00	4320	0.088163265	411	273	10	10	4	164400	143606	0.873515815	0.126484185	25912.2479	24655.17722	24632.53265	25066.65259	24745.2455	24041.77345	24016.65866	24267.89254	0.968134555	8341	5405	8341	5405	175440.00	169204.00	231700.00	1.92E+05	1	TRUE	44.59590912	34.452	22.7	-23.64029	-45.84747	17.02499962	8.899999619	53.61445618	254.4646912	24.60000038	8	16.60000038	19.98333359	13.83333302	20.11666679	13.83333302	2038	286	71	45.60791016	817	250	783	250	800
N/A	N/A	BR_263_amp	Hylodes phyllodes	11/2/24	Brazil	Boraceia	t4	NA	Adult	N/A	17.1	0.5	37.00	306.00	37000.00	3060	0.082702703	420	261	10	10	4	168000	154371	0.918875	0.081125	23437.75961	23353.04911	23762.68711	23517.83195	22191.5941	22167.66652	22127.2571	22162.17257	0.942356108	2647	-2338	2647	0	175690.00	166145.00	243574.00	1.95E+05	1	TRUE	2214.506836	333.48	23.2	-23.64029	-45.84747	17.02499962	8.899999619	53.61445618	254.4646912	24.60000038	8	16.60000038	19.98333359	13.83333302	20.11666679	13.83333302	2038	286	71	45.60791016	817	250	783	250	800
BR48	BR48	BRBac048	Ischnocnema henselii	10/31/22	Brazil	Santa Virginia	Olho_de_agua	night	Adult	NA	29	2.64	20.00	46.00	20000.00	460	0.023	275.5	265	10	10	4	110200	102692	0.931869328	0.068130672	25464.1432	25632.08155	25357.14003	25484.45493	25140.77545	23497.00162	24612.66357	24416.81355	0.958106172	9877	5952	9877	5952	163139.00	141844.00	95311.00	1.33E+05	1	TRUE	12.15980625	127.914	21.7	-23.34332	-45.14438	17.10833359	10.10000038	56.1111145	252.125824	25.29999924	7.300000191	18	20.04999924	13.91666603	20.14999962	13.91666603	1790	279	43	59.7257576	803	163	770	163	117
BR47	BR47	BRBac047	Ischnocnema henselii	10/31/22	Brazil	Santa Virginia	Olho_de_agua	night	Subadult	NA	22	0.9	11.00	17.00	11000.00	170	0.015454545	276.45	267	10	10	4	110580	102416	0.926171098	0.073828902	23868.4401	24836.00322	24359.3413	24354.59487	23372.08766	24084.53039	21806.37656	23087.66487	0.947979837	5723	1065	5723	1065	164560.00	90467.00	89504.00	1.15E+05	1	TRUE	11.69658375	46.182	22.6	-23.34332	-45.14438	17.10833359	10.10000038	56.1111145	252.125824	25.29999924	7.300000191	18	20.04999924	13.91666603	20.14999962	13.91666603	1790	279	43	59.7257576	803	163	770	163	117
BR27	BR27	BRBac027	Ischnocnema henselii	11/12/22	Brazil	Boraceia	B4T	night	Adult	NA	27	1.53	16.00	32.00	16000.00	320	0.02	280.25	284	10	10	4	112100	97496	0.869723461	0.130276539	24422.68493	24253.77449	25039.64061	24572.03334	22939.05004	23615.93255	23112.1268	23222.36979	0.945073184	6523	1561	6523	1561	96689.00	103831.00	96675.00	9.91E+04	1	TRUE	940.7962036	33.342	23.1	-23.64029	-45.84747	17.02499962	8.899999619	53.61445618	254.4646912	24.60000038	8	16.60000038	19.98333359	13.83333302	20.11666679	13.83333302	2038	286	71	45.60791016	817	250	783	250	800
BR42	BR42	BRBac042	Ischnocnema henselii	10/31/22	Brazil	Santa Virginia	Olho_de_agua	night	Adult	NA	20	0.78	13.00	20.00	13000.00	200	0.015384615	284.05	285	10	10	4	113620	102984	0.90638972	0.09361028	24582.26888	23573.2838	23754.27529	23969.94266	24190.07989	23035.44408	21708.5481	22978.02402	0.958618231	4309	662	4309	662	106560.00	163932.00	104343.00	1.25E+05	1	TRUE	64.77602386	93.984	20.4	-23.34394	-45.12866	16.94583321	10.14166641	56.03130341	252.6087494	25.20000076	7.099999905	18.10000038	19.88333321	13.75	20	13.75	1785	279	43	59.89416885	802	162	768	162	117
BR24	BR24	BRBac024	Ischnocnema henselii	11/11/22	Brazil	Boraceia	B3T	night	Adult	NA	27	1.58	23.00	23.00	23000.00	230	0.01	290	281	10	10	4	116000	104658	0.902224138	0.097775862	24354.78238	23299.3642	24665.23382	24106.46013	21713.40057	21517.23976	22019.06718	21749.9025	0.90224373	4811	-3854	4811	0	168383.00	99556.00	172204.00	1.47E+05	1	TRUE	171.1800842	95.82	24	-23.64029	-45.84747	17.02499962	8.899999619	53.61445618	254.4646912	24.60000038	8	16.60000038	19.98333359	13.83333302	20.11666679	13.83333302	2038	286	71	45.60791016	817	250	783	250	800
BR16	BR16	BRBac016	Ischnocnema henselii	11/27/22	Brazil	Boraceia	B3T	night	Subadult	NA	21	1.05	28.00	114.00	28000.00	1140	0.040714286	291	295	10	10	4	116400	111477	0.957706186	0.042293814	26377.13351	25755.43209	26211.68738	26114.751	26017.4021	25065.53209	24740.43008	25274.45476	0.967822928	12194	9105	12194	9105	116020.00	116798.00	137311.00	1.23E+05	1	TRUE	112.8878555	27.894	20.8	-23.64029	-45.84747	17.02499962	8.899999619	53.61445618	254.4646912	24.60000038	8	16.60000038	19.98333359	13.83333302	20.11666679	13.83333302	2038	286	71	45.60791016	817	250	783	250	800
BR45	BR45	BRBac045	Ischnocnema henselii	10/31/22	Brazil	Santa Virginia	Olho_de_agua	night	Adult	NA	27	1.54	27.00	28.00	27000.00	280	0.01037037	296	299	10	10	4	118400	105464	0.890743243	0.109256757	24280.23579	24614.32975	25517.22432	24803.92995	22961.33644	22546.24258	25171.40636	23559.66179	0.949835846	7375	2801	7375	2801	109601.00	119358.00	103620.00	1.11E+05	1	TRUE	656.836792	159.498	22	-23.34332	-45.14438	17.10833359	10.10000038	56.1111145	252.125824	25.29999924	7.300000191	18	20.04999924	13.91666603	20.14999962	13.91666603	1790	279	43	59.7257576	803	163	770	163	117
BR13	BR13	BRBac013	Ischnocnema henselii	11/27/22	Brazil	Boraceia	B3T	night	Subadult	NA	22	1.15	42.00	14.00	42000.00	140	0.003333333	298	300	10	10	4	119200	107548	0.902248322	0.097751678	25474.34047	26694.04828	26141.69997	26103.36291	25056.95556	25450.12085	23798.79314	24768.62318	0.948867135	12153	7245	12153	7245	114819.00	116864.00	106437.00	1.13E+05	1	TRUE	391.5096741	129.378	21.6	-23.64029	-45.84747	17.02499962	8.899999619	53.61445618	254.4646912	24.60000038	8	16.60000038	19.98333359	13.83333302	20.11666679	13.83333302	2038	286	71	45.60791016	817	250	783	250	800
BR15	BR15	BRBac015	Ischnocnema henselii	11/27/22	Brazil	Boraceia	B3T	night	Adult	NA	26	1.64	34.00	112.00	34000.00	1120	0.032941176	298	302	10	10	4	119200	113738	0.954177852	0.045822148	25552.28098	24456.26364	24877.80741	24962.11734	24198.16639	23673.2851	22855.58488	23575.67879	0.944458295	7957	2860	7957	2860	126125.00	145092.00	103571.00	1.25E+05	1	TRUE	108.2058792	57.132	21.8	-23.64029	-45.84747	17.02499962	8.899999619	53.61445618	254.4646912	24.60000038	8	16.60000038	19.98333359	13.83333302	20.11666679	13.83333302	2038	286	71	45.60791016	817	250	783	250	800
BR20	BR20	BRBac020	Ischnocnema henselii	11/29/22	Brazil	Boraceia	B3T	night	Subadult	NA	22	0.88	20.00	10.00	20000.00	100	0.005	299	288	10	10	4	119600	112137	0.937600334	0.062399666	25214.01287	25188.61522	25449.11036	25283.91282	24936.79451	23781.24311	24264.66402	24327.56721	0.962175728	9140	5624	9140	5624	156707.00	185382.00	115302.00	1.52E+05	1	TRUE	28.53313446	38.952	21.5	-23.64029	-45.84747	17.02499962	8.899999619	53.61445618	254.4646912	24.60000038	8	16.60000038	19.98333359	13.83333302	20.11666679	13.83333302	2038	286	71	45.60791016	817	250	783	250	800
		BR_AMPs_136	Ischnocnema henselii	10/10/23	Brazil	Boraceia	t6	NA	Adult	N/A	27.98	2.48	20.00	456.00	20000.00	4560	0.228	302	239	10	10	4	120800	105999	0.877475166	0.122524834	24647.04043	24100.68642	24461.21435	24402.9804	23761.64139	23695.86263	23074.33411	23510.61271	0.96343202	5901	2620	5901	2620	122541.00	130833.00	111837.00	1.22E+05	1	TRUE	5375.711426	29.004	16.2	-23.64029	-45.84747	17.02499962	8.899999619	53.61445618	254.4646912	24.60000038	8	16.60000038	19.98333359	13.83333302	20.11666679	13.83333302	2038	286	71	45.60791016	817	250	783	250	800
		BR_AMPs_134	Ischnocnema henselii	10/10/23	Brazil	Boraceia	t6	NA	Adult	N/A	26.18	1.83	26.00	380.00	26000.00	3800	0.146153846	303	307	10	10	4	121200	113188	0.933894389	0.066105611	26043.79119	26044.51007	26498.7739	26195.69172	24994.2674	23446.59553	24002.46969	24147.77754	0.921822481	12492	4963	12492	4963	155329.00	86011.00	202558.00	1.48E+05	1	TRUE	5019.693359	NA	16.3	-23.64029	-45.84747	17.02499962	8.899999619	53.61445618	254.4646912	24.60000038	8	16.60000038	19.98333359	13.83333302	20.11666679	13.83333302	2038	286	71	45.60791016	817	250	783	250	800
		BR_AMPs_125	Ischnocnema henselii	10/10/23	Brazil	Boraceia	t6	NA	Adult	N/A	22.57	1.02	34.00	361.00	34000.00	3610	0.106176471	298	259	10	10	4	119200	112641	0.944974832	0.055025168	25852.53313	26163.8234	25760.14999	25925.50218	25250.35607	23462.01775	23639.84361	24117.40581	0.930258	11499	4851	11499	4851	189000.00	116076.00	215276.00	1.73E+05	1	TRUE	1641.905151	34.344	17	-23.64029	-45.84747	17.02499962	8.899999619	53.61445618	254.4646912	24.60000038	8	16.60000038	19.98333359	13.83333302	20.11666679	13.83333302	2038	286	71	45.60791016	817	250	783	250	800
		BR_274_amp	Ischnocnema henselii	11/3/24	Brazil	Boraceia	t4	NA	Adult	N/A	24.37	1.39	66.00	242.00	66000.00	2420	0.036666667	310	270	10	10	4	124000	118834	0.95833871	0.04166129	24719.87839	24409.20338	24118.69239	24415.92472	22076.08801	22392.0919	22996.38034	22488.18675	0.921045875	5949	-1140	5949	0	92963.00	140940.00	146147.00	1.27E+05	1	TRUE	852.8630371	NA	19.1	-23.64029	-45.84747	17.02499962	8.899999619	53.61445618	254.4646912	24.60000038	8	16.60000038	19.98333359	13.83333302	20.11666679	13.83333302	2038	286	71	45.60791016	817	250	783	250	800
		BR_282_amp	Ischnocnema henselii	11/3/24	Brazil	Boraceia	t4	NA	Adult	N/A	26.63	1.58	36.00	114.00	36000.00	1140	0.031666667	311	316	10	10	4	124400	113821	0.914959807	0.085040193	25839.43942	26098.46379	25954.35309	25964.08543	24986.72126	25038.03682	24552.18392	24858.98066	0.957437177	11641	7578	11641	7578	125830.00	134262.00	161229.00	1.40E+05	1	TRUE	1828.183594	NA	19.2	-23.64029	-45.84747	17.02499962	8.899999619	53.61445618	254.4646912	24.60000038	8	16.60000038	19.98333359	13.83333302	20.11666679	13.83333302	2038	286	71	45.60791016	817	250	783	250	800
		BR_272_amp	Ischnocnema henselii	11/3/24	Brazil	Boraceia	t4	NA	Adult	N/A	25.27	1.79	33.00	275.00	33000.00	2750	0.083333333	322	286	10	10	4	128800	114514	0.889083851	0.110916149	25403.89302	25683.59334	25734.9038	25607.46339	23157.73421	23425.41377	24261.32223	23614.82341	0.922185187	10329	3004	10329	3004	200990.00	138866.00	222780.00	1.88E+05	1	TRUE	735.0192871	NA	19.3	-23.64029	-45.84747	17.02499962	8.899999619	53.61445618	254.4646912	24.60000038	8	16.60000038	19.98333359	13.83333302	20.11666679	13.83333302	2038	286	71	45.60791016	817	250	783	250	800
		BR_280_amp	Ischnocnema henselii	11/3/24	Brazil	Boraceia	t4	NA	Adult	N/A	25.27	1.63	45.00	433.00	45000.00	4330	0.096222222	303	269	10	10	4	121200	106437	0.878193069	0.121806931	25215.01793	24671.34153	24599.01027	24828.45658	23781.17762	22631.66188	23692.52811	23368.45587	0.941196477	7465	2098	7465	2098	152357.00	172556.00	202911.00	1.76E+05	1	TRUE	242.5713196	NA	19.7	-23.64029	-45.84747	17.02499962	8.899999619	53.61445618	254.4646912	24.60000038	8	16.60000038	19.98333359	13.83333302	20.11666679	13.83333302	2038	286	71	45.60791016	817	250	783	250	800
		BR_277_amp	Ischnocnema henselii	11/3/24	Brazil	Boraceia	t4	NA	Adult	N/A	28.44	2.28	32.00	425.00	32000.00	4250	0.1328125	345	226	10	10	4	138000	121409	0.879775362	0.120224638	25165.46276	25329.90025	25119.25656	25204.87319	24853.03878	24933.78094	23714.57205	24500.46392	0.972052656	8849	6260	8849	6260	162296.00	182352.00	215682.00	1.87E+05	1	TRUE	12781.02637	NA	19.9	-23.64029	-45.84747	17.02499962	8.899999619	53.61445618	254.4646912	24.60000038	8	16.60000038	19.98333359	13.83333302	20.11666679	13.83333302	2038	286	71	45.60791016	817	250	783	250	800
		BR_286_amp	Ischnocnema henselii	11/3/24	Brazil	Boraceia	t4	NA	Adult	N/A	26.18	1.64	36.00	140.00	36000.00	1400	0.038888889	405	355	10	10	4	162000	144614	0.892679012	0.107320988	24041.31835	24621.06084	24204.51559	24288.96493	22173.20327	23484.86277	22302.8881	22653.65138	0.932672572	5482	-531	5482	0	139767.00	129974.00	157174.00	1.42E+05	1	TRUE	241.5906372	NA	20.7	-23.64029	-45.84747	17.02499962	8.899999619	53.61445618	254.4646912	24.60000038	8	16.60000038	19.98333359	13.83333302	20.11666679	13.83333302	2038	286	71	45.60791016	817	250	783	250	800
Pan9	221212014	221212_014	Lithobates warzsewitschii	11/18/22	Panama	El Valle	Campestre	N/A	Adult	NA	N/A	N/A	14.00	40.00	14000.00	400	0.028571429	278	262	10	10	4	111200	97843	0.879883094	0.120116906	25600.34359	26465.13822	26232.86036	26099.44739	22849.20457	25920.21892	24643.70633	24471.04327	0.937607717	12138	6151	12138	6151	85703.00	129360.00	92985.00	1.03E+05	1	TRUE	4038.981201	270.528	22.4	8.61304	-80.59042	24.5041656	8.00833321	80.8922577	57.1464462	29.8999996	20	9.89999962	24.0333328	24.5333328	25.3666668	23.9500008	2293	401	16	67.6412506	981	69	394	804	170
Pan29	221127J013	221127_J013	Lithobates warzsewitschii	11/22/22	Panama	Santa Fe	Altos de Piedra	N/A	Adult	NA	N/A	N/A	15.00	10.00	15000.00	100	0.006666667	280	261	10	10	4	112000	105454	0.941553571	0.058446429	25820.76068	25462.6478	26539.02866	25940.81238	25466.10844	23247.28186	25817.82858	24843.73963	0.95770862	11555	7522	11555	7522	116555.00	126207.00	109749.00	1.18E+05	2	TRUE	2450.998375	147.096	20.4	8.5128	-81.12274	21.4750004	8.25	80.0970764	44.7975426	26.7000008	16.3999996	10.3000011	21.1499996	21.7166672	22.083334	21.0166664	3425	445	69	41.3896484	1178	348	561	998	751
Pan21	221127J014	221127_J014	Lithobates warzsewitschii	11/22/22	Panama	Santa Fe	Altos de Piedra	N/A	Adult	NA	N/A	N/A	14.00	52.00	14000.00	520	0.037142857	282	271	10	10	4	112800	104707	0.928253546	0.071746454	26753.75659	26379.06807	27351.9745	26828.26639	26047.40423	24039.52093	25260.1175	25115.68089	0.936164884	14818	8521	14818	8521	149918.00	108765.00	106003.00	1.22E+05	2	TRUE	3680.665377	101.214	20.4	8.5128	-81.12274	21.4750004	8.25	80.0970764	44.7975426	26.7000008	16.3999996	10.3000011	21.1499996	21.7166672	22.083334	21.0166664	3425	445	69	41.3896484	1178	348	561	998	751
Pan42	221212018	221212_018	Lithobates warzsewitschii	11/19/22	Panama	El Valle	Campestre	N/A	Adult	NA	N/A	N/A	13.00	60.00	13000.00	600	0.046153846	285	258	10	10	4	114000	99825	0.875657895	0.124342105	25043.88562	24816.16541	25232.97397	25031.00833	24032.04804	22163.65007	22895.799	23030.49904	0.920078757	8210	855	8210	855	132785.00	129661.00	62292.00	1.08E+05	1	TRUE	563.4546509	21.222	23.2	8.61304	-80.59042	24.5041656	8.00833321	80.8922577	57.1464462	29.8999996	20	9.89999962	24.0333328	24.5333328	25.3666668	23.9500008	2293	401	16	67.6412506	981	69	394	804	170
Pan41	221127J018	221127_J018	Lithobates warzsewitschii	12/12/22	Panama	Santa Fe	Altos de Piedra	N/A	Adult	NA	N/A	N/A	10.00	25.00	10000.00	250	0.025	286	263	10	10	4	114400	109164	0.954230769	0.045769231	25991.87899	26136.34172	25894.05397	26007.4249	24195.71785	24964.56282	24889.40098	24683.22722	0.94908386	11800	6931	11800	6931	164484.00	119513.00	136256.00	1.40E+05	1	TRUE	137.1129456	467.616	19.2	8.5128	-81.12274	21.4750004	8.25	80.0970764	44.7975426	26.7000008	16.3999996	10.3000011	21.1499996	21.7166672	22.083334	21.0166664	3425	445	69	41.3896484	1178	348	561	998	751
Pan25	221212015	221212_015	Lithobates warzsewitschii	11/19/22	Panama	El Valle	Campestre	N/A	Adult	NA	N/A	N/A	22.00	10.00	22000.00	100	0.004545455	288	273	10	10	4	115200	103610	0.899392361	0.100607639	25534.3637	24732.56629	26080.2183	25449.04943	23168.07971	22923.44422	25365.5635	23819.02914	0.935949659	9747	3754	9747	3754	127796.00	113113.00	110431.00	1.17E+05	1	TRUE	67.39846039	493.92	19.2	8.61304	-80.59042	24.5041656	8.00833321	80.8922577	57.1464462	29.8999996	20	9.89999962	24.0333328	24.5333328	25.3666668	23.9500008	2293	401	16	67.6412506	981	69	394	804	170
Pan14	221129002	221129_002	Lithobates warzsewitschii	12/12/22	Panama	Santa Fe	Altos de Piedra	N/A	Adult	NA	N/A	N/A	16.00	10.00	16000.00	100	0.00625	290	257	10	10	4	116000	108449	0.934905172	0.065094828	25735.86841	26335.59192	25948.30667	26006.589	23307.5272	25715.01542	23355.13015	24125.89092	0.927683785	11797	4882	11797	4882	127680.00	74099.00	104556.00	1.02E+05	1	TRUE	594.5473022	919.992	19	8.5128	-81.12274	21.4750004	8.25	80.0970764	44.7975426	26.7000008	16.3999996	10.3000011	21.1499996	21.7166672	22.083334	21.0166664	3425	445	69	41.3896484	1178	348	561	998	751
Pan5	221127J016	221127_J016	Lithobates warzsewitschii	12/12/22	Panama	Santa Fe	Altos de Piedra	N/A	Adult	NA	N/A	N/A	17.00	10.00	17000.00	100	0.005882353	290	274	10	10	4	116000	100616	0.86737931	0.13262069	25704.21661	25760.72364	25699.69428	25721.54484	23519.98255	24146.067	23489.19705	23718.41553	0.922122512	10749	3384	10749	3384	92788.00	123313.00	80291.00	9.88E+04	1	TRUE	138.8769379	860.352	20.4	8.5128	-81.12274	21.4750004	8.25	80.0970764	44.7975426	26.7000008	16.3999996	10.3000011	21.1499996	21.7166672	22.083334	21.0166664	3425	445	69	41.3896484	1178	348	561	998	751
Pan2	221129003	221129_003	Lithobates warzsewitschii	12/12/22	Panama	Santa Fe	Altos de Piedra	N/A	Adult	NA	N/A	N/A	14.00	30.00	14000.00	300	0.021428571	291	285	10	10	4	116400	105890	0.909707904	0.090292096	26313.95788	25914.58815	26679.51461	26302.68688	25299.80721	23544.76519	24673.0588	24505.87707	0.931687214	12885	6279	12885	6279	151604.00	111027.00	218809.00	1.60E+05	1	TRUE	181.5312958	111.624	21	8.61304	-80.59042	24.5041656	8.00833321	80.8922577	57.1464462	29.8999996	20	9.89999962	24.0333328	24.5333328	25.3666668	23.9500008	2293	401	16	67.6412506	981	69	394	804	751
Pan37	221212026	221212_026	Lithobates warzsewitschii	11/21/22	Panama	El Valle	Campestre	N/A	Adult	NA	N/A	N/A	23.00	7.00	23000.00	70	0.003043478	298	274	10	10	4	119200	106009	0.889337248	0.110662752	25320.33777	24573.70401	24676.92428	24856.98869	24952.85176	23765.03709	23569.29458	24095.72781	0.969374372	7570	4772	7570	4772	143756.00	143655.00	141744.00	1.43E+05	1	TRUE	529.147583	258.078	19.2	8.68678	-79.92707	22.9041672	7.4083333	81.4102707	53.8287926	27.7999992	18.7000008	9.09999847	22.5333328	23.0499992	23.7166672	22.416666	2589	435	22	66.59021	1064	84	448	924	170
Pan48	221212024	221212_024	Lithobates warzsewitschii	11/21/22	Panama	El Valle	Campestre	N/A	Adult	NA	N/A	N/A	25.00	50.00	25000.00	500	0.02	298	293	10	10	4	119200	107519	0.902005034	0.097994966	23816.25363	24534.87084	23549.08434	23966.73627	22953.85975	23908.69979	22420.91498	23094.4915	0.963606026	4297	1091	4297	1091	157213.00	110205.00	81727.00	1.16E+05	1	TRUE	8.582420349	66.924	19.7	8.65217	-80.59049	23.8875008	7.6583333	81.4716339	54.3191261	28.8999996	19.5	9.39999962	23.4833336	24.3166656	24.7000008	23.3833332	2496	446	25	60.0795937	1027	162	344	593	170
Pan17	221127J017	221127_J017	Lithobates warzsewitschii	12/12/22	Panama	Santa Fe	Altos de Piedra	N/A	Adult	NA	N/A	N/A	23.00	11.00	23000.00	110	0.004782609	299	269	10	10	4	119600	103072	0.86180602	0.13819398	25538.51259	26710.67133	26723.36408	26324.18267	24145.014	25805.24365	24725.45843	24891.90536	0.945590816	12964	7699	12964	7699	111396.00	157814.00	92243.00	1.20E+05	1	TRUE	761.8165894	1278.42	20	8.5128	-81.12274	21.4750004	8.25	80.0970764	44.7975426	26.7000008	16.3999996	10.3000011	21.1499996	21.7166672	22.083334	21.0166664	3425	445	69	41.3896484	1178	348	561	998	751
Pan26	221127J019	221127_J019	Lithobates warzsewitschii	12/12/22	Panama	Santa Fe	Altos de Piedra	N/A	Adult	NA	N/A	N/A	17.00	24.00	17000.00	240	0.014117647	300	302	10	10	4	120000	109501	0.912508333	0.087491667	26300.29678	25604.07993	26063.71232	25989.36301	25016.10785	24391.01065	25389.82866	24932.31572	0.959327695	11733	7847	11733	7847	206061.00	139660.00	122657.00	1.56E+05	1	TRUE	1524.117432	307.656	NA	8.5128	-81.12274	21.4750004	8.25	80.0970764	44.7975426	26.7000008	16.3999996	10.3000011	21.1499996	21.7166672	22.083334	21.0166664	3425	445	69	41.3896484	1178	348	561	998	751
Pan10	221129004	221129_004	Lithobates warzsewitschii	12/12/22	Panama	Santa Fe	Altos de Piedra	N/A	Adult	NA	N/A	N/A	20.00	23.00	20000.00	230	0.0115	302	279	10	10	4	120800	112197	0.928783113	0.071216887	26419.35315	25870.18991	25994.11492	26094.55266	24167.71355	23108.61487	25679.85891	24318.72911	0.93194658	12120	5591	12120	5591	130057.00	125709.00	135262.00	1.30E+05	1	TRUE	1410.510376	147.096	20.2	8.61304	-80.59042	24.5041656	8.00833321	80.8922577	57.1464462	29.8999996	20	9.89999962	24.0333328	24.5333328	25.3666668	23.9500008	2293	401	16	67.6412506	981	69	394	804	751
Pan18	221212025	221212_025	Lithobates warzsewitschii	11/21/22	Panama	El Valle	Campestre	N/A	Adult	NA	N/A	N/A	31.00	10.00	31000.00	100	0.003225806	305	288	10	10	4	122000	107475	0.880942623	0.119057377	25661.0874	24536.02857	25433.30731	25210.14109	23751.83239	24096.46033	24248.47669	24032.25647	0.953277349	8869	4538	8869	4538	121146.00	88589.00	113641.00	1.08E+05	1	TRUE	23.1230526	1333.008	20.8	8.65217	-80.59049	23.8875008	7.6583333	81.4716339	54.3191261	28.8999996	19.5	9.39999962	23.4833336	24.3166656	24.7000008	23.3833332	2496	446	25	60.0795937	1027	162	344	593	170
Pan11	221212017	221212_017	Lithobates warzsewitschii	11/19/22	Panama	El Valle	Campestre	N/A	Adult	NA	N/A	N/A	26.00	10.00	26000.00	100	0.003846154	307	288	10	10	4	122800	111866	0.910960912	0.089039088	24629.47188	24469.654	24829.91385	24643.01324	23786.76492	23286.91404	22412.1376	23161.93885	0.939898811	6784	1339	6784	1339	83050.00	120240.00	103714.00	1.02E+05	1	TRUE	8.136879921	1221.396	19.7	8.61304	-80.59042	24.5041656	8.00833321	80.8922577	57.1464462	29.8999996	20	9.89999962	24.0333328	24.5333328	25.3666668	23.9500008	2293	401	16	67.6412506	981	69	394	804	170
Pan34	221212019	221212_019	Lithobates warzsewitschii	11/19/22	Panama	El Valle	Campestre	N/A	Adult	NA	N/A	N/A	30.00	10.00	30000.00	100	0.003333333	309	284	10	10	4	123600	108586	0.878527508	0.121472492	26512.85926	25934.43743	25328.42651	25925.24107	23634.606	25147.42397	24254.95096	24345.66031	0.939071704	11498	5690	11498	5690	104980.00	138782.00	228698.00	1.57E+05	1	TRUE	7.822592735	31.614	20.7	8.61304	-80.59042	24.5041656	8.00833321	80.8922577	57.1464462	29.8999996	20	9.89999962	24.0333328	24.5333328	25.3666668	23.9500008	2293	401	16	67.6412506	981	69	394	804	170
Pan45	221127J015	221127_J015	Lithobates warzsewitschii	12/12/22	Panama	Santa Fe	Altos de Piedra	N/A	Adult	NA	N/A	N/A	22.00	10.00	22000.00	100	0.004545455	309	285	10	10	4	123600	117349	0.949425566	0.050574434	25399.28339	25812.66972	25575.30884	25595.75398	22900.17841	24216.21379	23593.48843	23569.96021	0.920854304	10286	2839	10286	2839	130673.00	165192.00	107552.00	1.34E+05	2	TRUE	6444.767939	286.392	20.4	8.5128	-81.12274	21.4750004	8.25	80.0970764	44.7975426	26.7000008	16.3999996	10.3000011	21.1499996	21.7166672	22.083334	21.0166664	3425	445	69	41.3896484	1178	348	561	998	751
Pan13	221212021	221212_021	Lithobates warzsewitschii	11/19/22	Panama	El Valle	Campestre	N/A	Adult	NA	N/A	N/A	39.00	10.00	39000.00	100	0.002564103	309	312	10	10	4	123600	110744	0.895987055	0.104012945	26240.05518	25886.77161	26559.35166	26228.72615	23474.3603	23342.89976	25460.66351	24092.64119	0.918559333	12613	4760	12613	4760	141883.00	106237.00	141628.00	1.30E+05	1	TRUE	4.674055099	333.744	21.8	8.61304	-80.59042	24.5041656	8.00833321	80.8922577	57.1464462	29.8999996	20	9.89999962	24.0333328	24.5333328	25.3666668	23.9500008	2293	401	16	67.6412506	981	69	394	804	170
Pan36	221129005	221129_005	Lithobates warzsewitschii	12/12/22	Panama	Santa Fe	Altos de Piedra	N/A	Adult	NA	N/A	N/A	23.00	30.00	23000.00	300	0.013043478	310	302	10	10	4	124000	116643	0.940669355	0.059330645	25663.06269	25913.91661	25783.9059	25786.96173	22944.64838	23387.7912	23127.23833	23153.22597	0.897865604	10989	1306	10989	1306	119274.00	88257.00	143169.00	1.17E+05	1	TRUE	102.100708	950.424	20	8.61304	-80.59042	24.5041656	8.00833321	80.8922577	57.1464462	29.8999996	20	9.89999962	24.0333328	24.5333328	25.3666668	23.9500008	2293	401	16	67.6412506	981	69	394	804	751
Pan30	221212023	221212_023	Lithobates warzsewitschii	11/21/22	Panama	El Valle	Campestre	N/A	Adult	NA	N/A	N/A	31.00	10.00	31000.00	100	0.003225806	311	299	10	10	4	124400	112663	0.905651125	0.094348875	25542.84036	24750.44639	25676.76103	25323.34926	24918.21723	23724.70198	23301.35621	23981.42514	0.947008427	9285	4351	9285	4351	121300.00	131666.00	120037.00	1.24E+05	1	TRUE	43.68417358	149.736	19.9	8.61304	-80.59042	24.5041656	8.00833321	80.8922577	57.1464462	29.8999996	20	9.89999962	24.0333328	24.5333328	25.3666668	23.9500008	2293	401	16	67.6412506	981	69	394	804	170
N/A	N/A	241203_005	Lithobates warzsewitschii	12/3/24	Panama	Santa Fe	Altos de Piedra	N/A	Adult	N/A	N/A	N/A	36.00	467.00	36000.00	4670	0.129722222	315	247	10	10	4	126000	114164	0.906063492	0.093936508	25450.8798	26389.71044	25007.48609	25616.02544	24442.15418	24622.40708	24396.64638	24487.06922	0.955927736	10361	6210	10361	6210	126425.00	158157.00	110161.00	1.32E+05	1	TRUE	11863.02344	NA	18	8.61304	-80.59042	24.5041656	8.00833321	80.8922577	57.1464462	29.8999996	20	9.89999962	24.0333328	24.5333328	25.3666668	23.9500008	2293	401	16	67.6412506	981	69	394	804	751
N/A	N/A	241203_011	Lithobates warzsewitschii	12/3/24	Panama	Santa Fe	Altos de Piedra	N/A	Adult	N/A	N/A	N/A	36.00	534.00	36000.00	5340	0.148333333	317	261	10	10	4	126800	120069	0.946916404	0.053083596	26704.4939	25935.46739	25510.803	26050.25476	25033.25679	23602.63623	23284.16796	23973.35366	0.92027329	11957	4322	11957	4322	119818.00	148224.00	144469.00	1.38E+05	1	TRUE	2578.820557	NA	19	8.5128	-81.12274	21.4750004	8.25	80.0970764	44.7975426	26.7000008	16.3999996	10.3000011	21.1499996	21.7166672	22.083334	21.0166664	3425	445	69	41.3896484	1178	348	561	998	751
N/A	N/A	241203_004	Lithobates warzsewitschii	12/3/24	Panama	Santa Fe	Altos de Piedra	N/A	Adult	N/A	N/A	N/A	43.00	463.00	43000.00	4630	0.107674419	321	280	10	10	4	128400	123178	0.959330218	0.040669782	25278.93774	24730.67	25005.3427	25004.98348	23741.0073	22169.0893	22953.09444	22954.39701	0.917992888	8114	575	8114	575	173628.00	116586.00	143921.00	1.45E+05	1	TRUE	64.26541901	NA	19.5	8.5128	-81.12274	21.4750004	8.25	80.0970764	44.7975426	26.7000008	16.3999996	10.3000011	21.1499996	21.7166672	22.083334	21.0166664	3425	445	69	41.3896484	1178	348	561	998	751
N/A	N/A	231206_S006	Lithobates warzsewitschii	12/6/23	Panama	Santa Fe	Altos de Piedra	N/A	Adult	N/A	N/A	N/A	33.00	207.00	33000.00	2070	0.062727273	324	360	10	10	4	129600	122162	0.942608025	0.057391975	26795.31118	26587.94759	25942.33783	26441.86553	25116.50929	25210.61586	24756.46664	25027.86393	0.946524136	13397	8199	13397	8199	100565.00	160913.00	162346.00	1.41E+05	1	TRUE	332.3919678	NA	19.7	8.5128	-81.12274	21.4750004	8.25	80.0970764	44.7975426	26.7000008	16.3999996	10.3000011	21.1499996	21.7166672	22.083334	21.0166664	3425	445	69	41.3896484	1178	348	561	998	751
N/A	N/A	231120_K025	Lithobates warzsewitschii	11/20/23	Panama	El Cope	Guabal	N/A	Adult	N/A	N/A	N/A	30.00	178.00	30000.00	1780	0.059333333	349	338	10	10	4	139600	126434	0.905687679	0.094312321	25745.35374	25786.36766	26033.11099	25854.94413	23359.27917	23643.5035	24976.55867	23993.11378	0.927989388	11239	4394	11239	4394	172250.00	194164.00	212133.00	1.93E+05	1	TRUE	5.700954437	4220.28	20.1	8.61304	-80.59042	24.5041656	8.00833321	80.8922577	57.1464462	29.8999996	20	9.89999962	24.0333328	24.5333328	25.3666668	23.9500008	2293	401	16	67.6412506	981	69	394	804	552
N/A	N/A	241201_008	Lithobates warzsewitschii	12/1/24	Panama	El Valle	Hotel Campestre		Adult	N/A	N/A	N/A	24.00	342.00	24000.00	3420	0.1425	352	269	10	10	4	140800	124513	0.884325284	0.115674716	24716.92372	25099.63173	24394.02796	24736.86114	23070.40992	24340.51621	22961.25633	23457.39415	0.948276906	7129	2425	7129	2425	110182.00	120599.00	146848.00	1.26E+05	1	TRUE	1145.095581	NA	20.2	8.61304	-80.59042	24.50416565	8.008333206	80.89225769	57.14644623	29.89999962	20	9.899999619	24.03333282	24.53333282	25.36666679	23.95000076	2293	401	16	67.64125061	981	69	394	804	615
N/A	N/A	231206_S009	Lithobates warzsewitschii	12/6/23	Panama	Santa Fe	Altos de Piedra	N/A	Adult	N/A	N/A	N/A	38.00	609.00	38000.00	6090	0.160263158	376	318	10	10	4	150400	136241	0.905857713	0.094142287	25451.86756	25575.85397	25010.66277	25346.1281	23666.4311	23556.28725	23023.0921	23415.27015	0.923820398	9369	2270	9369	2270	84684.00	165831.00	162079.00	1.38E+05	1	TRUE	2215.697021	NA	20.2	8.61304	-80.59042	24.5041656	8.00833321	80.8922577	57.1464462	29.8999996	20	9.89999962	24.0333328	24.5333328	25.3666668	23.9500008	2293	401	16	67.6412506	981	69	394	804	751
N/A	N/A	241203_009	Lithobates warzsewitschii	12/3/24	Panama	Santa Fe	Altos de Piedra	N/A	Adult	N/A	N/A	N/A	30.00	158.00	30000.00	1580	0.052666667	418	305	10	10	4	167200	156437	0.93562799	0.06437201	26505.72938	25105.85317	24986.54856	25532.71037	25222.45475	23487.07834	22769.35312	23826.29541	0.933167496	10055	3781	10055	3781	97533.00	175863.00	101975.00	1.25E+05	1	TRUE	3936.630859	NA	20.2	8.61304	-80.59042	24.5041656	8.00833321	80.8922577	57.1464462	29.8999996	20	9.89999962	24.0333328	24.5333328	25.3666668	23.9500008	2293	401	16	67.6412506	981	69	394	804	751
N/A	N/A	231206_S001	Lithobates warzsewitschii	12/6/23	Panama	Santa Fe	Altos de Piedra	N/A	Adult	N/A	N/A	N/A	45.00	230.00	45000.00	2300	0.051111111	27.9	336	10	100	4	111600	96539	0.865044803	0.134955197	24401.29387	25170.07642	24611.48177	24727.61735	21827.69919	22583.71738	22652.2759	22354.56416	0.904032275	7095	-1631	7095	0	142652.00	113915.00	112977.00	1.23E+05	1	TRUE	56.84374619	NA	20.4	8.61304	-80.59042	24.5041656	8.00833321	80.8922577	57.1464462	29.8999996	20	9.89999962	24.0333328	24.5333328	25.3666668	23.9500008	2293	401	16	67.6412506	981	69	394	804	751
N/A	N/A	241201_002	Lithobates warzsewitschii	12/1/24	Panama	El Valle	Hotel Campestre		Adult	N/A	N/A	N/A	30.00	233.00	30000.00	2330	0.077666667	29.4	282	10	100	4	117600	109653	0.932423469	0.067576531	26673.50488	26268.01542	26207.35632	26382.95887	26023.97794	24144.67344	25332.20038	25166.95059	0.953909329	13180	8710	13180	8710	137691.00	166801.00	148376.00	1.51E+05	1	TRUE	284.3734741	NA	21	8.61304	-80.59042	24.50416565	8.008333206	80.89225769	57.14644623	29.89999962	20	9.899999619	24.03333282	24.53333282	25.36666679	23.95000076	2293	401	16	67.64125061	981	69	394	804	615
N/A	N/A	241201_006	Lithobates warzsewitschii	12/1/24	Panama	El Valle	Hotel Campestre		Adult	N/A	N/A	N/A	43.00	275.00	43000.00	2750	0.063953488	30.4	239	10	100	4	121600	111702	0.918601974	0.081398026	25272.58083	25843.73736	24033.61669	25049.97829	22904.37429	25223.80398	22988.11808	23705.43212	0.946325455	8280	3337	8280	3337	200441.00	130680.00	182253.00	1.71E+05	1	TRUE	12802.53809	NA	21.3	8.61304	-80.59042	24.50416565	8.008333206	80.89225769	57.14644623	29.89999962	20	9.899999619	24.03333282	24.53333282	25.36666679	23.95000076	2293	401	16	67.64125061	981	69	394	804	615
N/A	N/A	231115_001	Lithobates warzsewitschii	11/15/23	Panama	El Valle	Rio Maria		Adult	N/A	N/A	N/A	47.00	184.00	47000.00	1840	0.039148936	31.6	348	10	100	4	126400	118668	0.938829114	0.061170886	26126.11085	24681.87111	25370.50753	25392.82983	23436.60735	23891.68345	23240.11267	23522.80116	0.926356035	9540	2665	9540	2665	171900.00	158899.00	154553.00	1.62E+05	1	TRUE	102.0058746	NA	21.4	8.64065	-80.59039	24.50416565	8.008333206	80.89225769	57.14644623	29.89999962	20	9.899999619	24.03333282	24.53333282	25.36666679	23.95000076	2293	401	16	67.64125061	981	69	394	804	819
N/A	N/A	241203_007	Lithobates warzsewitschii	12/3/24	Panama	Santa Fe	Altos de Piedra	N/A	Adult	N/A	N/A	N/A	40.00	310.00	40000.00	3100	0.0775	33.3	295	10	100	4	133200	117159	0.879572072	0.120427928	24802.37442	25766.8119	25441.54287	25336.90973	23501.42584	25474.77753	23780.35143	24252.18493	0.95718796	9335	5347	9335	5347	162594.00	152167.00	183461.00	1.66E+05	1	TRUE	204.324707	NA	22	8.61304	-80.59042	24.5041656	8.00833321	80.8922577	57.1464462	29.8999996	20	9.89999962	24.0333328	24.5333328	25.3666668	23.9500008	2293	401	16	67.6412506	981	69	394	804	751
N/A	N/A	241201_009	Lithobates warzsewitschii	12/1/24	Panama	El Valle	Hotel Campestre		Adult	N/A	N/A	N/A	33.00	406.00	33000.00	4060	0.123030303	34	354	10	100	4	136000	117044	0.860617647	0.139382353	25734.26593	25733.96315	25747.77447	25738.66785	23902.42349	23269.92471	24100.83938	23757.72919	0.923036473	10812	3529	10812	3529	124590.00	144216.00	156534.00	1.42E+05	1	TRUE	3785.509766	NA	22.4	8.61304	-80.59042	24.50416565	8.008333206	80.89225769	57.14644623	29.89999962	20	9.899999619	24.03333282	24.53333282	25.36666679	23.95000076	2293	401	16	67.64125061	981	69	394	804	615
N/A	N/A	230804_D021	Lithobates warzsewitschii	8/4/23	Panama	Santa Fe	Altos de Piedra	N/A	Adult	N/A	N/A	N/A	61.00	248.00	61000.00	2480	0.040655738	36	300	10	100	4	144000	137830	0.957152778	0.042847222	26005.66973	25609.92258	25361.00693	25658.86641	24336.76339	24375.92315	23957.65109	24223.44588	0.944057523	10518	5241	10518	5241	129817.00	97578.00	198834.00	1.42E+05	1	TRUE	285.4039612	435.018	22.7	8.5128	-81.12274	21.4750004	8.25	80.0970764	44.7975426	26.7000008	16.3999996	10.3000011	21.1499996	21.7166672	22.083334	21.0166664	3425	445	69	41.3896484	1178	348	561	998	751
N/A	N/A	230804_D024	Lithobates warzsewitschii	8/4/23	Panama	Santa Fe	Altos de Piedra	N/A	Adult	N/A	N/A	N/A	43.00	29.00	43000.00	290	0.006744186	38.4	266	10	100	4	153600	138876	0.904140625	0.095859375	26180.89141	25106.84704	25933.18695	25740.30847	23813.592	22565.69894	24999.34358	23792.87817	0.924343164	10818	3658	10818	3658	163024.00	167825.00	165658.00	1.66E+05	1	TRUE	229.616745	31.716	24	8.5128	-81.12274	21.4750004	8.25	80.0970764	44.7975426	26.7000008	16.3999996	10.3000011	21.1499996	21.7166672	22.083334	21.0166664	3425	445	69	41.3896484	1178	348	561	998	751
N/A	N/A	230804_D026	Lithobates warzsewitschii	8/4/23	Panama	Santa Fe	Altos de Piedra	N/A	Adult	N/A	N/A	N/A	48.00	313.00	48000.00	3130	0.065208333	39.7	244	10	100	4	158800	150035	0.944804786	0.055195214	24522.63622	24737.45952	26006.35968	25088.81847	21995.23843	22883.70092	25533.24302	23470.72746	0.935505492	8423	2474	8423	2474	217236.00	175363.00	143339.00	1.79E+05	1	TRUE	225.514267	81.828	24.1	8.5128	-81.12274	21.4750004	8.25	80.0970764	44.7975426	26.7000008	16.3999996	10.3000011	21.1499996	21.7166672	22.083334	21.0166664	3425	445	69	41.3896484	1178	348	561	998	751
N/A	N/A	241201_004	Lithobates warzsewitschii	12/1/24	Panama	El Valle	Hotel Campestre		Adult	N/A	N/A	N/A	66.00	627.00	66000.00	6270	0.095	40.7	384	10	100	4	162800	153814	0.94480344	0.05519656	26141.74494	25969.11345	26076.3845	26062.4143	23313.78803	23316.57236	25446.22697	24025.52912	0.921845875	12002	4513	12002	4513	195542.00	235378.00	195814.00	2.09E+05	1	TRUE	125.4728394	NA	26.3	8.61304	-80.59042	24.50416565	8.008333206	80.89225769	57.14644623	29.89999962	20	9.899999619	24.03333282	24.53333282	25.36666679	23.95000076	2293	401	16	67.64125061	981	69	394	804	615
N/A	N/A	231121_K002	Lithobates warzsewitschii	11/21/23	Panama	El Cope	Guabal	N/A	Adult	N/A	N/A	N/A	48.00	178.00	48000.00	1780	0.037083333	41.5	271	10	100	4	166000	156227	0.941126506	0.058873494	24482.4273	25206.91773	24678.46207	24789.26904	22570.29007	24172.08546	23950.21738	23564.19764	0.950580576	7321	2817	7321	2817	195675.00	149432.00	193403.00	1.80E+05	1	TRUE	12.59028339	11919.24	NA	8.61304	-80.59042	24.5041656	8.00833321	80.8922577	57.1464462	29.8999996	20	9.89999962	24.0333328	24.5333328	25.3666668	23.9500008	2293	401	16	67.6412506	981	69	394	804	552
N/A	N/A	231115_002	Lithobates warzsewitschii	11/15/23	Panama	El Valle	Rio Maria		Adult	N/A	N/A	N/A	56.00	304.00	56000.00	3040	0.054285714	41.9	322	10	100	4	167600	144467	0.86197494	0.13802506	26112.07483	26308.52521	26304.82261	26241.80755	25445.89133	25520.81297	23458.65805	24808.45411	0.945379013	12662	7392	12662	7392	120898.00	235619.00	124800.00	1.60E+05	1	TRUE	2545.359863	NA	NA	8.64065	-80.59039	24.50416565	8.008333206	80.89225769	57.14644623	29.89999962	20	9.899999619	24.03333282	24.53333282	25.36666679	23.95000076	2293	401	16	67.64125061	981	69	394	804	819
PA24	2022-05-18-admin-pscr19	2022-05-18-admin-pscr19	Pseudacris crucifer	5/18/22	Pennsylvania	Admin Pond	N/A	NA	Adult	Male	25.8	0.7	125.00	15.00	125000.00	1500	0.012	216	311	10	100	4	864000	817534	0.946219907	0.053780093	27294.32498	27130.03707	27700.15021	27374.83742	26351.42307	26130.53807	26296.36635	26259.4425	0.959254738	16827	12726	16827	12726	858574.00	689448.00	1049486.00	8.66E+05	1	TRUE	2610.356445	NA	18.2	41.64305	-80.4301	8.75	10.80000019	29.67033005	943.3282471	27.20000076	-9.199999809	36.40000153	20.01666641	-2.349999905	20.01666641	-3.133333206	1056	109	55	19.73647499	315	189	315	199	1230
PA258	2022-05-18-admin-pscr20	2022-05-18-admin-pscr20	Pseudacris crucifer	5/18/22	Pennsylvania	Admin Pond	N/A	NA	Adult	Male	29	1.3	177.00	120.00	177000.00	12000	0.06779661	252	286	10	100	4	1008000	927341	0.919981151	0.080018849	27103.52437	25606.80438	25882.2834	26197.53738	26362.1277	23198.59884	23655.13924	24405.28859	0.931587127	12499	5910	12499	5910	943948.00	1002310.00	925405.00	9.57E+05	1	TRUE	29430.42725	NA	17.8	41.64305	-80.4301	8.75	10.80000019	29.67033005	943.3282471	27.20000076	-9.199999809	36.40000153	20.01666641	-2.349999905	20.01666641	-3.133333206	1056	109	55	19.73647499	315	189	315	199	1230
N/A	N/A	Pe_16S00374	Pseudacris crucifer	5/6/24	Pennsylvania	RV Pond	N/A	NA	Adult	N/A	N/A	N/A	225.00	85.00	225000.00	8500	0.037777778	285	371	10	100	4	1140000	1060755	0.930486842	0.069513158	26184.78017	26212.51365	26299.32974	26232.20785	25675.17715	23806.51398	25656.82684	25046.17266	0.954787062	12626	8266	12626	8266	1067191.00	1618585.00	735080.00	1.14E+06	1	TRUE	406.8773804	NA	15.1	41.63888	-80.49512	8.8125	10.74166679	29.51007271	941.782959	27.20000076	-9.199999809	36.40000153	20.03333282	-2.283333302	20.03333282	-3.066666603	1045	108	54	19.86804199	311	186	311	196	800
N/A	N/A	Pe_16S00393	Pseudacris crucifer	5/8/24	Pennsylvania	Tuttle Pond	N/A	NA	Adult	N/A	N/A	N/A	241.00	37.00	241000.00	3700	0.015352697	288	291	10	100	4	1152000	1068889	0.927855035	0.072144965	26390.63011	25984.47451	26625.23498	26333.44653	24330.34961	24837.79985	23865.90454	24344.68467	0.924477722	12998	5687	12998	5687	893627.00	973598.00	1115225.00	9.94E+05	1	TRUE	651.8894043	NA	15.2	41.69171	-80.50082	8.524999619	10.9333334	30.20257759	935.7143555	26.89999962	-9.300000191	36.20000076	19.66666603	-2.483333349	19.66666603	-3.333333254	1062	109	55	19.7213974	315	189	315	200	800
N/A	N/A	2022-05-12-rv-pscr10	Pseudacris crucifer	5/12/22	Pennsylvania	RV Pond	N/A	NA	Adult	N/A	N/A	N/A	195.00	26.00	195000.00	2600	0.013333333	289	258	10	100	4	1156000	1025523	0.887130623	0.112869377	26742.03067	25050.33872	26271.7344	26021.36793	26341.06592	23542.7986	25566.00603	25149.95685	0.966511711	11851	8647	11851	8647	1188270.00	1336207.00	1120708.00	1.22E+06	1	TRUE	53210.38574	NA	NA	41.63888	-80.49512	8.8125	10.74166679	29.51007271	941.782959	27.20000076	-9.199999809	36.40000153	20.03333282	-2.283333302	20.03333282	-3.066666603	1045	108	54	19.86804199	311	186	311	196	800
N/A	N/A	Pe_16S00416	Pseudacris crucifer	5/14/24	Pennsylvania	RV Pond	N/A	NA	Adult	N/A	N/A	N/A	193.00	15.00	193000.00	1500	0.007772021	290	285	10	100	4	1160000	1046112	0.90182069	0.09817931	26019.57041	24903.92588	25465.21154	25462.90261	25630.85662	23547.5673	24189.34971	24455.92455	0.960453131	9798	6096	9798	6096	964175.00	1075528.00	688942.00	9.10E+05	1	TRUE	193.5944366	NA	NA	41.63888	-80.49512	8.8125	10.74166679	29.51007271	941.782959	27.20000076	-9.199999809	36.40000153	20.03333282	-2.283333302	20.03333282	-3.066666603	1045	108	54	19.86804199	311	186	311	196	800
PA28	2022-05-19-admin-pscr4	2022-05-19-admin-pscr4	Pseudacris crucifer	5/18/22	Pennsylvania	Admin Pond	N/A	NA	Adult	Male	25.8	1	203.00	16.00	203000.00	1600	0.007881773	298	268	10	100	4	1192000	1054105	0.884316275	0.115683725	25088.81387	25717.82573	25315.79738	25374.14566	23454.14096	25451.21911	24833.8525	24579.73752	0.968692221	9472	6551	9472	6551	1404818.00	1600813.00	853474.00	1.29E+06	1	TRUE	118222.3633	NA	18.2	41.64305	-80.4301	8.75	10.80000019	29.67033005	943.3282471	27.20000076	-9.199999809	36.40000153	20.01666641	-2.349999905	20.01666641	-3.133333206	1056	109	55	19.73647499	315	189	315	199	1230
N/A	N/A	Pe_16S00341	Pseudacris crucifer	3/15/24	Pennsylvania	Phelps Pond	N/A	NA	Adult	N/A	N/A	N/A	347.00	234.00	347000.00	23400	0.067435159	308	369	10	100	4	1232000	1167480	0.94762987	0.05237013	27843.69146	27602.5307	27833.906	27760.04272	26984.93366	24765.5382	26212.43165	25987.6345	0.93615254	18243	11727	18243	11727	1346509.00	1108699.00	1025793.00	1.16E+06	1	TRUE	23.61662674	NA	NA	41.69128	-80.51248	8.620833397	10.90833378	30.05050468	935.9450073	27	-9.300000191	36.29999924	19.76666641	-2.400000095	19.76666641	-3.233333349	1054	108	55	19.77835846	313	188	313	198	1230
N/A	N/A	Pe_16S00379	Pseudacris crucifer	5/6/24	Pennsylvania	RV Pond	N/A	NA	Adult	N/A	N/A	N/A	484.00	14.00	484000.00	1400	0.002892562	309	321	10	100	4	1236000	1123678	0.909124595	0.090875405	26900.7352	27445.75241	26654.21475	27000.23412	26065.78519	24510.84775	24869.52159	25148.71818	0.93142593	15450	8643	15450	8643	1026530.00	917464.00	1090942.00	1.01E+06	1	TRUE	5.595345497	NA	15	41.63888	-80.49512	8.8125	10.74166679	29.51007271	941.782959	27.20000076	-9.199999809	36.40000153	20.03333282	-2.283333302	20.03333282	-3.066666603	1045	108	54	19.86804199	311	186	311	196	800
N/A	N/A	2022-05-12-rv-pscr11	Pseudacris crucifer	5/12/22	Pennsylvania	RV Pond	N/A	NA	Adult	N/A	N/A	N/A	235.00	63.00	235000.00	6300	0.026808511	310	330	10	100	4	1240000	1185658	0.956175806	0.043824194	27459.05459	27386.66306	27145.57706	27330.43157	25796.19	25641.10003	25339.2994	25592.19647	0.936399281	16664	10273	16664	10273	1298478.00	1302077.00	1272111.00	1.29E+06	1	TRUE	482.6940536	NA	NA	41.63888	-80.49512	8.8125	10.74166679	29.51007271	941.782959	27.20000076	-9.199999809	36.40000153	20.03333282	-2.283333302	20.03333282	-3.066666603	1045	108	54	19.86804199	311	186	311	196	800
N/A	N/A	Pe_16S00375	Pseudacris crucifer	5/6/24	Pennsylvania	RV Pond	N/A	NA	Adult	N/A	N/A	N/A	215.00	30.00	215000.00	3000	0.013953488	325	303	10	100	4	1300000	1218965	0.937665385	0.062334615	26576.27708	27006.56634	27130.86316	26904.56886	26012.07384	25184.95544	25349.39646	25515.47524	0.948369601	15098	9991	15098	9991	982593.00	1577588.00	2191961.00	1.58E+06	1	TRUE	41.85728455	NA	13	41.63888	-80.49512	8.8125	10.74166679	29.51007271	941.782959	27.20000076	-9.199999809	36.40000153	20.03333282	-2.283333302	20.03333282	-3.066666603	1045	108	54	19.86804199	311	186	311	196	800
N/A	N/A	Pe_16S00348	Pseudacris crucifer	3/16/24	Pennsylvania	Phelps Pond	N/A	NA	Adult	N/A	N/A	N/A	279.00	54.00	279000.00	5400	0.019354839	328	298	10	100	4	1312000	1158076	0.882679878	0.117320122	25265.94939	24887.61868	24797.25917	24983.60908	24410.72386	22249.80285	23811.89984	23490.80885	0.940248816	8036	2548	8036	2548	900562.00	1351381.00	757363.00	1.00E+06	1	TRUE	9.486807823	NA	10.8	41.69128	-80.51248	8.620833397	10.90833378	30.05050468	935.9450073	27	-9.300000191	36.29999924	19.76666641	-2.400000095	19.76666641	-3.233333349	1054	108	55	19.77835846	313	188	313	198	1230
N/A	N/A	Pe_16S00372	Pseudacris crucifer	5/6/24	Pennsylvania	RV Pond	N/A	NA	Adult	N/A	N/A	N/A	296.00	61.00	296000.00	6100	0.020608108	329	287	10	100	4	1316000	1196018	0.908828267	0.091171733	26832.6729	26337.77877	27167.84517	26779.43228	24152.41805	24964.7256	25571.36418	24896.16928	0.929675021	14638	7714	14638	7714	1304916.00	1393257.00	1252374.00	1.32E+06	1	TRUE	23470.54883	NA	14.7	41.63888	-80.49512	8.8125	10.74166679	29.51007271	941.782959	27.20000076	-9.199999809	36.40000153	20.03333282	-2.283333302	20.03333282	-3.066666603	1045	108	54	19.86804199	311	186	311	196	800
N/A	N/A	2022-05-12-rv-pscr3	Pseudacris crucifer	5/12/22	Pennsylvania	RV Pond	N/A	NA	Adult	N/A	N/A	N/A	732.00	34.00	732000.00	3400	0.004644809	343	378	10	100	4	1372000	1303739	0.950247085	0.049752915	25797.18201	26260.50658	26241.8565	26099.84836	24767.79481	25276.41421	24364.28139	24802.83014	0.950305526	12140	7371	12140	7371	1560974.00	2749727.00	854568.00	1.72E+06	1	TRUE	307.8970718	NA	NA	41.63888	-80.49512	8.8125	10.74166679	29.51007271	941.782959	27.20000076	-9.199999809	36.40000153	20.03333282	-2.283333302	20.03333282	-3.066666603	1045	108	54	19.86804199	311	186	311	196	800
N/A	N/A	2022-05-12-rv-pscr5	Pseudacris crucifer	5/12/22	Pennsylvania	RV Pond	N/A	NA	Adult	N/A	N/A	N/A	1068.00	24.00	1068000.00	2400	0.002247191	359	291	10	100	4	1436000	1236488	0.861064067	0.138935933	26479.01296	26715.53438	26415.43861	26536.66198	23790.96343	24516.38585	25473.97631	24593.7752	0.926784809	13746	6603	13746	6603	1783366.00	1194967.00	730182.00	1.24E+06	1	TRUE	4394.748535	NA	NA	41.63888	-80.49512	8.8125	10.74166679	29.51007271	941.782959	27.20000076	-9.199999809	36.40000153	20.03333282	-2.283333302	20.03333282	-3.066666603	1045	108	54	19.86804199	311	186	311	196	800
N/A	N/A	Pe_16S00396	Pseudacris crucifer	5/8/24	Pennsylvania	Tuttle Pond	N/A	NA	Adult	N/A	N/A	N/A	394.00	115.00	394000.00	11500	0.029187817	371	260	10	100	4	1484000	1350997	0.910375337	0.089624663	24357.4523	24755.07622	24222.27263	24444.93372	22589.76086	24290.58025	23093.76671	23324.70261	0.954173281	6055	1937	6055	1937	746925.00	1074791.00	1667725.00	1.16E+06	1	TRUE	3902.546143	NA	15.3	41.69171	-80.50082	8.524999619	10.9333334	30.20257759	935.7143555	26.89999962	-9.300000191	36.20000076	19.66666603	-2.483333349	19.66666603	-3.333333254	1062	109	55	19.7213974	315	189	315	200	800
N/A	N/A	Pe_16S00343	Pseudacris crucifer	3/16/24	Pennsylvania	Phelps Pond	N/A	NA	Adult	N/A	N/A	N/A	353.00	61.00	353000.00	6100	0.017280453	373	337	10	100	4	1492000	1406753	0.942863941	0.057136059	26438.66836	26904.07942	26748.08493	26696.94424	24510.34333	24511.39791	23995.52568	24339.08897	0.911680706	14335	5666	14335	5666	1795941.00	913364.00	1913730.00	1.54E+06	1	TRUE	4.712893963	NA	7.7	41.69128	-80.51248	8.620833397	10.90833378	30.05050468	935.9450073	27	-9.300000191	36.29999924	19.76666641	-2.400000095	19.76666641	-3.233333349	1054	108	55	19.77835846	313	188	313	198	1230
N/A	N/A	Pe_16S00401	Pseudacris crucifer	5/8/24	Pennsylvania	Tuttle Pond	N/A	NA	Adult	N/A	N/A	N/A	454.00	87.00	454000.00	8700	0.019162996	375	345	10	100	4	1500000	1349714	0.899809333	0.100190667	25227.13456	26079.21907	25408.18973	25571.51445	24502.61017	24835.15317	23259.65181	24199.13838	0.946331842	10197	5152	10197	5152	1478374.00	2190421.00	1979954.00	1.88E+06	1	TRUE	5.264391422	NA	13.7	41.69171	-80.50082	8.524999619	10.9333334	30.20257759	935.7143555	26.89999962	-9.300000191	36.20000076	19.66666603	-2.483333349	19.66666603	-3.333333254	1062	109	55	19.7213974	315	189	315	200	800
N/A	N/A	2022-05-12-rv-pscr15	Pseudacris crucifer	5/12/22	Pennsylvania	RV Pond	N/A	NA	Adult	N/A	N/A	N/A	615.00	56.00	615000.00	5600	0.009105691	403	382	10	100	4	1612000	1392921	0.864094913	0.135905087	25575.82701	25792.77308	26169.62714	25846.07574	24689.31305	23294.91759	23410.42922	23798.21995	0.920767245	11207	3678	11207	3678	1986469.00	2119639.00	1833347.00	1.98E+06	1	TRUE	119899.8926	NA	NA	41.63888	-80.49512	8.8125	10.74166679	29.51007271	941.782959	27.20000076	-9.199999809	36.40000153	20.03333282	-2.283333302	20.03333282	-3.066666603	1045	108	54	19.86804199	311	186	311	196	800
N/A	N/A	KMMB0155	Pseudacris regilla	8/2/23	California	73022	N/A	day	Adult	N/A	N/A	N/A	177.00	438.00	177000.00	43800	0.247457627	120	288	10	100	4	480000	441718	0.920245833	0.079754167	25881.79996	24731.20065	25302.2573	25305.08597	23250.91685	24258.91515	23219.41168	23576.41456	0.931686799	9218	2862	9218	2862	527874.00	294876.00	337731.00	3.87E+05	1	TRUE	814.4836912	NA	NA	37.4988	-118.9142	1.070833325	14.00833321	43.10256577	657.918396	19.5	-13	32.5	-6.033333302	9.100000381	10.0666666	-6.033333302	576	97	15	62.93828964	257	51	61	257	2957
N/A	N/A	KMMB0164	Pseudacris regilla	8/5/23	California	77777_e	N/A	day	Adult	N/A	N/A	N/A	178.00	72.00	178000.00	7200	0.040449438	156	364	10	100	4	624000	551071	0.883126603	0.116873397	25500.33549	25184.40178	26356.12336	25680.28688	24677.04929	22866.63875	26017.53334	24520.40713	0.954833848	10597	6333	10597	6333	1118058.00	706009.00	682071.00	8.35E+05	1	TRUE	1667.919652	NA	NA	37.9525	-119.306	-0.350000024	13.76666641	43.56540298	630.5444946	17.89999962	-13.69999981	31.59999847	-5.183333397	7.133333206	8.449999809	-6.733333111	804	132	21	62.85953522	360	71	81	339	2970
N/A	N/A	KMMB0166	Pseudacris regilla	8/5/23	California	77777_e	N/A	day	Adult	N/A	N/A	N/A	228.00	73.00	228000.00	7300	0.032017544	158	357	10	100	4	632000	555797	0.879425633	0.120574367	27139.25758	26471.4248	25464.15885	26358.28041	25669.40692	24188.3791	23506.84866	24454.87823	0.927787316	13090	6092	13090	6092	243947.00	740183.00	640581.00	5.42E+05	1	TRUE	3393.14175	NA	NA	37.9525	-119.306	-0.350000024	13.76666641	43.56540298	630.5444946	17.89999962	-13.69999981	31.59999847	-5.183333397	7.133333206	8.449999809	-6.733333111	804	132	21	62.85953522	360	71	81	339	2970
N/A	N/A	KMMB0153	Pseudacris regilla	8/2/23	California	73022	N/A	day	Adult	N/A	N/A	N/A	293.00	79.00	293000.00	7900	0.026962457	175	278	10	100	4	700000	614780	0.878257143	0.121742857	25191.02178	25660.046	24724.68822	25191.91866	23488.66797	25330.04522	23196.804	24005.1724	0.952891787	8802	4439	8802	4439	665183.00	499587.00	640826.00	6.02E+05	1	TRUE	5281.947612	NA	NA	37.4988	-118.9142	1.070833325	14.00833321	43.10256577	657.918396	19.5	-13	32.5	-6.033333302	9.100000381	10.0666666	-6.033333302	576	97	15	62.93828964	257	51	61	257	2957
N/A	N/A	KMMB0156	Pseudacris regilla	8/2/23	California	73022	N/A	day	Adult	N/A	N/A	N/A	349.00	68.00	349000.00	6800	0.019484241	175	308	10	100	4	700000	664267	0.948952857	0.051047143	26544.27196	26444.93708	26742.23775	26577.14893	26030.25377	24014.58641	24325.00076	24789.94698	0.932754189	13894	7324	13894	7324	1076461.00	510353.00	967913.00	8.52E+05	1	TRUE	6292.368378	NA	NA	37.4988	-118.9142	1.070833325	14.00833321	43.10256577	657.918396	19.5	-13	32.5	-6.033333302	9.100000381	10.0666666	-6.033333302	576	97	15	62.93828964	257	51	61	257	2957
N/A	N/A	KMMB0154	Pseudacris regilla	8/2/23	California	73022	N/A	day	Adult	N/A	N/A	N/A	331.00	101.00	331000.00	10100	0.030513595	224	238	10	100	4	896000	830894	0.927337054	0.072662946	25825.31018	25278.98553	26363.80575	25822.70049	23271.69701	24658.09596	25074.03583	24334.6096	0.942372763	11121	5650	11121	5650	397195.00	846421.00	888108.00	7.11E+05	1	TRUE	31669.34001	NA	NA	37.4988	-118.9142	1.070833325	14.00833321	43.10256577	657.918396	19.5	-13	32.5	-6.033333302	9.100000381	10.0666666	-6.033333302	576	97	15	62.93828964	257	51	61	257	2957
N/A	N/A	KMMB0157	Pseudacris regilla	8/2/23	California	73022	N/A	day	Adult	N/A	N/A	N/A	238.00	18.00	238000.00	1800	0.007563025	242	320	10	100	4	968000	912991	0.943172521	0.056827479	25512.71921	25578.33173	25125.35002	25405.46699	23963.1407	24023.87987	23066.78792	23684.60283	0.932264022	9587	3260	9587	3260	855077.00	843958.00	732148.00	8.10E+05	1	TRUE	58229.63363	NA	NA	37.4988	-118.9142	1.070833325	14.00833321	43.10256577	657.918396	19.5	-13	32.5	-6.033333302	9.100000381	10.0666666	-6.033333302	576	97	15	62.93828964	257	51	61	257	2957
N/A	N/A	KMMB0160	Pseudacris regilla	8/2/23	California	73022	N/A	day	Adult	N/A	N/A	N/A	603.00	25.00	603000.00	2500	0.004145937	248	289	10	100	4	992000	926595	0.93406754	0.06593246	25824.03887	25603.27864	25959.20697	25795.50816	23012.71429	23419.9106	23641.03052	23357.88514	0.905502035	11021	2059	11021	2059	769278.00	1116498.00	1014276.00	9.67E+05	1	TRUE	86066.48024	NA	NA	37.4988	-118.9142	1.070833325	14.00833321	43.10256577	657.918396	19.5	-13	32.5	-6.033333302	9.100000381	10.0666666	-6.033333302	576	97	15	62.93828964	257	51	61	257	2957
N/A	N/A	KMMB0165	Pseudacris regilla	8/5/23	California	77777_e	N/A	day	Adult	N/A	N/A	N/A	296.00	74.00	296000.00	7400	0.025	250	344	10	100	4	1000000	958644	0.958644	0.041356	26295.79024	24753.98543	24633.1553	25227.64366	24635.63351	24186.50007	23195.9896	24006.04106	0.951576825	8933	4442	8933	4442	894569.00	1180561.00	467808.00	8.48E+05	1	TRUE	151714.3782	NA	NA	37.9525	-119.306	-0.350000024	13.76666641	43.56540298	630.5444946	17.89999962	-13.69999981	31.59999847	-5.183333397	7.133333206	8.449999809	-6.733333111	804	132	21	62.85953522	360	71	81	339	2970
N/A	N/A	KMMB0163	Pseudacris regilla	8/5/23	California	77777_e	N/A	day	Adult	N/A	N/A	N/A	455.00	118.00	455000.00	11800	0.025934066	280	361	10	100	4	1120000	1038432	0.927171429	0.072828571	26494.03316	25653.78616	25423.91163	25857.24365	23728.8596	23974.24626	22641.27925	23448.12837	0.906830159	11248	2391	11248	2391	1029885.00	989779.00	952555.00	9.91E+05	1	TRUE	424049.9427	NA	NA	37.9525	-119.306	-0.350000024	13.76666641	43.56540298	630.5444946	17.89999962	-13.69999981	31.59999847	-5.183333397	7.133333206	8.449999809	-6.733333111	804	132	21	62.85953522	360	71	81	339	2970
PA18	BacSwab00136	BacSwab00136	Rana catesbeiana	7/12/22	Pennsylvania	Vorisek Pond	N/A	NA	Juvenile	Unknown	49.1	14.3	107.00	50.00	107000.00	5000	0.046728972	291	270	10	100	4	1164000	1091102	0.937372852	0.062627148	27130.98162	26192.55567	25941.62722	26421.7215	26757.04222	25850.51316	25170.08608	25925.88049	0.981233584	13323	11500	13323	11500	846237.00	719110.00	1523736.00	1.03E+06	1	TRUE	81.05724335	1070.19	NA	41.69171	-80.50082	8.524999619	10.9333334	30.20257759	935.7143555	26.89999962	-9.300000191	36.20000076	19.66666603	-2.483333349	19.66666603	-3.333333254	1062	109	55	19.7213974	315	189	315	200	180
PA15	BacSwab00133	BacSwab00133	Rana catesbeiana	7/12/22	Pennsylvania	Vorisek Pond	N/A	NA	Adult	Female	96.4	103.5	224.00	100.00	224000.00	10000	0.044642857	292	275	10	100	4	1168000	1033765	0.885072774	0.114927226	27204.84695	26276.19286	26081.18451	26520.74144	24989.58915	25111.46557	24549.35237	24883.46903	0.938264456	13687	7668	13687	7668	972974.00	1506371.00	1648858.00	1.38E+06	1	TRUE	320.0453568	NA	19.5	41.69171	-80.50082	8.524999619	10.9333334	30.20257759	935.7143555	26.89999962	-9.300000191	36.20000076	19.66666603	-2.483333349	19.66666603	-3.333333254	1062	109	55	19.7213974	315	189	315	200	180
PA201	BacSwab00262	BacSwab00262	Rana catesbeiana	5/12/22	Pennsylvania	RV Pond	N/A	NA	Juvenile	Unknown	40.8	3.9	113.00	500.00	113000.00	50000	0.442477876	295	270	10	100	4	1180000	1122896	0.95160678	0.04839322	26677.68107	26291.699	26241.52789	26403.63599	23775.56147	25949.43641	23583.50455	24436.16748	0.92548494	13257	6023	13257	6023	1447402.00	1004224.00	1125841.00	1.19E+06	1	TRUE	59.92012978	NA	22.3	41.63888	-80.49512	8.8125	10.74166679	29.51007271	941.782959	27.20000076	-9.199999809	36.40000153	20.03333282	-2.283333302	20.03333282	-3.066666603	1045	108	54	19.86804199	311	186	311	196	800
PA225	BacSwab00277	BacSwab00277	Rana catesbeiana	6/14/22	Pennsylvania	Tuttle Pond	N/A	NA	Juvenile	Unknown	40.3	10.1	157.00	315.00	157000.00	31500	0.200636943	298	277	10	100	4	1192000	1131092	0.948902685	0.051097315	26811.22861	26833.59674	26111.82128	26585.54888	25346.94484	26106.0933	25073.24648	25508.76154	0.959497269	13925	9967	13925	9967	1058425.00	1335935.00	1331160.00	1.24E+06	1	TRUE	109.712019	NA	25.3	41.63888	-80.49512	8.8125	10.74166679	29.51007271	941.782959	27.20000076	-9.199999809	36.40000153	20.03333282	-2.283333302	20.03333282	-3.066666603	1045	108	54	19.86804199	311	186	311	196	185
PA37	BacSwab00147	BacSwab00147	Rana catesbeiana	7/12/22	Pennsylvania	Vorisek Pond	N/A	NA	Juvenile	Unknown	50.9	14.2	162.00	420.00	162000.00	42000	0.259259259	298	271	10	100	4	1192000	1137209	0.954034396	0.045965604	28154.43914	28379.28998	28113.65444	28215.79452	27786.46776	26480.39628	27812.3234	27359.72915	0.969660065	19919	16772	19919	16772	1401631.00	1110945.00	1289191.00	1.27E+06	1	TRUE	608.9140701	NA	17.6	41.59313	-80.35629	8.558333397	11.25	30.99173546	928.5028076	27	-9.300000191	36.29999924	19.63333321	-2.316666842	19.63333321	-3.233333349	1078	113	57	19.97618866	325	194	325	202	180
PA17	BacSwab00135	BacSwab00135	Rana catesbeiana	7/12/22	Pennsylvania	Vorisek Pond	N/A	NA	Adult	Female	84.3	60.9	125.00	100.00	125000.00	10000	0.08	299	289	10	100	4	1196000	1060244	0.886491639	0.113508361	27743.68879	27185.50348	27307.45489	27412.21572	26143.1494	24871.24037	24662.69818	25225.69598	0.920235571	16965	8926	16965	8926	978875.00	1171339.00	1208586.00	1.12E+06	1	TRUE	933.5144806	NA	20	41.69171	-80.50082	8.524999619	10.9333334	30.20257759	935.7143555	26.89999962	-9.300000191	36.20000076	19.66666603	-2.483333349	19.66666603	-3.333333254	1062	109	55	19.7213974	315	189	315	200	180
PA41	BacSwab00151	BacSwab00151	Rana catesbeiana	5/4/22	Pennsylvania	RV Pond	N/A	NA	Juvenile	Unknown	43	9.7	115.00	84.00	115000.00	8400	0.073043478	300	286	10	100	4	1200000	1051358	0.876131667	0.123868333	26442.94463	26698.24093	26202.01478	26447.73345	25198.53606	25409.10298	24039.6451	24882.42805	0.94081514	13419	7664	13419	7664	644837.00	1139128.00	1239889.00	1.01E+06	1	TRUE	2834.627686	NA	20.8	41.59313	-80.35629	8.558333397	11.25	30.99173546	928.5028076	27	-9.300000191	36.29999924	19.63333321	-2.316666842	19.63333321	-3.233333349	1078	113	57	19.97618866	325	194	325	202	185
PA110	BacSwab00210	BacSwab00210	Rana catesbeiana	5/26/22	Pennsylvania	Tuttle Pond	N/A	NA	Adult	Female	51.9	15.3	281.00	130.00	281000.00	13000	0.046263345	301	299	10	100	4	1204000	1112488	0.923993355	0.076006645	24869.08366	25426.57401	25752.53354	25349.39707	23263.88643	23054.38121	24006.06928	23441.44564	0.924733854	9381	2366	9381	2366	1061861.00	1274916.00	1235008.00	1.19E+06	1	TRUE	3174.319458	NA	17.9	41.71212	-80.38903	8.445833206	10.92500019	30.2631588	931.9516602	26.79999924	-9.300000191	36.09999847	19.58333206	-2.450000048	19.58333206	-3.383333445	1086	111	58	19.02963638	321	197	321	207	330
PA22	BacSwab00140	BacSwab00140	Rana catesbeiana	7/12/22	Pennsylvania	Vorisek Pond	N/A	NA	Adult	Male	108.1	129.4	191.00	210.00	191000.00	21000	0.109947644	303	273	10	100	4	1212000	1096075	0.90435231	0.09564769	26343.54779	26487.32851	27184.01947	26671.63192	25098.96816	24017.7009	25311.09782	24809.25563	0.93017389	14242	7395	14242	7395	1029476.00	1019023.00	1788193.00	1.28E+06	1	TRUE	214.1292572	6606.05	NA	41.69171	-80.50082	8.524999619	10.9333334	30.20257759	935.7143555	26.89999962	-9.300000191	36.20000076	19.66666603	-2.483333349	19.66666603	-3.333333254	1062	109	55	19.7213974	315	189	315	200	180
PA43	BacSwab00153	BacSwab00153	Rana catesbeiana	5/4/22	Pennsylvania	RV Pond	N/A	NA	Adult	Female	98.5	123.4	457.00	126.00	457000.00	12600	0.027571116	305	239	10	100	4	1220000	1068119	0.875507377	0.124492623	24866.41088	25374.04837	25053.29977	25097.91968	22829.7603	23787.23373	23072.51754	23229.83719	0.925568234	8456	1588	8456	1588	1160668.00	1237920.00	1530915.00	1.31E+06	1	TRUE	9277.033691	NA	20.6	41.59313	-80.35629	8.558333397	11.25	30.99173546	928.5028076	27	-9.300000191	36.29999924	19.63333321	-2.316666842	19.63333321	-3.233333349	1078	113	57	19.97618866	325	194	325	202	185
PA25	BacSwab00143	BacSwab00143	Rana catesbeiana	7/12/22	Pennsylvania	Vorisek Pond	N/A	NA	Juvenile	Unknown	53	16.3	286.00	210.00	286000.00	21000	0.073426573	310	289	10	100	4	1240000	1184197	0.954997581	0.045002419	27310.49304	26000.88344	26474.89827	26595.42492	26528.85313	24459.64158	24671.81947	25220.10473	0.948287339	13962	8905	13962	8905	1425895.00	1293472.00	1201374.00	1.31E+06	1	TRUE	1220.997238	NA	21.7	41.69171	-80.50082	8.524999619	10.9333334	30.20257759	935.7143555	26.89999962	-9.300000191	36.20000076	19.66666603	-2.483333349	19.66666603	-3.333333254	1062	109	55	19.7213974	315	189	315	200	180
PA194	BacSwab00255	BacSwab00255	Rana catesbeiana	5/11/22	Pennsylvania	RV Pond	N/A	NA	Adult	Female	50.3	13.1	204.00	80.00	204000.00	8000	0.039215686	311	289	10	100	4	1244000	1160345	0.932753215	0.067246785	25916.76085	25512.46995	25145.99238	25525.07439	25197.66726	25168.35443	23272.04084	24546.02084	0.961643459	10027	6427	10027	6427	1056756.00	1102447.00	1022083.00	1.06E+06	1	TRUE	7189.741821	NA	19.3	41.69171	-80.50082	8.524999619	10.9333334	30.20257759	935.7143555	26.89999962	-9.300000191	36.20000076	19.66666603	-2.483333349	19.66666603	-3.333333254	1062	109	55	19.7213974	315	189	315	200	1165
PA213	BacSwab00274	BacSwab00274	Rana catesbeiana	6/14/22	Pennsylvania	Tuttle Pond	N/A	NA	Juvenile	Unknown	59.2	22.6	398.00	42.00	398000.00	4200	0.010552764	314	261	10	100	4	1256000	1195195	0.951588376	0.048411624	26296.22405	25773.07358	25454.46558	25841.25441	25856.36313	24110.03986	24165.60619	24710.66972	0.956248847	11189	7032	11189	7032	1139652.00	1048876.00	1328748.00	1.17E+06	1	TRUE	1321.17157	NA	25	41.63888	-80.49512	8.8125	10.74166679	29.51007271	941.782959	27.20000076	-9.199999809	36.40000153	20.03333282	-2.283333302	20.03333282	-3.066666603	1045	108	54	19.86804199	311	186	311	196	185
PA82	BacSwab00184	BacSwab00184	Rana catesbeiana	5/11/22	Pennsylvania	RV Pond	N/A	NA	Juvenile	Unknown	32.7	2.6	236.00	331.00	236000.00	33100	0.140254237	315	287	10	100	4	1260000	1115336	0.885187302	0.114812698	26645.38161	25586.20387	25513.64597	25915.07715	23834.8765	24022.49427	24330.05785	24062.47621	0.928512621	11460	4649	11460	4649	1461835.00	1284830.00	1320693.00	1.36E+06	1	TRUE	622.1456909	NA	18.8	41.69171	-80.50082	8.524999619	10.9333334	30.20257759	935.7143555	26.89999962	-9.300000191	36.20000076	19.66666603	-2.483333349	19.66666603	-3.333333254	1062	109	55	19.7213974	315	189	315	200	1165
PA19	BacSwab00137	BacSwab00137	Rana catesbeiana	7/12/22	Pennsylvania	Vorisek Pond	N/A	NA	Adult	Male	106.7	116.3	255.00	80.00	255000.00	8000	0.031372549	319	295	10	100	4	1276000	1123233	0.880276646	0.119723354	25448.80312	25111.64871	25137.19982	25232.55055	24712.19599	22424.63597	24568.34146	23901.72448	0.947257568	8951	4058	8951	4058	1536934.00	1234464.00	1430900.00	1.40E+06	1	TRUE	3204.071045	11577.61	22.9	41.69171	-80.50082	8.524999619	10.9333334	30.20257759	935.7143555	26.89999962	-9.300000191	36.20000076	19.66666603	-2.483333349	19.66666603	-3.333333254	1062	109	55	19.7213974	315	189	315	200	180
PA23	BacSwab00141	BacSwab00141	Rana catesbeiana	7/12/22	Pennsylvania	Vorisek Pond	N/A	NA	Juvenile	Unknown	55.6	16.6	188.00	105.00	188000.00	10500	0.055851064	319	311	10	100	4	1276000	1204397	0.943884796	0.056115204	26151.40055	26448.32275	26721.43231	26440.38521	25856.61184	24353.4303	25716.63446	25308.8922	0.95720588	13392	9232	13392	9232	1126373.00	942282.00	1138708.00	1.07E+06	1	TRUE	6557.399292	NA	23.4	41.69171	-80.50082	8.524999619	10.9333334	30.20257759	935.7143555	26.89999962	-9.300000191	36.20000076	19.66666603	-2.483333349	19.66666603	-3.333333254	1062	109	55	19.7213974	315	189	315	200	180
PA45	BacSwab00155	BacSwab00155	Rana catesbeiana	5/5/22	Pennsylvania	RV Pond	N/A	NA	Adult	Female	78.9	55.1	246.00	147.00	246000.00	14700	0.059756098	321	288	10	100	4	1284000	1126635	0.877441589	0.122558411	25838.31497	25013.2451	25924.75099	25592.10368	25162.20043	23944.1843	23103.37748	24069.92074	0.940521382	10273	4677	10273	4677	993225.00	1362195.00	1215821.00	1.19E+06	1	TRUE	247.6784134	NA	16.6	41.63888	-80.49512	8.8125	10.74166679	29.51007271	941.782959	27.20000076	-9.199999809	36.40000153	20.03333282	-2.283333302	20.03333282	-3.066666603	1045	108	54	19.86804199	311	186	311	196	800
PA72	BacSwab00174	BacSwab00174	Rana catesbeiana	5/11/22	Pennsylvania	RV Pond	N/A	NA	Juvenile	Unknown	48.1	11	333.00	111.00	333000.00	11100	0.033333333	322	311	10	100	4	1288000	1125085	0.873513199	0.126486801	24751.68021	24713.84978	25219.2606	24894.9302	23055.74336	24140.84003	23189.21278	23461.93206	0.942438154	7710	2441	7710	2441	1516080.00	1212141.00	1256272.00	1.33E+06	1	TRUE	196.5329552	NA	21.9	41.69171	-80.50082	8.524999619	10.9333334	30.20257759	935.7143555	26.89999962	-9.300000191	36.20000076	19.66666603	-2.483333349	19.66666603	-3.333333254	1062	109	55	19.7213974	315	189	315	200	1165
PA76	BacSwab00178	BacSwab00178	Rana catesbeiana	5/11/22	Pennsylvania	RV Pond	N/A	NA	Juvenile	Unknown	46.8	8.1	536.00	56.00	536000.00	5600	0.010447761	322	295	10	100	4	1288000	1160484	0.900996894	0.099003106	26803.59867	25721.36909	26260.11992	26261.6959	24588.03216	23347.672	24647.74986	24194.48467	0.921284169	12735	5135	12735	5135	1625258.00	1619124.00	1112168.00	1.45E+06	1	TRUE	8151.466675	NA	22.9	41.69171	-80.50082	8.524999619	10.9333334	30.20257759	935.7143555	26.89999962	-9.300000191	36.20000076	19.66666603	-2.483333349	19.66666603	-3.333333254	1062	109	55	19.7213974	315	189	315	200	1165
PA21	BacSwab00139	BacSwab00139	Rana catesbeiana	7/12/22	Pennsylvania	Vorisek Pond	N/A	NA	Adult	Female	82.6	59.7	184.00	200.00	184000.00	20000	0.108695652	322	288	10	100	4	1288000	1236407	0.959943323	0.040056677	26583.76825	26715.9128	26457.58078	26585.75394	23809.42106	25627.57585	25074.37815	24837.12502	0.934226845	13926	7497	13926	7497	1315179.00	1779657.00	1563617.00	1.55E+06	1	TRUE	6900.756836	1960.97	25.5	41.69171	-80.50082	8.524999619	10.9333334	30.20257759	935.7143555	26.89999962	-9.300000191	36.20000076	19.66666603	-2.483333349	19.66666603	-3.333333254	1062	109	55	19.7213974	315	189	315	200	180
PA214	BacSwab00275	BacSwab00275	Rana catesbeiana	6/14/22	Pennsylvania	Tuttle Pond	N/A	NA	Juvenile	Unknown	56.7	20.9	237.00	53.00	237000.00	5300	0.022362869	322	299	10	100	4	1288000	1233304	0.957534161	0.042465839	25414.72608	25184.44489	25641.31194	25413.4943	24816.77444	24524.90278	22932.92035	24091.53253	0.947981896	9616	4756	9616	4756	1952427.00	907862.00	1857706.00	1.57E+06	1	TRUE	93.05596352	NA	22.1	41.63888	-80.49512	8.8125	10.74166679	29.51007271	941.782959	27.20000076	-9.199999809	36.40000153	20.03333282	-2.283333302	20.03333282	-3.066666603	1045	108	54	19.86804199	311	186	311	196	185
PA48	BacSwab00158	BacSwab00158	Rana catesbeiana	5/5/22	Pennsylvania	RV Pond	N/A	NA	Adult	Female	108.7	138.5	224.00	210.00	224000.00	21000	0.09375	323	289	10	100	4	1292000	1137555	0.880460526	0.119539474	25442.26591	25365.652	25523.87624	25443.93138	24600.09489	24779.46442	24381.15098	24586.90343	0.966317	9728	6577	9728	6577	1042222.00	1343367.00	1330401.00	1.24E+06	1	TRUE	1356.881256	7512.45	13.7	41.63888	-80.49512	8.8125	10.74166679	29.51007271	941.782959	27.20000076	-9.199999809	36.40000153	20.03333282	-2.283333302	20.03333282	-3.066666603	1045	108	54	19.86804199	311	186	311	196	800
PA46	BacSwab00156	BacSwab00156	Rana catesbeiana	5/5/22	Pennsylvania	RV Pond	N/A	NA	Adult	Female	106.8	157.8	389.00	315.00	389000.00	31500	0.080976864	324	303	10	100	4	1296000	1138917	0.878793981	0.121206019	25788.88364	25501.16725	25481.43837	25590.49642	25143.25221	22773.5294	24443.05147	24119.94436	0.942535227	10267	4861	10267	4861	1876041.00	1337877.00	1496003.00	1.57E+06	1	TRUE	648.7930298	NA	NA	41.63888	-80.49512	8.8125	10.74166679	29.51007271	941.782959	27.20000076	-9.199999809	36.40000153	20.03333282	-2.283333302	20.03333282	-3.066666603	1045	108	54	19.86804199	311	186	311	196	800
PA66	BacSwab00168	BacSwab00168	Rana catesbeiana	5/5/22	Pennsylvania	RV Pond	N/A	NA	Adult	Female	113.9	174.8	353.00	155.00	353000.00	15500	0.043909348	324	288	10	100	4	1296000	1158889	0.894204475	0.105795525	25160.9966	26384.14689	25903.6734	25816.2723	23015.63944	25938.11944	24167.94875	24373.90255	0.944129434	11097	5794	11097	5794	1286953.00	1627122.00	1418581.00	1.44E+06	1	TRUE	2303.8237	NA	20.2	41.69171	-80.50082	8.524999619	10.9333334	30.20257759	935.7143555	26.89999962	-9.300000191	36.20000076	19.66666603	-2.483333349	19.66666603	-3.333333254	1062	109	55	19.7213974	315	189	315	200	1165
PA36	BacSwab00146	BacSwab00146	Rana catesbeiana	7/12/22	Pennsylvania	Vorisek Pond	N/A	NA	Juvenile	Unknown	59.7	14	225.00	525.00	225000.00	52500	0.233333333	325	307	10	100	4	1300000	1190447	0.915728462	0.084271538	25115.11196	26385.83289	25989.20803	25830.05096	23874.86402	25221.91546	25180.90509	24759.22819	0.958543529	11148	7211	11148	7211	1435633.00	1271339.00	1316868.00	1.34E+06	1	TRUE	543.009758	NA	19.3	41.69171	-80.50082	8.524999619	10.9333334	30.20257759	935.7143555	26.89999962	-9.300000191	36.20000076	19.66666603	-2.483333349	19.66666603	-3.333333254	1062	109	55	19.7213974	315	189	315	200	180
PA81	BacSwab00183	BacSwab00183	Rana catesbeiana	5/11/22	Pennsylvania	RV Pond	N/A	NA	Juvenile	Unknown	45	8.6	338.00	662.00	338000.00	66200	0.195857988	325	301	10	100	4	1300000	1146105	0.881619231	0.118380769	26324.94705	27189.11618	26582.53576	26698.86633	24031.10385	25269.19591	24845.1531	24715.15095	0.925700389	14342	7049	14342	7049	1573039.00	1567144.00	2304508.00	1.81E+06	1	TRUE	3380.870972	NA	20	41.69171	-80.50082	8.524999619	10.9333334	30.20257759	935.7143555	26.89999962	-9.300000191	36.20000076	19.66666603	-2.483333349	19.66666603	-3.333333254	1062	109	55	19.7213974	315	189	315	200	1165
PA216	BacSwab00277	BacSwab00277	Rana catesbeiana	6/14/22	Pennsylvania	Tuttle Pond	N/A	NA	Juvenile	Unknown	40.3	10.1	368.00	315.00	368000.00	31500	0.085597826	325	301	10	100	4	1300000	1203048	0.925421538	0.074578462	27579.10684	27395.08641	26729.54167	27234.57831	26397.89558	26165.68527	25923.32615	26162.30233	0.960628141	16311	12369	16311	12369	1245325.00	1524415.00	1274236.00	1.35E+06	1	TRUE	109.712019	NA	21.3	41.63888	-80.49512	8.8125	10.74166679	29.51007271	941.782959	27.20000076	-9.199999809	36.40000153	20.03333282	-2.283333302	20.03333282	-3.066666603	1045	108	54	19.86804199	311	186	311	196	185
PA38	BacSwab00148	BacSwab00148	Rana catesbeiana	7/12/22	Pennsylvania	Vorisek Pond	N/A	NA	Juvenile	Unknown	53	16.9	412.00	105.00	412000.00	10500	0.025485437	326	321	10	100	4	1304000	1225388	0.939714724	0.060285276	25910.78724	26656.13755	26348.41187	26305.11222	24408.75885	26328.73136	24290.24999	25009.24674	0.950737124	12894	8130	12894	8130	1609750.00	1408001.00	904091.00	1.31E+06	1	TRUE	3483.630066	NA	18.9	41.59313	-80.35629	8.558333397	11.25	30.99173546	928.5028076	27	-9.300000191	36.29999924	19.63333321	-2.316666842	19.63333321	-3.233333349	1078	113	57	19.97618866	325	194	325	202	180
PA241	BacSwab00301	BacSwab00301	Rana catesbeiana	5/18/22	Pennsylvania	RV Pond	N/A	NA	Juvenile	Unknown	32.8	2.9	388.00	105.00	388000.00	10500	0.027061856	326	329	10	100	4	1304000	1242630	0.952937117	0.047062883	26289.937	26390.76503	27091.85382	26590.85195	25428.46411	24561.64211	25689.03423	25226.38015	0.948686421	13945	8928	13945	8928	1126592.00	1775315.00	1743841.00	1.55E+06	1	TRUE	2715.906982	NA	21.4	41.63888	-80.49512	8.8125	10.74166679	29.51007271	941.782959	27.20000076	-9.199999809	36.40000153	20.03333282	-2.283333302	20.03333282	-3.066666603	1045	108	54	19.86804199	311	186	311	196	800
PA75	BacSwab00177	BacSwab00177	Rana catesbeiana	5/11/22	Pennsylvania	RV Pond	N/A	NA	Juvenile	Unknown	47.9	8.8	200.00	331.00	200000.00	33100	0.1655	327	311	10	100	4	1308000	1165942	0.891392966	0.108607034	26545.20859	26418.29016	26352.58415	26438.6943	25006.02051	25812.65997	24431.93515	25083.53854	0.948743469	13385	8403	13385	8403	939237.00	1666579.00	1572472.00	1.39E+06	1	TRUE	1585.573425	NA	23.8	41.69171	-80.50082	8.524999619	10.9333334	30.20257759	935.7143555	26.89999962	-9.300000191	36.20000076	19.66666603	-2.483333349	19.66666603	-3.333333254	1062	109	55	19.7213974	315	189	315	200	1165
PA63	BacSwab00165	BacSwab00165	Rana catesbeiana	5/5/22	Pennsylvania	RV Pond	N/A	NA	Adult	Female	87.1	128.3	621.00	210.00	621000.00	21000	0.033816425	329	312	10	100	4	1316000	1165939	0.885971884	0.114028116	25361.47255	26118.48901	27070.89727	26183.61961	24795.0332	25540.00512	25107.04685	25147.36172	0.960423429	12448	8638	12448	8638	1440242.00	1626087.00	1585375.00	1.55E+06	1	TRUE	2142.672424	NA	21.3	41.69171	-80.50082	8.524999619	10.9333334	30.20257759	935.7143555	26.89999962	-9.300000191	36.20000076	19.66666603	-2.483333349	19.66666603	-3.333333254	1062	109	55	19.7213974	315	189	315	200	1165
PA79	BacSwab00181	BacSwab00181	Rana catesbeiana	5/11/22	Pennsylvania	RV Pond	N/A	NA	Juvenile	Unknown	50.2	12.3	570.00	221.00	570000.00	22100	0.03877193	330	333	10	100	4	1320000	1178403	0.892729545	0.107270455	25913.20597	25424.98888	25672.25254	25670.14913	24108.30677	23655.76643	23276.67248	23680.24856	0.922481924	10560	3244	10560	3244	1485659.00	1570602.00	2085342.00	1.71E+06	1	TRUE	2147.448883	NA	25.1	41.69171	-80.50082	8.524999619	10.9333334	30.20257759	935.7143555	26.89999962	-9.300000191	36.20000076	19.66666603	-2.483333349	19.66666603	-3.333333254	1062	109	55	19.7213974	315	189	315	200	1165
PA77	BacSwab00179	BacSwab00179	Rana catesbeiana	5/11/22	Pennsylvania	RV Pond	N/A	NA	Juvenile	Unknown	48.5	11	369.00	34.00	369000.00	3400	0.009214092	331	309	10	100	4	1324000	1255584	0.948326284	0.051673716	25726.81179	25714.34493	25449.01891	25630.05854	22970.91115	24602.43964	23012.51493	23528.62191	0.918008902	10412	2687	10412	2687	1657291.00	1382015.00	1172511.00	1.40E+06	1	TRUE	6565.020752	NA	18.9	41.69171	-80.50082	8.524999619	10.9333334	30.20257759	935.7143555	26.89999962	-9.300000191	36.20000076	19.66666603	-2.483333349	19.66666603	-3.333333254	1062	109	55	19.7213974	315	189	315	200	1165
PA52	BacSwab00162	BacSwab00162	Rana catesbeiana	5/5/22	Pennsylvania	RV Pond	N/A	NA	Adult	Female	100.8	118.1	254.00	177.00	254000.00	17700	0.069685039	333	343	10	100	4	1332000	1216384	0.913201201	0.086798799	27267.62384	26298.77577	27068.51526	26878.30496	26327.26509	25530.44636	26500.3391	26119.35018	0.971763295	15002	12211	15002	12211	1262163.00	1623823.00	1684354.00	1.52E+06	1	TRUE	2246.451111	5711.64	22.9	41.69171	-80.50082	8.524999619	10.9333334	30.20257759	935.7143555	26.89999962	-9.300000191	36.20000076	19.66666603	-2.483333349	19.66666603	-3.333333254	1062	109	55	19.7213974	315	189	315	200	1165
PA65	BacSwab00167	BacSwab00167	Rana catesbeiana	5/5/22	Pennsylvania	RV Pond	N/A	NA	Adult	Male	102.5	170.2	285.00	233.00	285000.00	23300	0.081754386	335	325	10	100	4	1340000	1182588	0.882528358	0.117471642	26592.16905	26378.2062	25938.45307	26302.94277	25539.33127	25581.09281	23485.86792	24868.764	0.945474589	12886	7614	12886	7614	2390101.00	1450948.00	1608427.00	1.82E+06	1	TRUE	936.3973236	NA	25	41.69171	-80.50082	8.524999619	10.9333334	30.20257759	935.7143555	26.89999962	-9.300000191	36.20000076	19.66666603	-2.483333349	19.66666603	-3.333333254	1062	109	55	19.7213974	315	189	315	200	1165
PA64	BacSwab00166	BacSwab00166	Rana catesbeiana	5/5/22	Pennsylvania	RV Pond	N/A	NA	Adult	Female	87.2	79.7	561.00	221.00	561000.00	22100	0.039393939	338	329	10	100	4	1352000	1163836	0.860825444	0.139174556	26542.33135	26875.21983	26916.28394	26777.94504	23984.63659	26116.89308	25693.80657	25265.11208	0.943504516	14633	9071	14633	9071	1103516.00	1968386.00	1709667.00	1.59E+06	1	TRUE	982.2052765	NA	20.3	41.69171	-80.50082	8.524999619	10.9333334	30.20257759	935.7143555	26.89999962	-9.300000191	36.20000076	19.66666603	-2.483333349	19.66666603	-3.333333254	1062	109	55	19.7213974	315	189	315	200	1165
PA78	BacSwab00180	BacSwab00180	Rana catesbeiana	5/11/22	Pennsylvania	RV Pond	N/A	NA	Juvenile	Unknown	46.7	8.7	784.00	331.00	784000.00	33100	0.042219388	338	333	10	100	4	1352000	1276127	0.943880917	0.056119083	27429.52065	26320.88216	27057.06179	26935.82153	25373.91825	24858.72846	25002.35979	25078.3355	0.931040305	15213	8384	15213	8384	1529545.00	1799166.00	1055622.00	1.46E+06	1	TRUE	805.0966644	NA	20	41.69171	-80.50082	8.524999619	10.9333334	30.20257759	935.7143555	26.89999962	-9.300000191	36.20000076	19.66666603	-2.483333349	19.66666603	-3.333333254	1062	109	55	19.7213974	315	189	315	200	1165
PA92	BacSwab00192	BacSwab00192	Rana catesbeiana	5/26/22	Pennsylvania	Tuttle Pond	N/A	NA	Adult	Female	53.4	15.7	396.00	441.00	396000.00	44100	0.111363636	339	333	10	100	4	1356000	1230893	0.907738201	0.092261799	25774.56157	25847.32873	26084.81792	25902.23607	24066.93222	23951.32775	24027.29312	24015.18436	0.92714715	11413	4475	11413	4475	1775373.00	1602221.00	1258253.00	1.55E+06	1	TRUE	310.2039337	NA	NA	41.71212	-80.38903	8.445833206	10.92500019	30.2631588	931.9516602	26.79999924	-9.300000191	36.09999847	19.58333206	-2.450000048	19.58333206	-3.383333445	1086	111	58	19.02963638	321	197	321	207	330
PA44	BacSwab00154	BacSwab00154	Rana catesbeiana	5/4/22	Pennsylvania	RV Pond	N/A	NA	Adult	Female	76.7	47.5	324.00	104.00	324000.00	10400	0.032098765	339	389	10	100	4	1356000	1201486	0.886051622	0.113948378	26913.47697	25897.21913	25476.27135	26095.65581	24890.27105	24849.59169	24217.18115	24652.34796	0.944691643	12124	6818	12124	6818	1626706.00	1379171.00	1472845.00	1.49E+06	1	TRUE	11787.21191	NA	19.6	41.63888	-80.49512	8.8125	10.74166679	29.51007271	941.782959	27.20000076	-9.199999809	36.40000153	20.03333282	-2.283333302	20.03333282	-3.066666603	1045	108	54	19.86804199	311	186	311	196	800
N/A	N/A	Pe_16S00361	Rana catesbeiana	4/13/24	Pennsylvania	Admin Pond	N/A	NA	Adult	N/A	N/A	N/A	228.00	127.00	228000.00	12700	0.055701754	339	233	10	100	4	1356000	1191756	0.878876106	0.121123894	27732.55884	27041.18391	27263.58136	27345.7747	26855.24769	25279.97435	24858.64055	25664.62087	0.938522355	16720	10540	16720	10540	1535394.00	1638175.00	1256462.00	1.48E+06	1	TRUE	51131.18359	NA	8.9	41.64305	-80.4301	8.75	10.80000019	29.67033005	943.3282471	27.20000076	-9.199999809	36.40000153	20.01666641	-2.349999905	20.01666641	-3.133333206	1056	109	55	19.73647499	315	189	315	199	1230
N/A	N/A	Pe_16S00364	Rana catesbeiana	4/13/24	Pennsylvania	Admin Pond	N/A	NA	Adult	N/A	N/A	N/A	499.00	309.00	499000.00	30900	0.061923848	341	272	10	100	4	1364000	1239736	0.908897361	0.091102639	26579.41417	26508.67384	26768.14991	26618.74597	24709.66609	24222.41771	26468.4429	25133.5089	0.944203342	14047	8587	14047	8587	2577262.00	1767192.00	1636560.00	1.99E+06	1	TRUE	420.6622314	NA	9.6	41.64305	-80.4301	8.75	10.80000019	29.67033005	943.3282471	27.20000076	-9.199999809	36.40000153	20.01666641	-2.349999905	20.01666641	-3.133333206	1056	109	55	19.73647499	315	189	315	199	1230
N/A	N/A	Pe_16S00362	Rana catesbeiana	4/13/24	Pennsylvania	Admin Pond	N/A	NA	Adult	N/A	N/A	N/A	467.00	354.00	467000.00	35400	0.075802998	341	242	10	100	4	1364000	1185443	0.869093109	0.130906891	25834.19281	26308.4889	25922.16266	26021.61479	24599.54238	24396.52418	24247.59516	24414.55391	0.938241308	11852	5944	11852	5944	1392865.00	2078860.00	1816609.00	1.76E+06	1	TRUE	8075.263184	NA	9.9	41.64305	-80.4301	8.75	10.80000019	29.67033005	943.3282471	27.20000076	-9.199999809	36.40000153	20.01666641	-2.349999905	20.01666641	-3.133333206	1056	109	55	19.73647499	315	189	315	199	1230
N/A	N/A	Pe_16S00360	Rana catesbeiana	4/13/24	Pennsylvania	Admin Pond	N/A	NA	Adult	N/A	N/A	N/A	457.00	463.00	457000.00	46300	0.10131291	341	342	10	100	4	1364000	1258060	0.922331378	0.077668622	27116.84524	27055.12374	26279.72065	26817.22988	26472.45059	24693.94092	25197.71684	25454.70278	0.949192101	14777	9768	14777	9768	1506362.00	2923335.00	905668.00	1.78E+06	1	TRUE	2665.618164	NA	10	41.64305	-80.4301	8.75	10.80000019	29.67033005	943.3282471	27.20000076	-9.199999809	36.40000153	20.01666641	-2.349999905	20.01666641	-3.133333206	1056	109	55	19.73647499	315	189	315	199	1230
N/A	N/A	Pe_16S00363	Rana catesbeiana	4/13/24	Pennsylvania	Admin Pond	N/A	NA	Adult	N/A	N/A	N/A	439.00	357.00	439000.00	35700	0.081321185	341	286	10	100	4	1364000	1234578	0.905115836	0.094884164	25275.18306	24464.21028	25136.2209	24958.53808	24894.84368	21952.21519	22724.53364	23190.53084	0.929162228	7944	1444	7944	1444	1352027.00	1683102.00	1745541.00	1.59E+06	1	TRUE	1067147.875	NA	10.5	41.64305	-80.4301	8.75	10.80000019	29.67033005	943.3282471	27.20000076	-9.199999809	36.40000153	20.01666641	-2.349999905	20.01666641	-3.133333206	1056	109	55	19.73647499	315	189	315	199	1230
N/A	N/A	Pe_16S00425	Rana catesbeiana	5/15/24	Pennsylvania	Vorisek Pond	N/A	NA	Adult	N/A	N/A	N/A	455.00	130.00	455000.00	13000	0.028571429	341	373	10	100	4	1364000	1277640	0.936686217	0.063313783	26535.05166	27270.49984	26239.67501	26681.74217	24006.45622	25916.37933	24627.48235	24850.10597	0.931352451	14279	7545	14279	7545	1373344.00	1489925.00	1475754.00	1.45E+06	1	TRUE	2261.0354	NA	12.9	41.59313	-80.35629	8.558333397	11.25	30.99173546	928.5028076	27	-9.300000191	36.29999924	19.63333321	-2.316666842	19.63333321	-3.233333349	1078	113	57	19.97618866	325	194	325	202	180
N/A	N/A	Pe_16S00783	Rana catesbeiana	10/12/24	Pennsylvania	Tuttle Pond	N/A	NA	Adult	N/A	N/A	N/A	661.00	487.00	661000.00	48700	0.073676248	341	355	10	100	4	1364000	1183156	0.867416422	0.132583578	26534.9736	26699.9222	26558.04211	26597.64597	26074.82432	25547.05373	23709.78961	25110.55589	0.94408941	13970	8503	13970	8503	1895976.00	1522469.00	1476221.00	1.63E+06	1	TRUE	886.7456665	NA	13.4	41.69171	-80.50082	8.524999619	10.9333334	30.20257759	935.7143555	26.89999962	-9.300000191	36.20000076	19.66666603	-2.483333349	19.66666603	-3.333333254	1062	109	55	19.7213974	315	189	315	200	800
N/A	N/A	Pe_16S00494	Rana catesbeiana	6/10/24	Pennsylvania	Vorisek Pond	N/A	NA	Adult	N/A	N/A	N/A	403.00	172.00	403000.00	17200	0.042679901	342	247	10	100	4	1368000	1216974	0.889600877	0.110399123	26419.71454	27428.7698	27808.92269	27219.13567	24195.82024	25682.91226	27430.76975	25769.83408	0.946754313	16255	10926	16255	10926	1656227.00	1582159.00	1499065.00	1.58E+06	1	TRUE	3494.934814	NA	13.6	41.59313	-80.35629	8.558333397	11.25	30.99173546	928.5028076	27	-9.300000191	36.29999924	19.63333321	-2.316666842	19.63333321	-3.233333349	1078	113	57	19.97618866	325	194	325	202	180
N/A	N/A	Pe_16S00467	Rana catesbeiana	5/29/24	Pennsylvania	Phelps Pond	N/A		Adult	N/A	N/A	N/A	701.00	108.00	701000.00	10800	0.015406562	343	235	10	100	4	1372000	1214977	0.885551749	0.114448251	26369.90339	26337.71714	26457.15408	26388.2582	24679.95057	24440.8373	24563.36875	24561.38554	0.930769487	13200	6484	13200	6484	1478525.00	1056572.00	1634138.00	1.39E+06	1	TRUE	347.7115479	NA	14.3	41.69128	-80.51248	8.620833397	10.90833378	30.05050468	935.9450073	27	-9.300000191	36.29999924	19.76666641	-2.400000095	19.76666641	-3.233333349	1054	108	55	19.77835846	313	188	313	198	1230
N/A	N/A	Pe_16S00468	Rana catesbeiana	5/29/24	Pennsylvania	Phelps Pond	N/A		Adult	N/A	N/A	N/A	291.00	12.00	291000.00	1200	0.004123711	344	312	10	100	4	1376000	1193892	0.86765407	0.13234593	26504.49115	25459.87543	26042.73649	26002.36769	26186.5236	24857.32585	23279.59177	24774.4804	0.952777866	11781	7267	11781	7267	1312555.00	1481702.00	1042739.00	1.28E+06	1	TRUE	128.7955017	NA	15.8	41.69128	-80.51248	8.620833397	10.90833378	30.05050468	935.9450073	27	-9.300000191	36.29999924	19.76666641	-2.400000095	19.76666641	-3.233333349	1054	108	55	19.77835846	313	188	313	198	1230
N/A	N/A	Pe_16S00407	Rana catesbeiana	5/14/24	Pennsylvania	RV Pond	N/A	NA	Adult	N/A	N/A	N/A	305.00	347.00	305000.00	34700	0.113770492	345	266	10	100	4	1380000	1308647	0.948294928	0.051705072	27103.93481	26866.88308	26711.12681	26893.98157	25457.69086	25306.13691	23855.58927	24873.13901	0.92485893	15059	7630	15059	7630	1579904.00	1758512.00	1551158.00	1.63E+06	1	TRUE	36.00099182	NA	15.9	41.63888	-80.49512	8.8125	10.74166679	29.51007271	941.782959	27.20000076	-9.199999809	36.40000153	20.03333282	-2.283333302	20.03333282	-3.066666603	1045	108	54	19.86804199	311	186	311	196	800
N/A	N/A	Pe_16S00423	Rana catesbeiana	5/15/24	Pennsylvania	Vorisek Pond	N/A	NA	Adult	N/A	N/A	N/A	289.00	452.00	289000.00	45200	0.156401384	346	288	10	100	4	1384000	1291467	0.933140896	0.066859104	28201.32305	26349.18385	28039.73766	27530.08152	26026.30055	24713.37877	26043.27121	25594.31684	0.929685472	17398	10281	17398	10281	1318164.00	1872394.00	1970762.00	1.72E+06	1	TRUE	7092.817871	NA	16.1	41.59313	-80.35629	8.558333397	11.25	30.99173546	928.5028076	27	-9.300000191	36.29999924	19.63333321	-2.316666842	19.63333321	-3.233333349	1078	113	57	19.97618866	325	194	325	202	180
N/A	N/A	Pe_16S00413	Rana catesbeiana	5/14/24	Pennsylvania	RV Pond	N/A	NA	Adult	N/A	N/A	N/A	308.00	330.00	308000.00	33000	0.107142857	347	294	10	100	4	1388000	1210589	0.872182277	0.127817723	25990.64216	25402.36355	26573.2813	25988.76234	24777.92102	22673.24047	24075.45912	23842.20687	0.917404475	11731	3839	11731	3839	1717822.00	1500791.00	934185.00	1.38E+06	1	TRUE	484.0802002	NA	16.4	41.63888	-80.49512	8.8125	10.74166679	29.51007271	941.782959	27.20000076	-9.199999809	36.40000153	20.03333282	-2.283333302	20.03333282	-3.066666603	1045	108	54	19.86804199	311	186	311	196	800
N/A	N/A	Pe_16S00391	Rana catesbeiana	5/8/24	Pennsylvania	Tuttle Pond	N/A	NA	Adult	N/A	N/A	N/A	394.00	222.00	394000.00	22200	0.056345178	350	243	10	100	4	1400000	1261386	0.90099	0.09901	27048.84527	26293.29174	26838.45327	26726.86343	24723.03846	24298.28252	23948.89683	24323.40594	0.910073343	14445	5609	14445	5609	1784869.00	2008339.00	1672942.00	1.82E+06	1	TRUE	64.50679016	NA	16.8	41.69171	-80.50082	8.524999619	10.9333334	30.20257759	935.7143555	26.89999962	-9.300000191	36.20000076	19.66666603	-2.483333349	19.66666603	-3.333333254	1062	109	55	19.7213974	315	189	315	200	800
N/A	N/A	Pe_16S00424	Rana catesbeiana	5/15/24	Pennsylvania	Vorisek Pond	N/A	NA	Adult	N/A	N/A	N/A	316.00	299.00	316000.00	29900	0.094620253	350	383	10	100	4	1400000	1328928	0.949234286	0.050765714	26696.77913	26548.09723	26710.62226	26651.83287	23962.66408	24637.15356	25792.34743	24797.38836	0.930419625	14169	7351	14169	7351	2077582.00	1247164.00	1718386.00	1.68E+06	1	TRUE	70.88780975	NA	17.1	41.59313	-80.35629	8.558333397	11.25	30.99173546	928.5028076	27	-9.300000191	36.29999924	19.63333321	-2.316666842	19.63333321	-3.233333349	1078	113	57	19.97618866	325	194	325	202	180
N/A	N/A	Pe_16S00495	Rana catesbeiana	6/10/24	Pennsylvania	Vorisek Pond	N/A	NA	Adult	N/A	N/A	N/A	362.00	327.00	362000.00	32700	0.090331492	354	241	10	100	4	1416000	1222730	0.863509887	0.136490113	26622.77676	26324.1847	27831.27936	26926.08027	24035.16489	24955.78085	25574.84383	24855.26319	0.923092516	15177	7564	15177	7564	1508457.00	1578300.00	1254908.00	1.45E+06	1	TRUE	117.0646133	NA	17.6	41.59313	-80.35629	8.558333397	11.25	30.99173546	928.5028076	27	-9.300000191	36.29999924	19.63333321	-2.316666842	19.63333321	-3.233333349	1078	113	57	19.97618866	325	194	325	202	180
N/A	N/A	Pe_16S00026	Rana catesbeiana	4/20/23	Pennsylvania	Admin Pond	N/A	NA	Adult	N/A	N/A	N/A	420.00	169.00	420000.00	16900	0.040238095	355	333	10	100	4	1420000	1292668	0.910329577	0.089670423	25540.76109	25690.3064	25904.44669	25711.83806	23119.24841	24235.21399	25386.57324	24247.01188	0.943029115	10713	5328	10713	5328	1930821.00	1474739.00	2262116.00	1.89E+06	1	TRUE	3330.135498	NA	17.9	41.64305	-80.4301	8.75	10.80000019	29.67033005	943.3282471	27.20000076	-9.199999809	36.40000153	20.01666641	-2.349999905	20.01666641	-3.133333206	1056	109	55	19.73647499	315	189	315	199	1230
N/A	N/A	Pe_16S00111	Rana catesbeiana	6/1/23	Pennsylvania	Vorisek Pond	N/A	NA	Adult	N/A	N/A	N/A	400.00	499.00	400000.00	49900	0.12475	355	237	10	100	4	1420000	1228290	0.864992958	0.135007042	26264.68122	27090.40552	25931.55532	26428.88069	23740.19143	25757.30046	23380.25062	24292.58084	0.919167979	13349	5495	13349	5495	2076840.00	1493981.00	2142954.00	1.90E+06	1	TRUE	301.2506104	NA	18.2	41.59313	-80.35629	8.558333397	11.25	30.99173546	928.5028076	27	-9.300000191	36.29999924	19.63333321	-2.316666842	19.63333321	-3.233333349	1078	113	57	19.97618866	325	194	325	202	180
N/A	N/A	BdSwab00050	Rana catesbeiana	6/3/22	Pennsylvania	Phelps Pond	N/A		Adult	N/A	N/A	N/A	694.00	369.00	694000.00	36900	0.053170029	356	375	10	100	4	1424000	1351855	0.949336376	0.050663624	25978.96773	25510.42871	25221.65274	25570.34973	24786.20771	24655.53154	24858.25622	24766.66516	0.968569668	10193	7238	10193	7238	1359253.00	1332650.00	1536528.00	1.41E+06	1	TRUE	2884.476318	78.848	18.4	41.69128	-80.51248	8.620833397	10.90833378	30.05050468	935.9450073	27	-9.300000191	36.29999924	19.76666641	-2.400000095	19.76666641	-3.233333349	1054	108	55	19.77835846	313	188	313	198	1230
N/A	N/A	Pe_16S00410	Rana catesbeiana	5/14/24	Pennsylvania	RV Pond	N/A	NA	Adult	N/A	N/A	N/A	643.00	352.00	643000.00	35200	0.05474339	356	319	10	100	4	1424000	1293672	0.908477528	0.091522472	26207.90745	26495.2736	26299.14089	26334.10731	23801.70728	25734.82146	24231.94088	24589.48987	0.933750652	13001	6587	13001	6587	1608344.00	2238079.00	2039428.00	1.96E+06	1	TRUE	1464.532715	NA	18.6	41.63888	-80.49512	8.8125	10.74166679	29.51007271	941.782959	27.20000076	-9.199999809	36.40000153	20.03333282	-2.283333302	20.03333282	-3.066666603	1045	108	54	19.86804199	311	186	311	196	800
N/A	N/A	Pe_16S00414	Rana catesbeiana	5/14/24	Pennsylvania	RV Pond	N/A	NA	Adult	N/A	N/A	N/A	357.00	287.00	357000.00	28700	0.080392157	357	363	10	100	4	1428000	1336019	0.935587535	0.064412465	26071.56551	25714.61727	26376.22321	26054.13533	24104.90203	24732.63537	25818.11202	24885.21647	0.955134997	11972	7674	11972	7674	1674594.00	1092768.00	1900592.00	1.56E+06	1	TRUE	1376.893066	NA	18.7	41.63888	-80.49512	8.8125	10.74166679	29.51007271	941.782959	27.20000076	-9.199999809	36.40000153	20.03333282	-2.283333302	20.03333282	-3.066666603	1045	108	54	19.86804199	311	186	311	196	800
N/A	N/A	Pe_16S00164	Rana catesbeiana	6/27/23	Pennsylvania	RV Pond	N/A	NA	Adult	N/A	N/A	N/A	360.00	411.00	360000.00	41100	0.114166667	359	314	10	100	4	1436000	1250508	0.870827298	0.129172702	26132.98381	27265.37198	26926.56388	26774.97322	25601.93129	26871.45196	25588.15984	26020.51437	0.971822237	14622	11848	14622	11848	1964092.00	1433864.00	1975795.00	1.79E+06	1	TRUE	105.3251114	NA	18.9	41.63888	-80.49512	8.8125	10.74166679	29.51007271	941.782959	27.20000076	-9.199999809	36.40000153	20.03333282	-2.283333302	20.03333282	-3.066666603	1045	108	54	19.86804199	311	186	311	196	800
N/A	N/A	Pe_16S00409	Rana catesbeiana	5/14/24	Pennsylvania	RV Pond	N/A	NA	Adult	N/A	N/A	N/A	462.00	348.00	462000.00	34800	0.075324675	359	376	10	100	4	1436000	1343597	0.935652507	0.064347493	25130.04025	25704.21146	25482.7378	25438.9965	23556.80333	22923.61362	24786.31333	23755.57676	0.93382523	9710	3521	9710	3521	2113385.00	1690778.00	1860145.00	1.89E+06	1	TRUE	155.4900665	NA	18.9	41.63888	-80.49512	8.8125	10.74166679	29.51007271	941.782959	27.20000076	-9.199999809	36.40000153	20.03333282	-2.283333302	20.03333282	-3.066666603	1045	108	54	19.86804199	311	186	311	196	800
N/A	N/A	Pe_16S00406	Rana catesbeiana	5/14/24	Pennsylvania	RV Pond	N/A	NA	Adult	N/A	N/A	N/A	605.00	416.00	605000.00	41600	0.068760331	359	353	10	100	4	1436000	1375453	0.957836351	0.042163649	26177.79526	26688.43322	25080.62177	25982.28341	25045.75676	24275.20634	24789.71957	24703.56089	0.950784829	11707	7006	11707	7006	2391496.00	1554158.00	1546281.00	1.83E+06	1	TRUE	381.2984009	NA	18.9	41.63888	-80.49512	8.8125	10.74166679	29.51007271	941.782959	27.20000076	-9.199999809	36.40000153	20.03333282	-2.283333302	20.03333282	-3.066666603	1045	108	54	19.86804199	311	186	311	196	800
N/A	N/A	Pe_16S00400	Rana catesbeiana	5/8/24	Pennsylvania	Tuttle Pond	N/A	NA	Adult	N/A	N/A	N/A	665.00	618.00	665000.00	61800	0.092932331	359	352	10	100	4	1436000	1292626	0.900157382	0.099842618	25605.97704	25468.3976	25884.13404	25652.83623	23230.56143	22686.1353	23783.3918	23233.36284	0.905683981	10496	1601	10496	1601	1717407.00	1595821.00	1391095.00	1.57E+06	1	TRUE	722.5404053	NA	18.9	41.69171	-80.50082	8.524999619	10.9333334	30.20257759	935.7143555	26.89999962	-9.300000191	36.20000076	19.66666603	-2.483333349	19.66666603	-3.333333254	1062	109	55	19.7213974	315	189	315	200	800
N/A	N/A	Pe_16S00408	Rana catesbeiana	5/14/24	Pennsylvania	RV Pond	N/A	NA	Adult	N/A	N/A	N/A	563.00	271.00	563000.00	27100	0.048134991	359	324	10	100	4	1436000	1373916	0.956766017	0.043233983	26008.39031	25525.80733	25742.26503	25758.82089	23647.58016	24370.70001	25384.79632	24467.69216	0.949876249	10886	6139	10886	6139	1454483.00	2033020.00	2561170.00	2.02E+06	1	TRUE	5705.677734	NA	18.9	41.63888	-80.49512	8.8125	10.74166679	29.51007271	941.782959	27.20000076	-9.199999809	36.40000153	20.03333282	-2.283333302	20.03333282	-3.066666603	1045	108	54	19.86804199	311	186	311	196	800
N/A	N/A	Pe_16S00415	Rana catesbeiana	5/14/24	Pennsylvania	RV Pond	N/A	NA	Adult	N/A	N/A	N/A	445.00	107.00	445000.00	10700	0.024044944	360	263	10	100	4	1440000	1359796	0.944302778	0.055697222	26048.05107	26984.06757	26456.71982	26496.27949	23289.22023	26439.07184	24576.92198	24768.40468	0.934788022	13597	7245	13597	7245	1495764.00	1363483.00	1514538.00	1.46E+06	1	TRUE	346.9866638	NA	19.2	41.63888	-80.49512	8.8125	10.74166679	29.51007271	941.782959	27.20000076	-9.199999809	36.40000153	20.03333282	-2.283333302	20.03333282	-3.066666603	1045	108	54	19.86804199	311	186	311	196	800
N/A	N/A	Pe_16S00426	Rana catesbeiana	5/15/24	Pennsylvania	Vorisek Pond	N/A	NA	Adult	N/A	N/A	N/A	676.00	271.00	676000.00	27100	0.040088757	362	341	10	100	4	1448000	1259756	0.869997238	0.130002762	27647.71534	26666.78959	26342.91662	26885.80718	25073.53351	24382.73186	24460.74658	24639.00398	0.916431626	15029	6769	15029	6769	2044829.00	1742410.00	1868920.00	1.89E+06	1	TRUE	9198.022461	NA	19.2	41.59313	-80.35629	8.558333397	11.25	30.99173546	928.5028076	27	-9.300000191	36.29999924	19.63333321	-2.316666842	19.63333321	-3.233333349	1078	113	57	19.97618866	325	194	325	202	180
N/A	N/A	Pe_16S00104	Rana catesbeiana	5/31/23	Pennsylvania	Vorisek Pond	N/A	NA	Adult	N/A	N/A	N/A	283.00	528.00	283000.00	52800	0.186572438	369	369	10	100	4	1476000	1381998	0.936313008	0.063686992	26905.48333	27026.28251	25981.32465	26637.69683	24422.13542	24216.27179	24530.02762	24389.47828	0.915600115	14117	5852	14117	5852	1509620.00	1804639.00	1386808.00	1.57E+06	1	TRUE	36.69817352	NA	19.3	41.59313	-80.35629	8.558333397	11.25	30.99173546	928.5028076	27	-9.300000191	36.29999924	19.63333321	-2.316666842	19.63333321	-3.233333349	1078	113	57	19.97618866	325	194	325	202	180
N/A	N/A	Pe_16S00392	Rana catesbeiana	5/8/24	Pennsylvania	Tuttle Pond	N/A	NA	Adult	N/A	N/A	N/A	375.00	561.00	375000.00	56100	0.1496	377	312	10	100	4	1508000	1349618	0.894972149	0.105027851	27277.47031	26919.77966	26337.09468	26844.78155	24606.01272	24905.16442	24898.32944	24803.16886	0.923947502	14878	7372	14878	7372	1554162.00	1775571.00	1714245.00	1.68E+06	1	TRUE	72.59367371	NA	19.5	41.69171	-80.50082	8.524999619	10.9333334	30.20257759	935.7143555	26.89999962	-9.300000191	36.20000076	19.66666603	-2.483333349	19.66666603	-3.333333254	1062	109	55	19.7213974	315	189	315	200	800
N/A	N/A	Pe_16S00163	Rana catesbeiana	6/27/23	Pennsylvania	RV Pond	N/A	NA	Adult	N/A	N/A	N/A	433.00	175.00	433000.00	17500	0.040415704	381	255	10	100	4	1524000	1446193	0.948945538	0.051054462	26995.44389	26365.1323	27081.46334	26814.01318	25269.8378	23732.3651	25569.51827	24857.24039	0.927024248	14765	7571	14765	7571	1807734.00	1604238.00	1914353.00	1.78E+06	1	TRUE	17077.32813	NA	19.5	41.63888	-80.49512	8.8125	10.74166679	29.51007271	941.782959	27.20000076	-9.199999809	36.40000153	20.03333282	-2.283333302	20.03333282	-3.066666603	1045	108	54	19.86804199	311	186	311	196	800
N/A	N/A	BdSwab00049	Rana catesbeiana	6/3/22	Pennsylvania	Phelps Pond	N/A		Adult	N/A	N/A	N/A	484.00	540.00	484000.00	54000	0.111570248	403	327	10	100	4	1612000	1494823	0.927309553	0.072690447	26305.11408	25855.33331	26342.30376	26167.58372	25514.40971	24405.2661	23957.33437	24625.67006	0.941075428	12389	6720	12389	6720	1761907.00	1650005.00	1172672.00	1.53E+06	1	TRUE	25884.67773	616.99	21.7	41.69128	-80.51248	8.620833397	10.90833378	30.05050468	935.9450073	27	-9.300000191	36.29999924	19.76666641	-2.400000095	19.76666641	-3.233333349	1054	108	55	19.77835846	313	188	313	198	1230
N/A	N/A	Pe_16S00177	Rana catesbeiana	7/18/23	Pennsylvania	Vorisek Pond	N/A	NA	Adult	N/A	N/A	N/A	602.00	544.00	602000.00	54400	0.090365449	411	244	10	100	4	1644000	1512478	0.919998783	0.080001217	26752.3606	26481.22918	25944.51835	26392.70271	23972.99889	24663.42282	24537.57001	24391.33058	0.924169489	13216	5858	13216	5858	1796178.00	1661872.00	1834525.00	1.76E+06	1	TRUE	59.39649963	503.69	24.9	41.59313	-80.35629	8.558333397	11.25	30.99173546	928.5028076	27	-9.300000191	36.29999924	19.63333321	-2.316666842	19.63333321	-3.233333349	1078	113	57	19.97618866	325	194	325	202	180
N/A	N/A	Pe_16S00394	Rana catesbeiana	5/8/24	Pennsylvania	Tuttle Pond	N/A	NA	Adult	N/A	N/A	N/A	477.00	656.00	477000.00	65600	0.137526205	412	305	10	100	4	1648000	1419530	0.861365291	0.138634709	27566.27945	26081.80558	27138.20109	26928.76204	25297.23737	23530.70791	25095.44638	24641.13055	0.915048769	15187	6777	15187	6777	1033988.00	2189814.00	1532422.00	1.59E+06	1	TRUE	100.9597702	NA	71.4	41.69171	-80.50082	8.524999619	10.9333334	30.20257759	935.7143555	26.89999962	-9.300000191	36.20000076	19.66666603	-2.483333349	19.66666603	-3.333333254	1062	109	55	19.7213974	315	189	315	200	800
N/A	N/A	Pe_16S00399	Rana catesbeiana	5/8/24	Pennsylvania	Tuttle Pond	N/A	NA	Adult	N/A	N/A	N/A	570.00	295.00	570000.00	29500	0.051754386	432	239	10	100	4	1728000	1646340	0.952743056	0.047256944	25606.15763	26078.71614	26070.05636	25918.31004	23261.96772	23683.22528	24359.97472	23768.38924	0.917050116	11472	3568	11472	3568	1969799.00	1892187.00	1237466.00	1.70E+06	1	TRUE	19.47473717	NA	NA	41.69171	-80.50082	8.524999619	10.9333334	30.20257759	935.7143555	26.89999962	-9.300000191	36.20000076	19.66666603	-2.483333349	19.66666603	-3.333333254	1062	109	55	19.7213974	315	189	315	200	800
N/A	N/A	Pe_16S00352	Rana clamitans	4/13/24	Pennsylvania	Admin Pond	N/A	NA	Adult	N/A	N/A	N/A	103.00	391.00	103000.00	39100	0.37961165	279	276	10	100	4	1116000	1022665	0.916366487	0.083633513	25634.63001	27161.06612	25677.65001	26157.78205	23351.47996	25599.74859	24461.13108	24470.78654	0.935506936	12353	6150	12353	6150	1423127.00	1108555.00	1030785.00	1.19E+06	1	TRUE	37838.78125	NA	7	41.64305	-80.4301	8.75	10.80000019	29.67033005	943.3282471	27.20000076	-9.199999809	36.40000153	20.01666641	-2.349999905	20.01666641	-3.133333206	1056	109	55	19.73647499	315	189	315	199	1230
N/A	N/A	Pe_16S00356	Rana clamitans	4/13/24	Pennsylvania	Admin Pond	N/A	NA	Adult	N/A	N/A	N/A	97.00	85.00	97000.00	8500	0.087628866	283	241	10	100	4	1132000	975078	0.861376325	0.138623675	26883.39286	26535.94767	26981.33948	26800.22667	25228.78182	23900.60147	25097.44516	24742.27615	0.923211451	14715	7149	14715	7149	1043010.00	980562.00	1142784.00	1.06E+06	1	TRUE	1553131.625	NA	9.6	41.64305	-80.4301	8.75	10.80000019	29.67033005	943.3282471	27.20000076	-9.199999809	36.40000153	20.01666641	-2.349999905	20.01666641	-3.133333206	1056	109	55	19.73647499	315	189	315	199	1230
N/A	N/A	Pe_16S00357	Rana clamitans	4/13/24	Pennsylvania	Admin Pond	N/A	NA	Adult	N/A	N/A	N/A	169.00	246.00	169000.00	24600	0.14556213	287	226	10	100	4	1148000	1084600	0.944773519	0.055226481	27099.34286	27643.19027	27908.51437	27550.34917	25793.84495	26170.6713	27612.261	26525.59241	0.962804219	17472	13705	17472	13705	1389390.00	1185935.00	1372358.00	1.32E+06	1	TRUE	24356.89063	NA	9.7	41.64305	-80.4301	8.75	10.80000019	29.67033005	943.3282471	27.20000076	-9.199999809	36.40000153	20.01666641	-2.349999905	20.01666641	-3.133333206	1056	109	55	19.73647499	315	189	315	199	1230
N/A	N/A	Pe_16S00734	Rana clamitans	10/8/24	Pennsylvania	Vorisek Pond	N/A	NA	Adult	N/A	N/A	N/A	262.00	436.00	262000.00	43600	0.166412214	289	341	10	100	4	1156000	1080683	0.934846886	0.065153114	26554.75391	25575.82799	25752.30106	25960.96099	24613.37207	23418.66747	25186.56102	24406.20019	0.940111585	11629	5913	11629	5913	900401.00	1400292.00	1346001.00	1.22E+06	1	TRUE	252.1325378	NA	10	41.59313	-80.35629	8.558333397	11.25	30.99173546	928.5028076	27	-9.300000191	36.29999924	19.63333321	-2.316666842	19.63333321	-3.233333349	1078	113	57	19.97618866	325	194	325	202	180
N/A	N/A	Pe_16S00354	Rana clamitans	4/13/24	Pennsylvania	Admin Pond	N/A	NA	Adult	N/A	N/A	N/A	148.00	443.00	148000.00	44300	0.299324324	290	266	10	100	4	1160000	1075539	0.927188793	0.072811207	24699.1289	25137.91297	26023.27382	25286.7719	23124.64518	24793.33974	24783.02009	24233.66834	0.958353579	9150	5279	9150	5279	1254545.00	943193.00	1374081.00	1.19E+06	1	TRUE	372179.625	NA	10.1	41.64305	-80.4301	8.75	10.80000019	29.67033005	943.3282471	27.20000076	-9.199999809	36.40000153	20.01666641	-2.349999905	20.01666641	-3.133333206	1056	109	55	19.73647499	315	189	315	199	1230
N/A	N/A	Pe_16S00355	Rana clamitans	4/13/24	Pennsylvania	Admin Pond	N/A	NA	Adult	N/A	N/A	N/A	115.00	502.00	115000.00	50200	0.436521739	293	272	10	100	4	1172000	1064107	0.907941126	0.092058874	26219.88512	26373.16858	25828.28624	26140.44665	23431.88069	25597.77777	24590.23441	24539.96429	0.938773718	12289	6405	12289	6405	1438713.00	934854.00	1188608.00	1.19E+06	1	TRUE	46298.69531	NA	11	41.64305	-80.4301	8.75	10.80000019	29.67033005	943.3282471	27.20000076	-9.199999809	36.40000153	20.01666641	-2.349999905	20.01666641	-3.133333206	1056	109	55	19.73647499	315	189	315	199	1230
N/A	N/A	Pe_16S00750	Rana clamitans	10/9/24	Pennsylvania	Tyron Weber	N/A		Adult	N/A	N/A	N/A	131.00	81.00	131000.00	8100	0.061832061	296	257	10	100	4	1184000	1105670	0.933842905	0.066157095	25347.78212	25077.85113	24856.44705	25094.02677	24367.70908	22428.15681	23104.40992	23300.09194	0.92851148	8442	1846	8442	1846	964270.00	1185662.00	1278682.00	1.14E+06	1	TRUE	1324.905029	NA	11.6	41.59313	-80.35629	8.558333397	11.25	30.99173546	928.5028076	27	-9.300000191	36.29999924	19.63333321	-2.316666842	19.63333321	-3.233333349	1078	113	57	19.97618866	325	194	325	202	800
N/A	N/A	Pe_16S00744	Rana clamitans	10/9/24	Pennsylvania	Tyron Weber	N/A		Adult	N/A	N/A	N/A	203.00	216.00	203000.00	21600	0.106403941	299	228	10	100	4	1196000	1084921	0.907124582	0.092875418	25961.97797	26890.69959	26371.83572	26408.17109	24434.57624	26491.11278	24725.03599	25216.90834	0.954890373	13273	8894	13273	8894	1398317.00	1284358.00	1423682.00	1.37E+06	1	TRUE	79.27380371	NA	12.2	41.59313	-80.35629	8.558333397	11.25	30.99173546	928.5028076	27	-9.300000191	36.29999924	19.63333321	-2.316666842	19.63333321	-3.233333349	1078	113	57	19.97618866	325	194	325	202	800
N/A	N/A	Pe_16S00738	Rana clamitans	10/8/24	Pennsylvania	Vorisek Pond	N/A	NA	Adult	N/A	N/A	N/A	224.00	229.00	224000.00	22900	0.102232143	299	313	10	100	4	1196000	1040830	0.870259197	0.129740803	25765.47584	26261.6932	25746.30626	25924.49177	24302.28921	24952.84145	24312.30029	24522.47699	0.945919295	11495	6340	11495	6340	1321069.00	1491047.00	1181993.00	1.33E+06	1	TRUE	563.1508789	NA	12.9	41.59313	-80.35629	8.558333397	11.25	30.99173546	928.5028076	27	-9.300000191	36.29999924	19.63333321	-2.316666842	19.63333321	-3.233333349	1078	113	57	19.97618866	325	194	325	202	180
N/A	N/A	BdSwab00038	Rana clamitans	6/3/22	Pennsylvania	Phelps Pond	N/A		Adult	N/A	N/A	N/A	224.00	524.00	224000.00	52400	0.233928571	314	315	10	100	4	1256000	1154462	0.919157643	0.080842357	27361.79407	26565.16955	26496.56624	26807.84329	25015.43952	24206.30161	25495.37556	24905.70557	0.929045477	14743	7749	14743	7749	1262590.00	1044429.00	1361105.00	1.22E+06	1	TRUE	3247.467651	NA	15.3	41.69128	-80.51248	8.620833397	10.90833378	30.05050468	935.9450073	27	-9.300000191	36.29999924	19.76666641	-2.400000095	19.76666641	-3.233333349	1054	108	55	19.77835846	313	188	313	198	1230
N/A	N/A	Pe_16S00367	Rana clamitans	5/6/24	Pennsylvania	RV Pond	N/A	NA	Adult	N/A	N/A	N/A	135.00	58.00	135000.00	5800	0.042962963	314	299	10	100	4	1256000	1184073	0.94273328	0.05726672	24440.94313	25070.1351	24947.58012	24819.55279	22410.49524	23844.15783	23534.01688	23262.88998	0.937280788	7433	1710	7433	1710	1516526.00	1175790.00	1383712.00	1.36E+06	1	TRUE	1640.030518	NA	15.8	41.63888	-80.49512	8.8125	10.74166679	29.51007271	941.782959	27.20000076	-9.199999809	36.40000153	20.03333282	-2.283333302	20.03333282	-3.066666603	1045	108	54	19.86804199	311	186	311	196	800
N/A	N/A	Pe_16S00370	Rana clamitans	5/6/24	Pennsylvania	RV Pond	N/A	NA	Adult	N/A	N/A	N/A	233.00	563.00	233000.00	56300	0.241630901	314	379	10	100	4	1256000	1191207	0.948413217	0.051586783	25027.7842	25254.13609	25102.16271	25128.02767	23218.9866	23514.19801	24524.73555	23752.64006	0.9452648	8567	3510	8567	3510	1626537.00	1318652.00	1206606.00	1.38E+06	1	TRUE	96.30439758	NA	16.2	41.63888	-80.49512	8.8125	10.74166679	29.51007271	941.782959	27.20000076	-9.199999809	36.40000153	20.03333282	-2.283333302	20.03333282	-3.066666603	1045	108	54	19.86804199	311	186	311	196	800
N/A	N/A	Pe_16S00366	Rana clamitans	5/6/24	Pennsylvania	RV Pond	N/A	NA	Adult	N/A	N/A	N/A	227.00	444.00	227000.00	44400	0.195594714	315	339	10	100	4	1260000	1107587	0.879037302	0.120962698	24983.67809	26347.28313	25436.95649	25589.3059	22285.61874	25661.88834	22971.23107	23639.57938	0.923806979	10263	3095	10263	3095	1129114.00	677739.00	1293939.00	1.03E+06	1	TRUE	13.45400429	NA	16.3	41.63888	-80.49512	8.8125	10.74166679	29.51007271	941.782959	27.20000076	-9.199999809	36.40000153	20.03333282	-2.283333302	20.03333282	-3.066666603	1045	108	54	19.86804199	311	186	311	196	800
N/A	N/A	Pe_16S00384	Rana clamitans	5/8/24	Pennsylvania	Tuttle Pond	N/A	NA	Adult	N/A	N/A	N/A	248.00	390.00	248000.00	39000	0.157258065	326	360	10	100	4	1304000	1126836	0.864138037	0.135861963	25266.45084	26144.80583	26251.78259	25887.67975	24737.18762	23987.35223	25666.60563	24797.04849	0.957870645	11360	7350	11360	7350	1423912.00	1450107.00	1059707.00	1.31E+06	1	TRUE	29.69626808	NA	16.9	41.69171	-80.50082	8.524999619	10.9333334	30.20257759	935.7143555	26.89999962	-9.300000191	36.20000076	19.66666603	-2.483333349	19.66666603	-3.333333254	1062	109	55	19.7213974	315	189	315	200	800
N/A	N/A	Pe_16S00368	Rana clamitans	5/6/24	Pennsylvania	RV Pond	N/A	NA	Adult	N/A	N/A	N/A	256.00	193.00	256000.00	19300	0.075390625	326	239	10	100	4	1304000	1203709	0.923089724	0.076910276	24952.22116	24458.31958	24563.35327	24657.96467	23688.62185	23779.88081	24180.26836	23882.92367	0.96856833	6839	3989	6839	3989	1222697.00	1337345.00	1061941.00	1.21E+06	1	TRUE	678.2936401	NA	16.9	41.63888	-80.49512	8.8125	10.74166679	29.51007271	941.782959	27.20000076	-9.199999809	36.40000153	20.03333282	-2.283333302	20.03333282	-3.066666603	1045	108	54	19.86804199	311	186	311	196	800
N/A	N/A	Pe_16S00403	Rana clamitans	5/8/24	Pennsylvania	Tuttle Pond	N/A	NA	Adult	N/A	N/A	N/A	296.00	31.00	296000.00	3100	0.010472973	328	328	10	100	4	1312000	1211584	0.923463415	0.076536585	25966.54372	26296.93147	25990.77186	26084.74902	24873.61791	24518.57059	23518.51917	24303.56922	0.931715663	12084	5536	12084	5536	1433621.00	1715912.00	1265705.00	1.47E+06	1	TRUE	747.5797119	NA	17	41.69171	-80.50082	8.524999619	10.9333334	30.20257759	935.7143555	26.89999962	-9.300000191	36.20000076	19.66666603	-2.483333349	19.66666603	-3.333333254	1062	109	55	19.7213974	315	189	315	200	800
N/A	N/A	Pe_16S00472	Rana clamitans	6/3/24	Pennsylvania	Wood Lab Pond	N/A	NA	Adult	N/A	N/A	N/A	286.00	214.00	286000.00	21400	0.074825175	329	353	10	100	4	1316000	1235045	0.938484043	0.061515957	26353.74594	25858.15483	26231.5102	26147.80366	25534.59572	24739.91867	24559.71206	24944.74215	0.953989959	12316	7893	12316	7893	1465228.00	1147468.00	1495949.00	1.37E+06	1	TRUE	2592.716797	NA	17	41.56972	-80.4525	8.516666412	11.20000076	30.51771164	937.7253418	27.10000038	-9.600000381	36.70000076	19.68333435	-2.483333349	19.68333435	-3.383333445	1057	110	54	20.1629982	317	189	317	196	800
N/A	N/A	Pe_16S00404	Rana clamitans	5/8/24	Pennsylvania	Tuttle Pond	N/A	NA	Adult	N/A	N/A	N/A	248.00	489.00	248000.00	48900	0.197177419	331	328	10	100	4	1324000	1248510	0.942983384	0.057016616	26644.68059	27222.33713	26633.61514	26833.54429	25041.84905	24487.94949	26316.6415	25282.14668	0.942184395	14837	9133	14837	9133	1005439.00	1251496.00	921265.00	1.06E+06	1	TRUE	245.4302826	NA	17.3	41.69171	-80.50082	8.524999619	10.9333334	30.20257759	935.7143555	26.89999962	-9.300000191	36.20000076	19.66666603	-2.483333349	19.66666603	-3.333333254	1062	109	55	19.7213974	315	189	315	200	800
N/A	N/A	DrySwab00029	Rana clamitans	6/27/22	Pennsylvania	Vorisek Pond	N/A	NA	Adult	N/A	N/A	N/A	179.00	327.00	179000.00	32700	0.182681564	334	264	10	100	4	1336000	1153178	0.863157186	0.136842814	26616.12483	26645.17735	27630.22705	26963.84308	25117.92058	24917.95084	26976.90348	25670.92496	0.952049932	15316	10563	15316	10563	1293634.00	1562993.00	1819253.00	1.56E+06	1	TRUE	38492.9126	NA	17.4	41.59313	-80.35629	8.558333397	11.25	30.99173546	928.5028076	27	-9.300000191	36.29999924	19.63333321	-2.316666842	19.63333321	-3.233333349	1078	113	57	19.97618866	325	194	325	202	180
N/A	N/A	BdSwab00058	Rana clamitans	6/4/22	Pennsylvania	Phelps Pond	N/A		Adult	N/A	N/A	N/A	309.00	48.00	309000.00	4800	0.015533981	335	281	10	100	4	1340000	1168050	0.871679104	0.128320896	24952.00289	27588.71427	26547.8684	26362.86185	23671.5687	26172.33303	25190.55958	25011.4871	0.948739452	13107	8138	13107	8138	1372184.00	1478601.00	1680241.00	1.51E+06	1	TRUE	800.3473663	NA	17.6	41.69128	-80.51248	8.620833397	10.90833378	30.05050468	935.9450073	27	-9.300000191	36.29999924	19.76666641	-2.400000095	19.76666641	-3.233333349	1054	108	55	19.77835846	313	188	313	198	1230
N/A	N/A	Pe_16S00474	Rana clamitans	6/3/24	Pennsylvania	Wood Lab Pond	N/A	NA	Adult	N/A	N/A	N/A	430.00	539.00	430000.00	53900	0.125348837	335	387	10	100	4	1340000	1214082	0.906031343	0.093968657	25574.13146	25435.065	25605.28904	25538.16183	24667.37371	23064.55308	23749.75032	23827.2257	0.933004727	10075	3784	10075	3784	891721.00	2190272.00	1012037.00	1.36E+06	1	TRUE	29.57941055	NA	17.8	41.56972	-80.4525	8.516666412	11.20000076	30.51771164	937.7253418	27.10000038	-9.600000381	36.70000076	19.68333435	-2.483333349	19.68333435	-3.383333445	1057	110	54	20.1629982	317	189	317	196	800
N/A	N/A	BdSwab00045	Rana clamitans	6/3/22	Pennsylvania	Phelps Pond	N/A		Adult	N/A	N/A	N/A	416.00	557.00	416000.00	55700	0.133894231	352	363	10	100	4	1408000	1337312	0.949795455	0.050204545	25331.64363	25127.66292	25504.11339	25321.13998	23447.21437	23889.10543	24170.9599	23835.7599	0.941338341	9277	3816	9277	3816	1491182.00	1059403.00	1810953.00	1.45E+06	1	TRUE	3680.924377	NA	18.5	41.69128	-80.51248	8.620833397	10.90833378	30.05050468	935.9450073	27	-9.300000191	36.29999924	19.76666641	-2.400000095	19.76666641	-3.233333349	1054	108	55	19.77835846	313	188	313	198	1230
N/A	N/A	BdSwab00052	Rana clamitans	6/4/22	Pennsylvania	Phelps Pond	N/A		Adult	N/A	N/A	N/A	290.00	61.00	290000.00	6100	0.021034483	352	316	10	100	4	1408000	1244780	0.884076705	0.115923295	26267.43674	26312.80252	26092.78271	26224.34066	25969.34138	24856.90835	25481.10825	25435.786	0.969930429	12597	9698	12597	9698	2398590.00	1332445.00	1377347.00	1.70E+06	1	TRUE	12056.04004	NA	18.5	41.69128	-80.51248	8.620833397	10.90833378	30.05050468	935.9450073	27	-9.300000191	36.29999924	19.76666641	-2.400000095	19.76666641	-3.233333349	1054	108	55	19.77835846	313	188	313	198	1230
N/A	N/A	BdSwab00044	Rana clamitans	6/3/22	Pennsylvania	Phelps Pond	N/A		Adult	N/A	N/A	N/A	294.00	45.00	294000.00	4500	0.015306122	354	272	10	100	4	1416000	1315653	0.929133475	0.070866525	26053.01727	26237.26076	26214.20166	26168.1599	23805.23274	24376.79233	24399.08895	24193.70467	0.924547418	12391	5132	12391	5132	1464025.00	1232229.00	1197550.00	1.30E+06	1	TRUE	9966.793823	NA	18.6	41.69128	-80.51248	8.620833397	10.90833378	30.05050468	935.9450073	27	-9.300000191	36.29999924	19.76666641	-2.400000095	19.76666641	-3.233333349	1054	108	55	19.77835846	313	188	313	198	1230
N/A	N/A	Pe_16S00166	Rana clamitans	6/27/23	Pennsylvania	RV Pond	N/A	NA	Adult	N/A	N/A	N/A	507.00	380.00	507000.00	38000	0.07495069	357	325	10	100	4	1428000	1298496	0.909310924	0.090689076	26801.89112	26253.55537	25825.87867	26293.77505	24263.3745	24669.8539	24959.49223	24630.90688	0.936758104	12853	6739	12853	6739	1541592.00	1819993.00	1619942.00	1.66E+06	1	TRUE	847.9084473	NA	18.7	41.63888	-80.49512	8.8125	10.74166679	29.51007271	941.782959	27.20000076	-9.199999809	36.40000153	20.03333282	-2.283333302	20.03333282	-3.066666603	1045	108	54	19.86804199	311	186	311	196	800
N/A	N/A	Pe_16S00510	Rana clamitans	6/17/24	Pennsylvania	Tyron Weber	N/A		Adult	N/A	N/A	N/A	467.00	296.00	467000.00	29600	0.063383298	359	332	10	100	4	1436000	1275678	0.888355153	0.111644847	25945.10652	25654.18868	25689.05086	25762.78202	23729.28475	25366.31153	24336.59671	24477.39766	0.950106927	10900	6175	10900	6175	2095711.00	1371856.00	1698211.00	1.72E+06	1	TRUE	41.18740082	NA	18.8	41.59313	-80.35629	8.558333397	11.25	30.99173546	928.5028076	27	-9.300000191	36.29999924	19.63333321	-2.316666842	19.63333321	-3.233333349	1078	113	57	19.97618866	325	194	325	202	800
N/A	N/A	Pe_16S00389	Rana clamitans	5/8/24	Pennsylvania	Tuttle Pond	N/A	NA	Adult	N/A	N/A	N/A	470.00	24.00	470000.00	2400	0.005106383	374	386	10	100	4	1496000	1350193	0.902535428	0.097464572	26512.43168	27250.59883	27389.76107	27050.93053	24351.92082	25354.82582	24676.15941	24794.30202	0.916578525	15636	7340	15636	7340	1615574.00	1048997.00	1119860.00	1.26E+06	1	TRUE	242.6317139	NA	19.1	41.69171	-80.50082	8.524999619	10.9333334	30.20257759	935.7143555	26.89999962	-9.300000191	36.20000076	19.66666603	-2.483333349	19.66666603	-3.333333254	1062	109	55	19.7213974	315	189	315	200	800
N/A	N/A	Pe_16S00167	Rana clamitans	6/27/23	Pennsylvania	RV Pond	N/A	NA	Adult	N/A	N/A	N/A	407.00	30.00	407000.00	3000	0.007371007	376	274	10	100	4	1504000	1392275	0.925714761	0.074285239	24353.36045	25238.04942	24726.39893	24772.60293	23858.41596	24272.94077	23092.3544	23741.23705	0.958366673	7260	3468	7260	3468	1414896.00	1833695.00	1401572.00	1.55E+06	1	TRUE	15.59854317	NA	19.3	41.63888	-80.49512	8.8125	10.74166679	29.51007271	941.782959	27.20000076	-9.199999809	36.40000153	20.03333282	-2.283333302	20.03333282	-3.066666603	1045	108	54	19.86804199	311	186	311	196	800
N/A	N/A	Pe_16S00388	Rana clamitans	5/8/24	Pennsylvania	Tuttle Pond	N/A	NA	Adult	N/A	N/A	N/A	556.00	311.00	556000.00	31100	0.055935252	379	357	10	100	4	1516000	1434685	0.946362137	0.053637863	25837.80658	24968.13282	26287.77302	25697.90414	23202.95426	23950.52199	25622.61048	24258.69558	0.9439951	10662	5371	10662	5371	1562606.00	1294273.00	1910723.00	1.59E+06	1	TRUE	1137.704834	NA	19.5	41.69171	-80.50082	8.524999619	10.9333334	30.20257759	935.7143555	26.89999962	-9.300000191	36.20000076	19.66666603	-2.483333349	19.66666603	-3.333333254	1062	109	55	19.7213974	315	189	315	200	800
N/A	N/A	Pe_16S00438	Rana clamitans	5/20/24	Pennsylvania	Wood Lab Pond	N/A	NA	Adult	N/A	N/A	N/A	338.00	183.00	338000.00	18300	0.054142012	387	241	10	100	4	1548000	1382966	0.893388889	0.106611111	25563.53371	25212.88591	25862.2653	25546.2283	23037.95603	24265.73565	24176.87075	23826.85414	0.932695577	10104	3783	10104	3783	1042899.00	1767339.00	1532584.00	1.45E+06	1	TRUE	10.47569561	NA	20.3	41.56972	-80.4525	8.516666412	11.20000076	30.51771164	937.7253418	27.10000038	-9.600000381	36.70000076	19.68333435	-2.483333349	19.68333435	-3.383333445	1057	110	54	20.1629982	317	189	317	196	800
N/A	N/A	Pe_16S00441	Rana clamitans	5/20/24	Pennsylvania	Wood Lab Pond	N/A	NA	Adult	N/A	N/A	N/A	719.00	658.00	719000.00	65800	0.091515994	388	323	10	100	4	1552000	1427025	0.919474871	0.080525129	27346.90495	28196.63002	27013.00798	27518.84765	26989.94699	25868.04141	25734.19196	26197.39345	0.951980031	17357	12498	17357	12498	1514266.00	1627779.00	1305082.00	1.48E+06	1	TRUE	77.95071411	NA	21	41.56972	-80.4525	8.516666412	11.20000076	30.51771164	937.7253418	27.10000038	-9.600000381	36.70000076	19.68333435	-2.483333349	19.68333435	-3.383333445	1057	110	54	20.1629982	317	189	317	196	800
N/A	N/A	Pe_16S00159	Rana clamitans	6/26/23	Pennsylvania	RV Pond	N/A	NA	Adult	N/A	N/A	N/A	452.00	153.00	452000.00	15300	0.033849558	392	260	10	100	4	1568000	1457171	0.92931824	0.07068176	26785.90219	27027.59684	26155.84605	26656.44836	26157.79187	24269.21266	25701.73507	25376.24653	0.951974029	14186	9479	14186	9479	1607238.00	1883901.00	1498087.00	1.66E+06	1	TRUE	1838.977539	2128.5	21.2	41.63888	-80.49512	8.8125	10.74166679	29.51007271	941.782959	27.20000076	-9.199999809	36.40000153	20.03333282	-2.283333302	20.03333282	-3.066666603	1045	108	54	19.86804199	311	186	311	196	800
N/A	N/A	Pe_16S00161	Rana clamitans	6/26/23	Pennsylvania	RV Pond	N/A	NA	Adult	N/A	N/A	N/A	399.00	187.00	399000.00	18700	0.046867168	395	321	10	100	4	1580000	1412867	0.89421962	0.10578038	26328.54743	26471.26278	26413.8598	26404.55667	25583.63929	23786.17208	23558.82821	24309.54653	0.92065725	13260	5558	13260	5558	1841104.00	1932551.00	1580981.00	1.78E+06	1	TRUE	50.42636108	71.291	21.3	41.63888	-80.49512	8.8125	10.74166679	29.51007271	941.782959	27.20000076	-9.199999809	36.40000153	20.03333282	-2.283333302	20.03333282	-3.066666603	1045	108	54	19.86804199	311	186	311	196	800
N/A	N/A	Pe_16S00645	Rana clamitans	7/9/24	Pennsylvania	Tyron Weber	N/A		Adult	N/A	N/A	N/A	393.00	249.00	393000.00	24900	0.063358779	395	312	10	100	4	1580000	1370614	0.867477215	0.132522785	25847.76753	25843.01384	25683.71664	25791.49934	23446.21937	23496.12531	24624.83362	23855.7261	0.9249453	11006	3889	11006	3889	1528780.00	1659139.00	1627006.00	1.60E+06	1	TRUE	486.4450989	NA	21.3	41.59313	-80.35629	8.558333397	11.25	30.99173546	928.5028076	27	-9.300000191	36.29999924	19.63333321	-2.316666842	19.63333321	-3.233333349	1078	113	57	19.97618866	325	194	325	202	800
N/A	N/A	Pe_16S00442	Rana clamitans	5/20/24	Pennsylvania	Wood Lab Pond	N/A	NA	Adult	N/A	N/A	N/A	395.00	211.00	395000.00	21100	0.053417722	400	302	10	100	4	1600000	1406654	0.87915875	0.12084125	26258.65907	26430.17756	27105.48259	26598.10641	24832.19127	24461.11957	24488.27241	24593.86108	0.924647067	13971	6603	13971	6603	1598620.00	1511957.00	1561127.00	1.56E+06	1	TRUE	5292.304199	NA	21.8	41.56972	-80.4525	8.516666412	11.20000076	30.51771164	937.7253418	27.10000038	-9.600000381	36.70000076	19.68333435	-2.483333349	19.68333435	-3.383333445	1057	110	54	20.1629982	317	189	317	196	800
N/A	N/A	DrySwab00056	Rana clamitans	7/11/22	Pennsylvania	RV Pond	N/A	NA	Adult	N/A	N/A	N/A	482.00	485.00	482000.00	48500	0.100622407	412	389	10	100	4	1648000	1496235	0.907909587	0.092090413	27063.96985	26656.48605	26807.27557	26842.57716	25238.33306	25163.75459	26425.13255	25609.0734	0.954046746	14870	10335	14870	10335	1658670.00	1446709.00	1281156.00	1.46E+06	1	TRUE	4192.271118	NA	23.6	41.63888	-80.49512	8.8125	10.74166679	29.51007271	941.782959	27.20000076	-9.199999809	36.40000153	20.03333282	-2.283333302	20.03333282	-3.066666603	1045	108	54	19.86804199	311	186	311	196	800
N/A	N/A	DrySwab00058	Rana clamitans	7/11/22	Pennsylvania	RV Pond	N/A	NA	Adult	N/A	N/A	N/A	357.00	358.00	357000.00	35800	0.100280112	423	374	10	100	4	1692000	1465103	0.865900118	0.134099882	26185.9838	27138.84177	26575.98038	26633.60198	24061.33308	25057.2978	24435.60247	24518.07778	0.920569354	14102	6324	14102	6324	1267678.00	1389674.00	1982446.00	1.55E+06	1	TRUE	1698.217316	NA	NA	41.63888	-80.49512	8.8125	10.74166679	29.51007271	941.782959	27.20000076	-9.199999809	36.40000153	20.03333282	-2.283333302	20.03333282	-3.066666603	1045	108	54	19.86804199	311	186	311	196	800
Ca162	AJS5184	AJS5184	Rana muscosa	8/9/22	California	Mulkey Meadows	Mulkey Meadows	N/A	Adult	Female	59	25	128.00	30.00	128000.00	3000	0.0234375	290	280	10	100	4	1160000	999926	0.862005172	0.137994828	27228.09989	26670.66186	27043.78431	26980.84869	24653.30925	26388.32453	26064.44645	25702.02674	0.952602605	15379	10677	15379	10677	901498.00	934362.00	1327606.00	1.05E+06	1	TRUE	162873.225	58.482	18	36.4053	-118.195	3.229166508	14.1916666	42.49002075	712.854248	22.39999962	-11	33.40000153	-4.716666698	12.01666641	12.51666641	-4.716666698	593	106	11	67.72621155	281	45	60	281	2993
Ca161	AJS5183	AJS5183	Rana muscosa	8/9/22	California	Mulkey Meadows	Mulkey Meadows	N/A	Adult	Female	53	18	171.00	40.00	171000.00	4000	0.023391813	292	263	10	100	4	1168000	1011906	0.866357877	0.133642123	25938.49276	25299.26222	25315.45646	25517.73715	24466.71527	23927.49427	24405.30538	24266.50497	0.950966178	10000	5399	10000	5399	872561.00	1158371.00	1222233.00	1.08E+06	1	TRUE	4728.766235	58.5	24	36.4053	-118.195	3.229166508	14.1916666	42.49002075	712.854248	22.39999962	-11	33.40000153	-4.716666698	12.01666641	12.51666641	-4.716666698	593	106	11	67.72621155	281	45	60	281	2993
Ca1	AJS5023	AJS5023	Rana muscosa	8/9/22	California	Unicorn	Unicorn	N/A	Adult	Male	49	12	252.00	10.00	252000.00	1000	0.003968254	299	270	10	100	4	1196000	1081456	0.904227425	0.095772575	25206.95363	25976.45996	25492.95476	25558.78945	23282.66558	24327.48886	24609.44013	24073.19819	0.941875523	10150	4689	10150	4689	1327688.00	1302294.00	1266154.00	1.30E+06	1	TRUE	423.5385652	52.266	17	37.8496	-119.3789	1.100000024	14.14999962	44.92063522	612.6655884	19.20000076	-12.30000019	31.5	-3.583333254	8.566666603	9.600000381	-5.083333492	770	136	18	68.74092865	365	60	70	334	3298
Ca131	AJS5101	AJS5101	Rana muscosa	7/17/22	California	Conness Pond	Conness Pond	N/A	Adult	Male	47	10	134.00	10.00	134000.00	1000	0.007462687	300	270	10	100	4	1200000	1068632	0.890526667	0.109473333	26272.41722	26414.72404	26031.84931	26239.66352	25983.31615	26038.64516	25162.68734	25728.21622	0.980508618	12654	10773	12654	10773	1448362.00	1253679.00	1157406.00	1.29E+06	1	TRUE	211913.1916	35.196	8	37.9525	-119.306	-0.350000024	13.76666641	43.56540298	630.5444946	17.89999962	-13.69999981	31.59999847	-5.183333397	7.133333206	8.449999809	-6.733333111	804	132	21	62.85953522	360	71	81	339	2970
Ca2	AJS5024	AJS5024	Rana muscosa	8/10/22	California	Unicorn	Unicorn	N/A	Adult	Male	46	12	242.00	20.00	242000.00	2000	0.008264463	303	273	10	100	4	1212000	1070697	0.883413366	0.116586634	23994.20917	25179.86212	26481.68371	25218.585	22128.30872	22851.48768	25808.8409	23596.21243	0.935667581	8900	2935	8900	2935	1396921.00	1101434.00	1197555.00	1.23E+06	1	TRUE	213476.3186	250.602	13	37.8496	-119.3789	1.100000024	14.14999962	44.92063522	612.6655884	19.20000076	-12.30000019	31.5	-3.583333254	8.566666603	9.600000381	-5.083333492	770	136	18	68.74092865	365	60	70	334	3298
Ca4	AJS5026	AJS5026	Rana muscosa	8/10/22	California	Unicorn	Unicorn	N/A	Adult	Female	49	13	256.00	50.00	256000.00	5000	0.01953125	303	269	10	100	4	1212000	1078216	0.889617162	0.110382838	27680.47814	27278.54581	27156.73059	27371.91818	26877.39674	26160.13877	25835.83838	26291.12463	0.960514512	16816	12843	16816	12843	1125273.00	1467355.00	1236609.00	1.28E+06	1	TRUE	293849.7595	234.954	21	37.8496	-119.3789	1.100000024	14.14999962	44.92063522	612.6655884	19.20000076	-12.30000019	31.5	-3.583333254	8.566666603	9.600000381	-5.083333492	770	136	18	68.74092865	365	60	70	334	3298
C5	AJS5027	AJS5027	Rana muscosa	8/10/22	California	Unicorn	Unicorn	N/A	Adult	Female	46	14	367.00	10.00	367000.00	1000	0.002724796	306	287	10	100	4	1224000	1057348	0.863846405	0.136153595	25814.00015	26537.58208	25143.51846	25831.70023	24191.78691	25625.12269	23401.34038	24406.08333	0.944811341	11154	5913	11154	5913	1544704.00	1212281.00	1523509.00	1.43E+06	1	TRUE	1824.480077	93.09	13	37.8496	-119.3789	1.100000024	14.14999962	44.92063522	612.6655884	19.20000076	-12.30000019	31.5	-3.583333254	8.566666603	9.600000381	-5.083333492	770	136	18	68.74092865	365	60	70	334	3298
Ca164	AJS5186	AJS5186	Rana muscosa	8/9/22	California	Mulkey Meadows	Mulkey Meadows	N/A	Adult	Male	54	18	226.00	40.00	226000.00	4000	0.017699115	307	297	10	100	4	1228000	1095097	0.891772801	0.108227199	25627.43737	26443.58042	26386.64385	26152.55388	23863.86198	24453.89013	23658.29085	23992.01432	0.917387053	12333	4390	12333	4390	1125419.00	1462153.00	1360725.00	1.32E+06	1	TRUE	628670.0697	78.732	23	36.4053	-118.195	3.229166508	14.1916666	42.49002075	712.854248	22.39999962	-11	33.40000153	-4.716666698	12.01666641	12.51666641	-4.716666698	593	106	11	67.72621155	281	45	60	281	2993
Ca163	AJS5185	AJS5185	Rana muscosa	8/9/22	California	Mulkey Meadows	Mulkey Meadows	N/A	Adult	Female	59	23	369.00	20.00	369000.00	2000	0.005420054	308	300	10	100	4	1232000	1125423	0.913492695	0.086507305	26158.19083	26193.4966	25959.91887	26103.86877	24193.36611	25053.84827	24009.86307	24419.02582	0.935456198	12154	5960	12154	5960	1298929.00	1226770.00	1365159.00	1.30E+06	1	TRUE	1922984.941	80.46	24	36.4053	-118.195	3.229166508	14.1916666	42.49002075	712.854248	22.39999962	-11	33.40000153	-4.716666698	12.01666641	12.51666641	-4.716666698	593	106	11	67.72621155	281	45	60	281	2993
Ca92	AJS5058	AJS5058	Rana muscosa	7/29/22	California	Humphreys Basin	Trapdoor	N/A	Adult	Female	51	15	373.00	30.00	373000.00	3000	0.008042895	309	293	10	100	4	1236000	1175737	0.951243528	0.048756472	27045.87108	26225.57924	26330.48645	26533.97893	26680.82461	23956.12798	25929.44162	25522.1314	0.961865971	13736	10016	13736	10016	1466600.00	1532003.00	1615828.00	1.54E+06	1	TRUE	1131.717961	138.246	24	37.3377	-118.8475	-0.14166671	13.11666679	42.58657837	638.8122559	17.5	-13.30000019	30.79999924	-6.566666603	7.549999714	8.716666222	-6.650000095	689	116	17	62.69108963	310	61	74	290	3176
Ca74	AJS5048	AJS5048	Rana muscosa	7/29/22	California	Humphreys Basin	Ameletus Lake	N/A	Adult	Female	52	14	273.00	10.00	273000.00	1000	0.003663004	310	280	10	100	4	1240000	1137464	0.917309677	0.082690323	25254.57362	25576.4753	25697.05781	25509.36891	22790.47786	23784.37238	23056.21352	23210.35458	0.909875688	9969	1517	9969	1517	1647828.00	1364807.00	1498705.00	1.50E+06	1	TRUE	1764337.172	78.444	18	37.954	-119.294	0.158333346	14.28333378	44.22084427	639.338562	18.70000076	-13.60000038	32.30000305	-5.016666412	7.800000191	9.016666412	-6.416666508	744	125	20	64.15598297	339	66	74	334	3066
Ca91	AJS5057	AJS5057	Rana muscosa	7/29/22	California	Humphreys Basin	Trapdoor	N/A	Adult	Male	57	19	352.00	20.00	352000.00	2000	0.005681818	310	272	10	100	4	1240000	1095858	0.883756452	0.116243548	25918.37445	26718.0539	26356.07753	26330.83529	24961.64295	24186.29389	25974.21805	25040.7183	0.951003567	12989	8246	12989	8246	1355286.00	1271409.00	1657583.00	1.43E+06	1	TRUE	3993.374509	154.5	18	37.3377	-118.8475	-0.14166671	13.11666679	42.58657837	638.8122559	17.5	-13.30000019	30.79999924	-6.566666603	7.549999714	8.716666222	-6.650000095	689	116	17	62.69108963	310	61	74	290	3176
Ca94	AJS5060	AJS5060	Rana muscosa	7/29/22	California	Humphreys Basin	Trapdoor	N/A	Adult	Female	58	22	490.00	20.00	490000.00	2000	0.004081633	311	289	10	100	4	1244000	1107815	0.890526527	0.109473473	25763.58302	26442.56439	26568.42287	26258.19009	25347.09012	26158.2632	25034.29997	25513.21776	0.971628953	12722	9983	12722	9983	1375682.00	1250003.00	2005842.00	1.54E+06	1	TRUE	121.2541985	136.416	23	37.3377	-118.8475	-0.14166671	13.11666679	42.58657837	638.8122559	17.5	-13.30000019	30.79999924	-6.566666603	7.549999714	8.716666222	-6.650000095	689	116	17	62.69108963	310	61	74	290	3176
Ca3	AJS5025	AJS5025	Rana muscosa	8/10/22	California	Unicorn	Unicorn	N/A	Adult	Female	49	14	268.00	40.00	268000.00	4000	0.014925373	316	273	10	100	4	1264000	1109004	0.877376582	0.122623418	25560.12252	25780.31834	24482.5009	25274.31392	23211.74298	25334.32133	22522.8375	23689.63394	0.937300771	9105	3279	9105	3279	1848778.00	1282903.00	1095659.00	1.41E+06	1	TRUE	16198.30524	154.05	22	37.8496	-119.3789	1.100000024	14.14999962	44.92063522	612.6655884	19.20000076	-12.30000019	31.5	-3.583333254	8.566666603	9.600000381	-5.083333492	770	136	18	68.74092865	365	60	70	334	3298
Ca165	AJS5187	AJS5187	Rana muscosa	8/9/22	California	Mulkey Meadows	Mulkey Meadows	N/A	Adult	Female	54	22	633.00	10.00	633000.00	1000	0.001579779	317	249	10	100	4	1268000	1195206	0.942591483	0.057408517	26050.31624	26286.119	25792.66855	26043.03459	24681.30208	24764.04224	25004.74262	24816.69565	0.952911058	11931	7422	11931	7422	1632248.00	1866550.00	1624160.00	1.71E+06	1	TRUE	1064752.177	112.95	23	36.4053	-118.195	3.229166508	14.1916666	42.49002075	712.854248	22.39999962	-11	33.40000153	-4.716666698	12.01666641	12.51666641	-4.716666698	593	106	11	67.72621155	281	45	60	281	2993
Ca93	AJS5059	AJS5059	Rana muscosa	7/29/22	California	Humphreys Basin	Trapdoor	N/A	Adult	Female	60	22	305.00	30.00	305000.00	3000	0.009836066	320	302	10	100	4	1280000	1143172	0.893103125	0.106896875	25464.64184	25383.34579	25892.24463	25580.07742	23080.27523	24688.01378	23808.6711	23858.9867	0.932717533	10229	3901	10229	3901	2164468.00	1976312.00	2011851.00	2.05E+06	1	TRUE	10181.9107	846.63	23	37.3377	-118.8475	-0.14166671	13.11666679	42.58657837	638.8122559	17.5	-13.30000019	30.79999924	-6.566666603	7.549999714	8.716666222	-6.650000095	689	116	17	62.69108963	310	61	74	290	3176
Ca132	AJS5102	AJS5102	Rana muscosa	7/17/22	California	Conness Pond	Conness Pond	N/A	Adult	Male	49	12	424.00	10.00	424000.00	1000	0.002358491	320	295	10	100	4	1280000	1222650	0.955195313	0.044804688	25456.32982	26486.47833	27267.54681	26403.45166	23074.29398	25644.28272	24901.7717	24540.11613	0.929428336	13256	6405	13256	6405	1331934.00	1994983.00	1791338.00	1.71E+06	1	TRUE	16628.98393	177.81	24	37.9525	-119.306	-0.350000024	13.76666641	43.56540298	630.5444946	17.89999962	-13.69999981	31.59999847	-5.183333397	7.133333206	8.449999809	-6.733333111	804	132	21	62.85953522	360	71	81	339	2970
N/A	N/A	SN_16S0098	Rana muscosa	9/7/23	California	50783	N/A	day	Adult	N/A	N/A	N/A	445.00	498.00	445000.00	49800	0.111910112	323	296	10	100	4	1292000	1202432	0.930674923	0.069325077	26601.6156	26398.24589	26067.92855	26355.93001	25444.96996	23589.8959	25294.96948	24776.61178	0.94007731	13081	7275	13081	7275	2039746.00	1579377.00	1302755.00	1.64E+06	1	TRUE	62460.93588	NA	12	37.4988	-118.9142	1.070833325	14.00833321	43.10256577	657.918396	19.5	-13	32.5	-6.033333302	9.100000381	10.0666666	-6.033333302	576	97	15	62.93828964	257	51	61	257	2871
N/A	N/A	SN_16S0095	Rana muscosa	9/7/23	California	50783	N/A	day	Adult	N/A	N/A	N/A	405.00	541.00	405000.00	54100	0.133580247	324	386	10	100	4	1296000	1141797	0.881016204	0.118983796	25232.89614	25891.13405	24893.5081	25339.17943	23777.12312	23827.943	24468.39682	24024.48765	0.948116245	9343	4510	9343	4510	1544817.00	1214449.00	1285079.00	1.35E+06	1	TRUE	352879.6895	50.664	14	37.4988	-118.9142	1.070833325	14.00833321	43.10256577	657.918396	19.5	-13	32.5	-6.033333302	9.100000381	10.0666666	-6.033333302	576	97	15	62.93828964	257	51	61	257	2871
N/A	N/A	SN_16S0100	Rana muscosa	9/7/23	California	50783	N/A	day	Adult	N/A	N/A	N/A	554.00	621.00	554000.00	62100	0.112093863	324	310	10	100	4	1296000	1195321	0.922315586	0.077684414	26667.85114	27173.70601	26609.45467	26817.00394	26073.69286	25163.22244	26093.52662	25776.81397	0.961211552	14776	10952	14776	10952	1292445.00	1349156.00	1646598.00	1.43E+06	1	TRUE	136.8505341	NA	14	37.4988	-118.9142	1.070833325	14.00833321	43.10256577	657.918396	19.5	-13	32.5	-6.033333302	9.100000381	10.0666666	-6.033333302	576	97	15	62.93828964	257	51	61	257	2871
N/A	N/A	SN_16S0096	Rana muscosa	9/7/23	California	50783	N/A	day	Adult	N/A	N/A	N/A	428.00	153.00	428000.00	15300	0.035747664	365	227	10	100	4	1460000	1264080	0.865808219	0.134191781	27072.00166	27210.91053	26543.69883	26942.20368	26304.77962	26767.25792	24888.53195	25986.8565	0.964540867	15237	11724	15237	11724	1646068.00	1714094.00	1368402.00	1.58E+06	1	TRUE	33234.71013	NA	16	37.4988	-118.9142	1.070833325	14.00833321	43.10256577	657.918396	19.5	-13	32.5	-6.033333302	9.100000381	10.0666666	-6.033333302	576	97	15	62.93828964	257	51	61	257	2871
N/A	N/A	SN_16S0097	Rana muscosa	9/7/23	California	50783	N/A	day	Adult	N/A	N/A	N/A	921.00	19.00	921000.00	1900	0.002062975	393	247	10	100	4	1572000	1483483	0.943691476	0.056308524	26986.51493	27354.47511	27003.17613	27114.72206	25203.07036	25860.37981	24643.17684	25235.54234	0.930695225	15871	8962	15871	8962	1762438.00	1973250.00	1551164.00	1.76E+06	1	TRUE	2364.327839	97.518	NA	37.4988	-118.9142	1.070833325	14.00833321	43.10256577	657.918396	19.5	-13	32.5	-6.033333302	9.100000381	10.0666666	-6.033333302	576	97	15	62.93828964	257	51	61	257	2871
N/A	N/A	SN_16S0093	Rana muscosa	9/7/23	California	50783	N/A	day	Adult	N/A	N/A	N/A	451.00	413.00	451000.00	41300	0.091574279	395	245	10	100	4	1580000	1437119	0.909568987	0.090431013	26756.80569	27839.73289	26666.35915	27087.63258	24822.13995	25627.9338	25440.97606	25297.0166	0.933895442	15771	9188	15771	9188	1659923.00	1440232.00	1612441.00	1.57E+06	1	TRUE	165.1149922	437.868	NA	37.4988	-118.9142	1.070833325	14.00833321	43.10256577	657.918396	19.5	-13	32.5	-6.033333302	9.100000381	10.0666666	-6.033333302	576	97	15	62.93828964	257	51	61	257	2871
N/A	N/A	SN_16S0094	Rana muscosa	9/7/23	California	50783	N/A	day	Adult	N/A	N/A	N/A	529.00	350.00	529000.00	35000	0.066162571	417	295	10	100	4	1668000	1441204	0.864031175	0.135968825	24718.12592	24573.5251	25269.39199	24853.681	23142.78979	22845.96086	24963.58462	23650.77843	0.951600627	7558	3136	7558	3136	1905643.00	1729811.00	1194605.00	1.61E+06	1	TRUE	81193.14994	NA	NA	37.4988	-118.9142	1.070833325	14.00833321	43.10256577	657.918396	19.5	-13	32.5	-6.033333302	9.100000381	10.0666666	-6.033333302	576	97	15	62.93828964	257	51	61	257	2871
N/A	N/A	SN_16S0091	Rana muscosa	9/7/23	California	50783	N/A	day	Adult	N/A	N/A	N/A	390.00	636.00	390000.00	63600	0.163076923	417	249	10	100	4	1668000	1562639	0.936833933	0.063166067	25178.50791	24944.43348	25929.77202	25350.90447	23167.69656	23316.0672	24642.34093	23708.70157	0.935221132	9386	3349	9386	3349	1500337.00	1608837.00	1587963.00	1.57E+06	1	TRUE	246870.8381	NA	NA	37.4988	-118.9142	1.070833325	14.00833321	43.10256577	657.918396	19.5	-13	32.5	-6.033333302	9.100000381	10.0666666	-6.033333302	576	97	15	62.93828964	257	51	61	257	2871
N/A	N/A	SN_16S0058	Rana sierrae	9/15/23	California	70459	N/A	day	Adult	N/A	N/A	N/A	116.00	473.00	116000.00	47300	0.407758621	278	337	10	100	4	1112000	979524	0.880866906	0.119133094	26528.43029	25772.00197	25270.43198	25856.95474	26015.03118	23474.45509	23971.19009	24486.89212	0.947013767	11247	6210	11247	6210	1107477.00	956541.00	851894.00	9.72E+05	1	TRUE	6444.062066	NA	3.5	37.8496	-119.3789	1.100000024	14.14999962	44.92063522	612.6655884	19.20000076	-12.30000019	31.5	-3.583333254	8.566666603	9.600000381	-5.083333492	770	136	18	68.74092865	365	60	70	334	3298
N/A	N/A	SN_16S0032	Rana sierrae	9/14/23	California	72808	N/A	day	Adult	N/A	N/A	N/A	149.00	64.00	149000.00	6400	0.04295302	284	374	10	100	4	1136000	1081563	0.952080106	0.047919894	25923.0917	25269.2671	24177.54107	25123.29996	24698.76495	23451.45489	22102.94287	23417.7209	0.932111663	8549	2279	8549	2279	1128211.00	1056553.00	1082010.00	1.09E+06	1	TRUE	58220.40485	110.718	8	37.954	-119.294	0.158333346	14.28333378	44.22084427	639.338562	18.70000076	-13.60000038	32.30000305	-5.016666412	7.800000191	9.016666412	-6.416666508	744	125	20	64.15598297	339	66	74	334	3066
N/A	N/A	SN_16S0041	Rana sierrae	9/10/23	California	54188	N/A	day	Adult	N/A	N/A	N/A	92.00	85.00	92000.00	8500	0.092391304	285	234	10	100	4	1140000	995044	0.872845614	0.127154386	26912.19407	27031.08928	27014.86738	26986.05024	24853.15722	26430.92968	25971.96553	25752.01748	0.954271457	15398	10861	15398	10861	1128600.00	983726.00	1230640.00	1.11E+06	1	TRUE	674.1746709	151.65	8	37.3377	-118.8475	-0.14166671	13.11666679	42.58657837	638.8122559	17.5	-13.30000019	30.79999924	-6.566666603	7.549999714	8.716666222	-6.650000095	689	116	17	62.69108963	310	61	74	290	3395
N/A	N/A	SN_16S0065	Rana sierrae	9/15/23	California	70459	N/A	day	Adult	N/A	N/A	N/A	91.00	548.00	91000.00	54800	0.602197802	286	325	10	100	4	1144000	1056716	0.923702797	0.076297203	28466.23776	26980.69021	28029.80991	27825.57929	27595.24259	26187.25664	27200.01124	26994.17015	0.970120689	18484	15428	18484	15428	1141852.00	1319566.00	1048821.00	1.17E+06	1	TRUE	309.484126	41.688	9	37.8496	-119.3789	1.100000024	14.14999962	44.92063522	612.6655884	19.20000076	-12.30000019	31.5	-3.583333254	8.566666603	9.600000381	-5.083333492	770	136	18	68.74092865	365	60	70	334	3298
N/A	N/A	SN_16S0064	Rana sierrae	9/15/23	California	70459	N/A	day	Adult	N/A	N/A	N/A	127.00	9.00	127000.00	900	0.007086614	293	331	10	100	4	1172000	1026962	0.87624744	0.12375256	25714.21723	25972.59787	26435.83045	26040.88185	23687.22224	24920.58062	24840.9447	24482.91585	0.940172303	11923	6195	11923	6195	1028263.00	1151006.00	1092612.00	1.09E+06	1	TRUE	381.3967013	NA	10	37.8496	-119.3789	1.100000024	14.14999962	44.92063522	612.6655884	19.20000076	-12.30000019	31.5	-3.583333254	8.566666603	9.600000381	-5.083333492	770	136	18	68.74092865	365	60	70	334	3298
N/A	N/A	SN_16S0063	Rana sierrae	9/15/23	California	70459	N/A	day	Adult	N/A	N/A	N/A	175.00	260.00	175000.00	26000	0.148571429	294	385	10	100	4	1176000	1079530	0.917967687	0.082032313	28212.71925	27695.25456	27522.2689	27810.0809	25810.37557	25607.30856	25277.20613	25564.96342	0.919269653	18427	10173	18427	10173	1223724.00	987754.00	1281103.00	1.16E+06	1	TRUE	675.1437151	90.936	11	37.8496	-119.3789	1.100000024	14.14999962	44.92063522	612.6655884	19.20000076	-12.30000019	31.5	-3.583333254	8.566666603	9.600000381	-5.083333492	770	136	18	68.74092865	365	60	70	334	3298
N/A	N/A	SN_16S0062	Rana sierrae	9/15/23	California	70459	N/A	day	Adult	N/A	N/A	N/A	216.00	217.00	216000.00	21700	0.100462963	299	370	10	100	4	1196000	1131769	0.946295151	0.053704849	26799.75369	27106.79836	27423.8841	27110.14538	26201.49109	26461.69582	25278.2032	25980.46337	0.958329917	15854	11701	15854	11701	940155.00	1321065.00	1088587.00	1.12E+06	1	TRUE	91.14862141	NA	11	37.8496	-119.3789	1.100000024	14.14999962	44.92063522	612.6655884	19.20000076	-12.30000019	31.5	-3.583333254	8.566666603	9.600000381	-5.083333492	770	136	18	68.74092865	365	60	70	334	3298
N/A	N/A	SN_16S0069	Rana sierrae	8/31/23	California	70481	N/A	day	Adult	N/A	N/A	N/A	216.00	198.00	216000.00	19800	0.091666667	300	245	10	100	4	1200000	1045463	0.871219167	0.128780833	26678.76174	27235.88728	25984.28953	26632.97952	24656.7297	26753.15076	23126.36767	24845.41604	0.932881581	14100	7528	14100	7528	1053109.00	995412.00	1441797.00	1.16E+06	1	TRUE	25710.12533	NA	11	36.4053	-118.195	3.229166508	14.1916666	42.49002075	712.854248	22.39999962	-11	33.40000153	-4.716666698	12.01666641	12.51666641	-4.716666698	593	106	11	67.72621155	281	45	60	281	2993
N/A	N/A	SN_16S0061	Rana sierrae	9/15/23	California	70459	N/A	day	Adult	N/A	N/A	N/A	112.00	424.00	112000.00	42400	0.378571429	302	304	10	100	4	1208000	1089916	0.902248344	0.097751656	27234.92969	27593.78082	27770.35571	27533.02208	26475.77592	25902.45292	26135.04039	26171.08974	0.950534586	17409	12402	17409	12402	1051652.00	1183687.00	1003454.00	1.08E+06	1	TRUE	3550.552725	25.278	11.5	37.8496	-119.3789	1.100000024	14.14999962	44.92063522	612.6655884	19.20000076	-12.30000019	31.5	-3.583333254	8.566666603	9.600000381	-5.083333492	770	136	18	68.74092865	365	60	70	334	3298
N/A	N/A	SN_16S0035	Rana sierrae	8/3/23	California	70397	N/A	day	Adult	N/A	N/A	N/A	126.00	51.00	126000.00	5100	0.04047619	302	335	10	100	4	1208000	1058750	0.876448675	0.123551325	26425.81019	27483.74968	26701.17938	26870.24641	23811.32439	26126.74761	23889.14977	24609.07393	0.915848465	14972	6659	14972	6659	1106226.00	1130197.00	862431.00	1.03E+06	1	TRUE	1025.162674	NA	11.5	37.4988	-118.9142	1.070833325	14.00833321	43.10256577	657.918396	19.5	-13	32.5	-6.033333302	9.100000381	10.0666666	-6.033333302	576	97	15	62.93828964	257	51	61	257	3176
N/A	N/A	SN_16S0016	Rana sierrae	8/10/23	California	72996	N/A	day	Adult	N/A	N/A	N/A	182.00	38.00	182000.00	3800	0.020879121	302	258	10	100	4	1208000	1039754	0.86072351	0.13927649	25991.27154	26075.36213	25953.19331	26006.60899	25332.26881	25201.34154	23815.09023	24782.9002	0.952946238	11797	7298	11797	7298	1085553.00	1199800.00	1119426.00	1.13E+06	1	TRUE	592.6910235	135.876	11.9	37.3377	-118.8475	-0.14166671	13.11666679	42.58657837	638.8122559	17.5	-13.30000019	30.79999924	-6.566666603	7.549999714	8.716666222	-6.650000095	689	116	17	62.69108963	310	61	74	290	3176
N/A	N/A	SN_16S0453	Rana sierrae	9/2/24	California	70459	N/A	day	Adult	N/A	N/A	N/A	250.00	171.00	250000.00	17100	0.0684	305	298	10	100	4	1220000	1142586	0.936545902	0.063454098	25989.52888	26066.31106	25494.77653	25850.20549	23726.49428	24157.0435	23319.62305	23734.38694	0.918150804	11222	3443	11222	3443	1232559.00	1304102.00	1072363.00	1.20E+06	1	TRUE	2500.340613	109.278	12	37.8496	-119.3789	1.100000024	14.14999962	44.92063522	612.6655884	19.20000076	-12.30000019	31.5	-3.583333254	8.566666603	9.600000381	-5.083333492	770	136	18	68.74092865	365	60	70	334	3298
N/A	N/A	SN_16S0451	Rana sierrae	9/2/24	California	70459	N/A	day	Adult	N/A	N/A	N/A	224.00	121.00	224000.00	12100	0.054017857	306	350	10	100	4	1224000	1110029	0.906886438	0.093113562	26560.98284	26539.62758	26205.93543	26435.51528	25342.22586	23978.99484	23590.30107	24303.84059	0.919363225	13374	5537	13374	5537	1713036.00	945144.00	1392456.00	1.35E+06	1	TRUE	1403.985824	NA	12	37.8496	-119.3789	1.100000024	14.14999962	44.92063522	612.6655884	19.20000076	-12.30000019	31.5	-3.583333254	8.566666603	9.600000381	-5.083333492	770	136	18	68.74092865	365	60	70	334	3298
N/A	N/A	SN_16S0084	Rana sierrae	9/14/23	California	72808	N/A	day	Adult	N/A	N/A	N/A	246.00	225.00	246000.00	22500	0.091463415	307	256	10	100	4	1228000	1137318	0.926154723	0.073845277	24978.35858	24164.70454	25789.95236	24977.67182	23586.37571	22834.50893	23650.40059	23357.09508	0.935118983	8014	2056	8014	2056	1228590.00	1148380.00	1308148.00	1.23E+06	1	TRUE	709.7748677	454.92	13	37.954	-119.294	0.158333346	14.28333378	44.22084427	639.338562	18.70000076	-13.60000038	32.30000305	-5.016666412	7.800000191	9.016666412	-6.416666508	744	125	20	64.15598297	339	66	74	334	3066
N/A	N/A	SN_16S0018	Rana sierrae	8/10/23	California	72996	N/A	day	Adult	N/A	N/A	N/A	232.00	344.00	232000.00	34400	0.148275862	307	265	10	100	4	1228000	1124742	0.915913681	0.084086319	26826.74466	25801.98214	27090.93199	26573.2196	24362.97031	23768.31154	26248.22107	24793.16764	0.933013312	13880	7336	13880	7336	1478295.00	1297141.00	1200598.00	1.33E+06	1	TRUE	10506.54919	62.904	13.3	37.3377	-118.8475	-0.14166671	13.11666679	42.58657837	638.8122559	17.5	-13.30000019	30.79999924	-6.566666603	7.549999714	8.716666222	-6.650000095	689	116	17	62.69108963	310	61	74	290	3176
N/A	N/A	SN_16S0014	Rana sierrae	8/10/23	California	72996	N/A	day	Adult	N/A	N/A	N/A	171.00	110.00	171000.00	11000	0.064327485	308	250	10	100	4	1232000	1134913	0.921195617	0.078804383	26962.38527	26647.12143	26903.45423	26837.65364	26445.92229	25064.66044	26343.51841	25951.36705	0.966976003	14852	11594	14852	11594	1110480.00	1061949.00	1199337.00	1.12E+06	1	TRUE	37891.07892	458.7	13.5	37.3377	-118.8475	-0.14166671	13.11666679	42.58657837	638.8122559	17.5	-13.30000019	30.79999924	-6.566666603	7.549999714	8.716666222	-6.650000095	689	116	17	62.69108963	310	61	74	290	3176
N/A	N/A	SN_16S0083	Rana sierrae	9/14/23	California	72808	N/A	day	Adult	N/A	N/A	N/A	285.00	477.00	285000.00	47700	0.167368421	310	359	10	100	4	1240000	1086278	0.876030645	0.123969355	25754.22486	25669.38041	26986.90419	26136.83648	23953.62187	23116.98326	26473.99957	24514.86824	0.937943207	12276	6313	12276	6313	1615294.00	1038263.00	1014823.00	1.22E+06	1	TRUE	10126.71733	56.154	14	37.954	-119.294	0.158333346	14.28333378	44.22084427	639.338562	18.70000076	-13.60000038	32.30000305	-5.016666412	7.800000191	9.016666412	-6.416666508	744	125	20	64.15598297	339	66	74	334	3066
N/A	N/A	SN_16S0422	Rana sierrae	8/29/24	California	72808	N/A	day	Adult	N/A	N/A	N/A	296.00	81.00	296000.00	8100	0.027364865	312	284	10	100	4	1248000	1183520	0.948333333	0.051666667	26332.48291	26136.28835	26490.44111	26319.73746	23839.72211	24880.66958	23813.02448	24177.80539	0.91861879	12948	5073	12948	5073	1534815.00	1167373.00	1433746.00	1.38E+06	1	TRUE	752.0620583	1214.51	14	37.954	-119.294	0.158333346	14.28333378	44.22084427	639.338562	18.70000076	-13.60000038	32.30000305	-5.016666412	7.800000191	9.016666412	-6.416666508	744	125	20	64.15598297	339	66	74	334	3066
N/A	N/A	SN_16S0416	Rana sierrae	8/29/24	California	72808	N/A	day	Adult	N/A	N/A	N/A	209.00	374.00	209000.00	37400	0.178947368	314	287	10	100	4	1256000	1154741	0.919379777	0.080620223	26126.64368	25643.50416	26099.79542	25956.64775	24574.4302	23212.5637	24517.66247	24101.55212	0.928531001	11613	4793	11613	4793	1375788.00	1200149.00	1216163.00	1.26E+06	1	TRUE	547.2362985	NA	14	37.954	-119.294	0.158333346	14.28333378	44.22084427	639.338562	18.70000076	-13.60000038	32.30000305	-5.016666412	7.800000191	9.016666412	-6.416666508	744	125	20	64.15598297	339	66	74	334	3066
N/A	N/A	SN_16S0220	Rana sierrae	6/28/24	California	54188	N/A	day	Adult	N/A	N/A	N/A	267.00	26.00	267000.00	2600	0.009737828	315	321	10	100	4	1260000	1128007	0.895243651	0.104756349	26434.01633	26698.06364	26351.14743	26494.40913	25831.6483	24988.85474	25307.26541	25375.92282	0.957784063	13590	9478	13590	9478	1053227.00	966355.00	1242595.00	1.09E+06	1	TRUE	114.0857082	83.556	15	37.3377	-118.8475	-0.14166671	13.11666679	42.58657837	638.8122559	17.5	-13.30000019	30.79999924	-6.566666603	7.549999714	8.716666222	-6.650000095	689	116	17	62.69108963	310	61	74	290	3395
N/A	N/A	SN_16S0030	Rana sierrae	9/14/23	California	72808	N/A	day	Adult	N/A	N/A	N/A	309.00	528.00	309000.00	52800	0.170873786	320	348	10	100	4	1280000	1224994	0.957026563	0.042973438	26103.78502	25420.68139	25684.57409	25736.34683	25050.891	22771.28856	24690.69936	24170.95964	0.939176014	10803	5048	10803	5048	1406955.00	1449712.00	1029861.00	1.30E+06	1	TRUE	24366.29675	19.692	16	37.954	-119.294	0.158333346	14.28333378	44.22084427	639.338562	18.70000076	-13.60000038	32.30000305	-5.016666412	7.800000191	9.016666412	-6.416666508	744	125	20	64.15598297	339	66	74	334	3066
N/A	N/A	SN_16S0216	Rana sierrae	6/28/24	California	54188	N/A	day	Adult	N/A	N/A	N/A	238.00	325.00	238000.00	32500	0.136554622	320	283	10	100	4	1280000	1219732	0.952915625	0.047084375	25633.18931	26238.80166	26169.84017	26013.94372	25178.19862	25176.22263	25035.07773	25129.83299	0.966013968	11824	8573	11824	8573	1621097.00	1414178.00	1137550.00	1.39E+06	1	TRUE	1172.274881	23.142	16	37.3377	-118.8475	-0.14166671	13.11666679	42.58657837	638.8122559	17.5	-13.30000019	30.79999924	-6.566666603	7.549999714	8.716666222	-6.650000095	689	116	17	62.69108963	310	61	74	290	3395
N/A	N/A	SN_16S0082	Rana sierrae	9/14/23	California	72808	N/A	day	Adult	N/A	N/A	N/A	252.00	314.00	252000.00	31400	0.124603175	322	244	10	100	4	1288000	1234343	0.958340839	0.041659161	26387.93122	26837.21044	26475.45996	26566.86721	25351.51523	26525.03712	26120.81457	25999.12231	0.978629588	13857	11769	13857	11769	1162101.00	1195635.00	1061082.00	1.14E+06	1	TRUE	12231.19612	34.608	16	37.954	-119.294	0.158333346	14.28333378	44.22084427	639.338562	18.70000076	-13.60000038	32.30000305	-5.016666412	7.800000191	9.016666412	-6.416666508	744	125	20	64.15598297	339	66	74	334	3066
N/A	N/A	SN_16S0413	Rana sierrae	8/29/24	California	72808	N/A	day	Adult	N/A	N/A	N/A	181.00	149.00	181000.00	14900	0.082320442	329	288	10	100	4	1316000	1208459	0.918281915	0.081718085	25276.8716	25379.39259	26346.97473	25667.74631	23568.48537	23357.35331	24234.08491	23719.97453	0.92411598	10551	3390	10551	3390	1589460.00	1142185.00	1452726.00	1.39E+06	1	TRUE	2346.754585	60.85	17	37.954	-119.294	0.158333346	14.28333378	44.22084427	639.338562	18.70000076	-13.60000038	32.30000305	-5.016666412	7.800000191	9.016666412	-6.416666508	744	125	20	64.15598297	339	66	74	334	3066
N/A	N/A	SN_16S0418	Rana sierrae	8/29/24	California	72808	N/A	day	Adult	N/A	N/A	N/A	204.00	555.00	204000.00	55500	0.272058824	330	294	10	100	4	1320000	1185604	0.898184848	0.101815152	26057.66766	26197.65814	26092.21461	26115.8468	25110.32613	23580.6321	23496.99142	24062.64988	0.921381185	12198	4650	12198	4650	1308960.00	1745552.00	874093.00	1.31E+06	1	TRUE	17745.09269	150.29	17	37.954	-119.294	0.158333346	14.28333378	44.22084427	639.338562	18.70000076	-13.60000038	32.30000305	-5.016666412	7.800000191	9.016666412	-6.416666508	744	125	20	64.15598297	339	66	74	334	3066
N/A	N/A	SN_16S0421	Rana sierrae	8/29/24	California	72808	N/A	day	Adult	N/A	N/A	N/A	363.00	373.00	363000.00	37300	0.102754821	332	264	10	100	4	1328000	1202033	0.905145331	0.094854669	26469.77996	25611.19594	26798.09085	26293.02225	26031.35309	24566.67236	25945.43955	25514.48833	0.970390094	12850	9988	12850	9988	1501649.00	1865233.00	1388887.00	1.59E+06	1	TRUE	340.3715779	415.36	17	37.954	-119.294	0.158333346	14.28333378	44.22084427	639.338562	18.70000076	-13.60000038	32.30000305	-5.016666412	7.800000191	9.016666412	-6.416666508	744	125	20	64.15598297	339	66	74	334	3066
N/A	N/A	SN_16S0414	Rana sierrae	8/29/24	California	72808	N/A	day	Adult	N/A	N/A	N/A	201.00	628.00	201000.00	62800	0.312437811	333	359	10	100	4	1332000	1238246	0.929614114	0.070385886	26394.651	25695.16063	25788.11753	25959.30972	25934.24517	23028.75273	24612.56418	24525.18736	0.944754989	11623	6350	11623	6350	1236938.00	1690067.00	1640779.00	1.52E+06	1	TRUE	3722.750902	467.22	17	37.954	-119.294	0.158333346	14.28333378	44.22084427	639.338562	18.70000076	-13.60000038	32.30000305	-5.016666412	7.800000191	9.016666412	-6.416666508	744	125	20	64.15598297	339	66	74	334	3066
N/A	N/A	SN_16S0411	Rana sierrae	8/29/24	California	72808	N/A	day	Adult	N/A	N/A	N/A	257.00	569.00	257000.00	56900	0.221400778	336	343	10	100	4	1344000	1193617	0.888107887	0.111892113	25748.24687	25948.07796	25650.66054	25782.32846	25075.95522	24690.16558	24112.64987	24626.25689	0.955160312	10972	6722	10972	6722	1052628.00	1275189.00	1624656.00	1.32E+06	1	TRUE	32298.43231	555.31	18	37.954	-119.294	0.158333346	14.28333378	44.22084427	639.338562	18.70000076	-13.60000038	32.30000305	-5.016666412	7.800000191	9.016666412	-6.416666508	744	125	20	64.15598297	339	66	74	334	3066
N/A	N/A	SN_16S0022	Rana sierrae	8/10/23	California	72996	N/A	day	Adult	N/A	N/A	N/A	210.00	327.00	210000.00	32700	0.155714286	340	344	10	100	4	1360000	1281823	0.942516912	0.057483088	25442.31145	27120.39195	26936.32704	26499.67681	24986.49179	25829.1788	25206.20569	25340.62543	0.956261678	13610	9348	13610	9348	1236071.00	1255301.00	1685148.00	1.39E+06	1	TRUE	1579.126766	107.82	18.8	37.3377	-118.8475	-0.14166671	13.11666679	42.58657837	638.8122559	17.5	-13.30000019	30.79999924	-6.566666603	7.549999714	8.716666222	-6.650000095	689	116	17	62.69108963	310	61	74	290	3176
N/A	N/A	SN_16S0419	Rana sierrae	8/29/24	California	72808	N/A	day	Adult	N/A	N/A	N/A	324.00	196.00	324000.00	19600	0.060493827	340	334	10	100	4	1360000	1192196	0.876614706	0.123385294	26164.95665	27155.9419	26559.60061	26626.83306	25562.89148	25600.01903	24192.82872	25118.57974	0.943355888	14077	8532	14077	8532	1860421.00	1123682.00	1668823.00	1.55E+06	1	TRUE	2269.060006	108.87	19	37.954	-119.294	0.158333346	14.28333378	44.22084427	639.338562	18.70000076	-13.60000038	32.30000305	-5.016666412	7.800000191	9.016666412	-6.416666508	744	125	20	64.15598297	339	66	74	334	3066
N/A	N/A	SN_16S0020	Rana sierrae	8/10/23	California	72996	N/A	day	Adult	N/A	N/A	N/A	316.00	124.00	316000.00	12400	0.039240506	343	252	10	100	4	1372000	1201284	0.875571429	0.124428571	26288.2809	26670.60285	26346.31201	26435.06525	24445.47951	26101.46343	23586.15385	24711.03227	0.934782344	13372	7034	13372	7034	1642754.00	1617979.00	1799883.00	1.69E+06	1	TRUE	44989.87765	58.386	22.5	37.3377	-118.8475	-0.14166671	13.11666679	42.58657837	638.8122559	17.5	-13.30000019	30.79999924	-6.566666603	7.549999714	8.716666222	-6.650000095	689	116	17	62.69108963	310	61	74	290	3176
N/A	N/A	AJS5048	Rana sierrae	8/10/22	California	52127	N/A	day	Adult	N/A	N/A	N/A	242.00	28.00	242000.00	2800	0.011570248	347	345	10	100	4	1388000	1214823	0.875232709	0.124767291	25781.08709	26422.23302	27067.68025	26423.66679	23971.68969	25454.1604	25869.53881	25098.46297	0.949847845	13330	8458	13330	8458	1169114.00	830213.00	1830317.00	1.28E+06	1	TRUE	1764337.172	78.444	NA	37.954	-119.294	0.158333346	14.28333378	44.22084427	639.338562	18.70000076	-13.60000038	32.30000305	-5.016666412	7.800000191	9.016666412	-6.416666508	744	125	20	64.15598297	339	66	74	334	3554
N/A	N/A	SN_16S0049	Rana sierrae	8/30/23	California	10223	N/A	day	Adult	N/A	N/A	N/A	264.00	539.00	264000.00	53900	0.204166667	357	289	10	100	4	1428000	1256602	0.879973389	0.120026611	24875.10181	25869.85218	25559.04878	25434.66759	23711.60447	24286.23964	23482.14501	23826.66304	0.936779022	9694	3782	9694	3782	1317132.00	1502439.00	1517276.00	1.45E+06	1	TRUE	128.9712638	NA	NA	37.954	-119.294	0.158333346	14.28333378	44.22084427	639.338562	18.70000076	-13.60000038	32.30000305	-5.016666412	7.800000191	9.016666412	-6.416666508	744	125	20	64.15598297	339	66	74	334	3495
N/A	N/A	KMMB0206	Rana sierrae	8/16/23	California	10037	N/A	day	Adult	N/A	N/A	N/A	583.00	258.00	583000.00	25800	0.044253859	357	305	10	100	4	1428000	1303314	0.912684874	0.087315126	26180.34171	27585.3655	26276.47683	26680.72801	23334.78586	24853.68661	24352.47638	24180.31628	0.906283977	14275	5083	14275	5083	1252533.00	1712268.00	1549321.00	1.50E+06	1	TRUE	159.7834926	NA	NA	37.9575	-119.3005	-0.350000024	13.76666641	43.56540298	630.5444946	17.89999962	-13.69999981	31.59999847	-5.183333397	7.133333206	8.449999809	-6.733333111	804	132	21	62.85953522	360	71	81	339	3420
N/A	N/A	AJS5010	Rana sierrae	7/17/22	California	10055	N/A	day	Adult	N/A	N/A	N/A	232.00	427.00	232000.00	42700	0.184051724	357	265	10	100	4	1428000	1304095	0.913231793	0.086768207	26387.49116	27005.15675	26785.59994	26726.08262	25235.77578	25514.3627	23994.78673	24914.97507	0.932234455	14442	7783	14442	7783	1184981.00	1788104.00	1208938.00	1.39E+06	1	TRUE	289.6065721	NA	NA	36.4053	-118.195	3.229166508	14.1916666	42.49002075	712.854248	22.39999962	-11	33.40000153	-4.716666698	12.01666641	12.51666641	-4.716666698	593	106	11	67.72621155	281	45	60	281	3371
N/A	N/A	AJS5020	Rana sierrae	7/29/22	California	10593	N/A	day	Adult	N/A	N/A	N/A	644.00	287.00	644000.00	28700	0.044565217	358	260	10	100	4	1432000	1353152	0.944938547	0.055061453	25589.59925	25682.9773	26407.82378	25893.46677	23230.33023	24024.82607	23797.44265	23684.19965	0.914678589	11381	3259	11381	3259	1624662.00	1359339.00	1221723.00	1.40E+06	1	TRUE	372.9306229	NA	NA	37.8496	-119.3789	1.100000024	14.14999962	44.92063522	612.6655884	19.20000076	-12.30000019	31.5	-3.583333254	8.566666603	9.600000381	-5.083333492	770	136	18	68.74092865	365	60	70	334	2926
N/A	N/A	AJS5014	Rana sierrae	7/29/22	California	10593	N/A	day	Adult	N/A	N/A	N/A	405.00	616.00	405000.00	61600	0.152098765	359	249	10	100	4	1436000	1276048	0.888612813	0.111387187	25813.16378	26615.42404	25915.41744	26114.66842	25454.54232	25935.01957	24401.59917	25263.72035	0.967414939	12194	9066	12194	9066	1671614.00	1572446.00	1695039.00	1.65E+06	1	TRUE	448.204515	NA	NA	37.8496	-119.3789	1.100000024	14.14999962	44.92063522	612.6655884	19.20000076	-12.30000019	31.5	-3.583333254	8.566666603	9.600000381	-5.083333492	770	136	18	68.74092865	365	60	70	334	2926
N/A	N/A	AJS5002	Rana sierrae	7/17/22	California	10055	N/A	day	Adult	N/A	N/A	N/A	316.00	363.00	316000.00	36300	0.114873418	359	241	10	100	4	1436000	1264040	0.880250696	0.119749304	26484.18832	25747.08874	25997.74859	26076.34189	23964.64878	23167.44307	23833.67696	23655.25627	0.907153939	12053	3152	12053	3152	1683679.00	1578414.00	1950119.00	1.74E+06	1	TRUE	540.7804862	NA	NA	36.4053	-118.195	3.229166508	14.1916666	42.49002075	712.854248	22.39999962	-11	33.40000153	-4.716666698	12.01666641	12.51666641	-4.716666698	593	106	11	67.72621155	281	45	60	281	3371
N/A	N/A	KMMB0235	Rana sierrae	9/11/23	California	10223	N/A	day	Adult	N/A	N/A	N/A	539.00	233.00	539000.00	23300	0.0432282	360	299	10	100	4	1440000	1242001	0.862500694	0.137499306	26305.04704	26940.50036	26911.81922	26719.12221	24502.16258	25292.39137	26199.94839	25331.50078	0.948066354	14416	9315	14416	9315	1256891.00	1561895.00	1201146.00	1.34E+06	1	TRUE	572.0604938	NA	NA	37.954	-119.294	0.158333346	14.28333378	44.22084427	639.338562	18.70000076	-13.60000038	32.30000305	-5.016666412	7.800000191	9.016666412	-6.416666508	744	125	20	64.15598297	339	66	74	334	3495
N/A	N/A	AJS5012	Rana sierrae	7/29/22	California	10593	N/A	day	Adult	N/A	N/A	N/A	456.00	542.00	456000.00	54200	0.118859649	360	273	10	100	4	1440000	1341430	0.931548611	0.068451389	25692.37331	26342.69906	25960.44207	25998.50481	23085.4958	23840.27084	23142.93813	23356.23492	0.89836839	11767	2053	11767	2053	1405740.00	1453245.00	2072691.00	1.64E+06	1	TRUE	642.3994726	NA	NA	37.8496	-119.3789	1.100000024	14.14999962	44.92063522	612.6655884	19.20000076	-12.30000019	31.5	-3.583333254	8.566666603	9.600000381	-5.083333492	770	136	18	68.74092865	365	60	70	334	2926
N/A	N/A	KMMB0116	Rana sierrae	7/27/23	California	54188	N/A	day	Adult	N/A	N/A	N/A	302.00	324.00	302000.00	32400	0.107284768	361	260	10	100	4	1444000	1383990	0.958441828	0.041558172	27113.70754	27634.45147	27588.71861	27445.62588	26834.09541	25491.88593	25599.83146	25975.27093	0.94642662	17087	11682	17087	11682	1412750.00	1613276.00	1835949.00	1.62E+06	1	TRUE	1021.410391	NA	NA	37.3377	-118.8475	-0.14166671	13.11666679	42.58657837	638.8122559	17.5	-13.30000019	30.79999924	-6.566666603	7.549999714	8.716666222	-6.650000095	689	116	17	62.69108963	310	61	74	290	3395
N/A	N/A	AJS5008	Rana sierrae	7/17/22	California	10055	N/A	day	Adult	N/A	N/A	N/A	726.00	582.00	726000.00	58200	0.080165289	361	354	10	100	4	1444000	1290823	0.893921745	0.106078255	26887.21424	25890.33591	24985.04725	25920.8658	25279.88316	24951.4412	23079.55149	24436.95862	0.942752407	11482	6026	11482	6026	1224473.00	1629549.00	1568050.00	1.47E+06	1	TRUE	1156.551372	NA	NA	36.4053	-118.195	3.229166508	14.1916666	42.49002075	712.854248	22.39999962	-11	33.40000153	-4.716666698	12.01666641	12.51666641	-4.716666698	593	106	11	67.72621155	281	45	60	281	3371
N/A	N/A	SN_16S0026	Rana sierrae	8/30/23	California	10225	N/A	day	Adult	N/A	N/A	N/A	400.00	572.00	400000.00	57200	0.143	362	345	10	100	4	1448000	1287090	0.888874309	0.111125691	25490.205	26283.28365	26816.81339	26196.76734	24203.93106	24643.2544	23918.79446	24255.32664	0.925890066	12496	5358	12496	5358	2090734.00	1082608.00	1519765.00	1.56E+06	1	TRUE	1264.72753	NA	NA	37.8496	-119.3789	1.100000024	14.14999962	44.92063522	612.6655884	19.20000076	-12.30000019	31.5	-3.583333254	8.566666603	9.600000381	-5.083333492	770	136	18	68.74092865	365	60	70	334	3493
N/A	N/A	KMMB0208	Rana sierrae	8/16/23	California	10037	N/A	day	Adult	N/A	N/A	N/A	397.00	542.00	397000.00	54200	0.136523929	363	253	10	100	4	1452000	1365829	0.940653581	0.059346419	24919.48834	24772.51781	26647.96259	25446.65625	22345.49578	22978.71077	24048.10315	23124.10323	0.908728558	9738	1199	9738	1199	1492488.00	1298673.00	1300338.00	1.36E+06	1	TRUE	1295.058856	NA	NA	37.9575	-119.3005	-0.350000024	13.76666641	43.56540298	630.5444946	17.89999962	-13.69999981	31.59999847	-5.183333397	7.133333206	8.449999809	-6.733333111	804	132	21	62.85953522	360	71	81	339	3420
N/A	N/A	AJS5017	Rana sierrae	7/29/22	California	10593	N/A	day	Adult	N/A	N/A	N/A	386.00	32.00	386000.00	3200	0.008290155	365	251	10	100	4	1460000	1271693	0.871022603	0.128977397	25951.35109	25322.39763	26023.85854	25765.86909	25042.95122	23535.84241	24237.69195	24272.16186	0.942027679	10912	5420	10912	5420	1570292.00	1722340.00	2044958.00	1.78E+06	1	TRUE	1415.118528	NA	NA	37.8496	-119.3789	1.100000024	14.14999962	44.92063522	612.6655884	19.20000076	-12.30000019	31.5	-3.583333254	8.566666603	9.600000381	-5.083333492	770	136	18	68.74092865	365	60	70	334	2926
N/A	N/A	AJS5015	Rana sierrae	7/29/22	California	10593	N/A	day	Adult	N/A	N/A	N/A	311.00	410.00	311000.00	41000	0.131832797	365	327	10	100	4	1460000	1377128	0.943238356	0.056761644	24383.45413	25703.01575	25865.23859	25317.23616	22213.09652	24056.60077	24294.86835	23521.52188	0.929071473	9262	2661	9262	2661	1267573.00	1200513.00	1467090.00	1.31E+06	1	TRUE	1510.528774	NA	NA	37.8496	-119.3789	1.100000024	14.14999962	44.92063522	612.6655884	19.20000076	-12.30000019	31.5	-3.583333254	8.566666603	9.600000381	-5.083333492	770	136	18	68.74092865	365	60	70	334	2926
N/A	N/A	KMMB0121	Rana sierrae	7/27/23	California	54188	N/A	day	Adult	N/A	N/A	N/A	292.00	72.00	292000.00	7200	0.024657534	365	259	10	100	4	1460000	1384498	0.948286301	0.051713699	27365.70307	26396.62002	26946.41158	26902.91156	26813.06443	25565.17016	25071.7221	25816.65223	0.959622983	15092	11098	15092	11098	1492417.00	1629008.00	1707799.00	1.61E+06	1	TRUE	1557.06613	NA	NA	37.3377	-118.8475	-0.14166671	13.11666679	42.58657837	638.8122559	17.5	-13.30000019	30.79999924	-6.566666603	7.549999714	8.716666222	-6.650000095	689	116	17	62.69108963	310	61	74	290	3395
N/A	N/A	KMMB0125	Rana sierrae	7/27/23	California	54188	N/A	day	Adult	N/A	N/A	N/A	293.00	557.00	293000.00	55700	0.190102389	365	258	10	100	4	1460000	1382170	0.946691781	0.053308219	26592.90369	27183.30788	26607.94284	26794.71813	24213.21015	26618.12529	25093.78507	25308.3735	0.944528447	14694	9230	14694	9230	1503006.00	1848908.00	1649700.00	1.67E+06	1	TRUE	1664.376645	NA	NA	37.3377	-118.8475	-0.14166671	13.11666679	42.58657837	638.8122559	17.5	-13.30000019	30.79999924	-6.566666603	7.549999714	8.716666222	-6.650000095	689	116	17	62.69108963	310	61	74	290	3395
N/A	N/A	AJS5019	Rana sierrae	7/29/22	California	10593	N/A	day	Adult	N/A	N/A	N/A	453.00	140.00	453000.00	14000	0.030905077	366	298	10	100	4	1464000	1374509	0.938872268	0.061127732	25541.34158	25247.4843	26070.96012	25619.92867	23218.83603	24882.24078	24754.71992	24285.26558	0.947905277	10375	5468	10375	5468	1649620.00	1442740.00	1615364.00	1.57E+06	1	TRUE	2028.385592	NA	NA	37.8496	-119.3789	1.100000024	14.14999962	44.92063522	612.6655884	19.20000076	-12.30000019	31.5	-3.583333254	8.566666603	9.600000381	-5.083333492	770	136	18	68.74092865	365	60	70	334	2926
N/A	N/A	KMMB0237	Rana sierrae	9/11/23	California	10223	N/A	day	Adult	N/A	N/A	N/A	579.00	485.00	579000.00	48500	0.083765112	366	364	10	100	4	1464000	1291142	0.881927596	0.118072404	26002.98556	25456.44972	25592.879	25684.10476	23237.6972	24659.41689	22803.06022	23566.72477	0.917560686	10611	2827	10611	2827	1898383.00	1429700.00	1302763.00	1.54E+06	1	TRUE	2088.909584	NA	NA	37.954	-119.294	0.158333346	14.28333378	44.22084427	639.338562	18.70000076	-13.60000038	32.30000305	-5.016666412	7.800000191	9.016666412	-6.416666508	744	125	20	64.15598297	339	66	74	334	3495
N/A	N/A	KMMB0124	Rana sierrae	7/27/23	California	54188	N/A	day	Adult	N/A	N/A	N/A	705.00	635.00	705000.00	63500	0.090070922	367	325	10	100	4	1468000	1292386	0.880371935	0.119628065	25702.72829	26277.18568	26401.92169	26127.27855	24088.76902	24215.49581	24723.01071	24342.42518	0.931686212	12240	5679	12240	5679	1214291.00	1555913.00	1221492.00	1.33E+06	1	TRUE	3391.083834	NA	NA	37.3377	-118.8475	-0.14166671	13.11666679	42.58657837	638.8122559	17.5	-13.30000019	30.79999924	-6.566666603	7.549999714	8.716666222	-6.650000095	689	116	17	62.69108963	310	61	74	290	3395
N/A	N/A	AJS5018	Rana sierrae	7/29/22	California	10593	N/A	day	Adult	N/A	N/A	N/A	373.00	516.00	373000.00	51600	0.138337802	368	351	10	100	4	1472000	1340669	0.910780571	0.089219429	27068.84455	25202.46449	26490.53662	26253.94855	25620.23133	24164.46244	26128.93878	25304.54418	0.963837654	12706	9216	12706	9216	1805323.00	2226016.00	2006653.00	2.01E+06	1	TRUE	5603.414359	NA	NA	37.8496	-119.3789	1.100000024	14.14999962	44.92063522	612.6655884	19.20000076	-12.30000019	31.5	-3.583333254	8.566666603	9.600000381	-5.083333492	770	136	18	68.74092865	365	60	70	334	2926
N/A	N/A	KMMB0232	Rana sierrae	9/11/23	California	10223	N/A	day	Adult	N/A	N/A	N/A	474.00	81.00	474000.00	8100	0.017088608	369	280	10	100	4	1476000	1297371	0.878977642	0.121022358	27043.50139	26685.3902	27424.38224	27051.09128	24246.4154	24917.75829	25831.11416	24998.42928	0.924119069	15637	8090	15637	8090	1434296.00	1750182.00	1729484.00	1.64E+06	1	TRUE	6941.000937	NA	NA	37.954	-119.294	0.158333346	14.28333378	44.22084427	639.338562	18.70000076	-13.60000038	32.30000305	-5.016666412	7.800000191	9.016666412	-6.416666508	744	125	20	64.15598297	339	66	74	334	3495
N/A	N/A	AJS5013	Rana sierrae	7/29/22	California	10593	N/A	day	Adult	N/A	N/A	N/A	327.00	430.00	327000.00	43000	0.131498471	369	330	10	100	4	1476000	1273140	0.862560976	0.137439024	26445.52474	26454.0516	26232.91167	26377.496	25587.44049	24217.8129	25124.68204	24976.64514	0.946892197	13160	8010	13160	8010	1420113.00	1328026.00	1811114.00	1.52E+06	1	TRUE	8939.355895	NA	NA	37.8496	-119.3789	1.100000024	14.14999962	44.92063522	612.6655884	19.20000076	-12.30000019	31.5	-3.583333254	8.566666603	9.600000381	-5.083333492	770	136	18	68.74092865	365	60	70	334	2926
N/A	N/A	KMMB0118	Rana sierrae	7/27/23	California	54188	N/A	day	Adult	N/A	N/A	N/A	325.00	657.00	325000.00	65700	0.202153846	370	257	10	100	4	1480000	1338857	0.904633108	0.095366892	25721.51244	25657.96262	24796.88936	25392.12147	24058.07351	24993.09188	22842.55688	23964.57409	0.943779909	9538	4289	9538	4289	2209110.00	1331944.00	1433883.00	1.66E+06	1	TRUE	11449.36723	NA	NA	37.3377	-118.8475	-0.14166671	13.11666679	42.58657837	638.8122559	17.5	-13.30000019	30.79999924	-6.566666603	7.549999714	8.716666222	-6.650000095	689	116	17	62.69108963	310	61	74	290	3395
N/A	N/A	KMMB0120	Rana sierrae	7/27/23	California	54188	N/A	day	Adult	N/A	N/A	N/A	390.00	177.00	390000.00	17700	0.045384615	371	334	10	100	4	1484000	1293946	0.871931267	0.128068733	26480.8564	27038.98968	26740.46072	26753.4356	24956.59254	24168.60178	25868.69864	24997.96432	0.934383333	14543	8089	14543	8089	1552422.00	1332141.00	1408673.00	1.43E+06	1	TRUE	21428.95936	NA	NA	37.3377	-118.8475	-0.14166671	13.11666679	42.58657837	638.8122559	17.5	-13.30000019	30.79999924	-6.566666603	7.549999714	8.716666222	-6.650000095	689	116	17	62.69108963	310	61	74	290	3395
N/A	N/A	KMMB0123	Rana sierrae	7/27/23	California	54188	N/A	day	Adult	N/A	N/A	N/A	409.00	327.00	409000.00	32700	0.0799511	372	232	10	100	4	1488000	1341158	0.90131586	0.09868414	27273.00571	27923.48707	27076.11717	27424.20332	25475.06758	27369.93742	26190.51554	26345.17351	0.960654106	17009	13042	17009	13042	1684561.00	1156952.00	1245884.00	1.36E+06	1	TRUE	29241.0499	NA	NA	37.3377	-118.8475	-0.14166671	13.11666679	42.58657837	638.8122559	17.5	-13.30000019	30.79999924	-6.566666603	7.549999714	8.716666222	-6.650000095	689	116	17	62.69108963	310	61	74	290	3395
N/A	N/A	AJS5001	Rana sierrae	7/17/22	California	10055	N/A	day	Adult	N/A	N/A	N/A	372.00	172.00	372000.00	17200	0.046236559	372	229	10	100	4	1488000	1400905	0.941468414	0.058531586	25668.76431	25719.18737	26114.39144	25834.11437	23873.90949	24076.95929	24603.14129	24184.67002	0.936152472	11163	5099	11163	5099	1556274.00	1172659.00	1261432.00	1.33E+06	1	TRUE	38834.65252	NA	NA	36.4053	-118.195	3.229166508	14.1916666	42.49002075	712.854248	22.39999962	-11	33.40000153	-4.716666698	12.01666641	12.51666641	-4.716666698	593	106	11	67.72621155	281	45	60	281	3371
N/A	N/A	SN_16S0025	Rana sierrae	8/30/23	California	10225	N/A	day	Adult	N/A	N/A	N/A	334.00	127.00	334000.00	12700	0.038023952	372	299	10	100	4	1488000	1329183	0.893268145	0.106731855	24744.07533	25564.16985	25973.16185	25427.13568	23407.0053	24381.06385	25651.13054	24479.73323	0.962740497	9666	6183	9666	6183	1369946.00	1391833.00	1355997.00	1.37E+06	1	TRUE	42172.23308	NA	NA	37.8496	-119.3789	1.100000024	14.14999962	44.92063522	612.6655884	19.20000076	-12.30000019	31.5	-3.583333254	8.566666603	9.600000381	-5.083333492	770	136	18	68.74092865	365	60	70	334	3493
N/A	N/A	KMMB0214	Rana sierrae	8/16/23	California	10037	N/A	day	Adult	N/A	N/A	N/A	331.00	377.00	331000.00	37700	0.113897281	373	253	10	100	4	1492000	1396247	0.935822386	0.064177614	26915.27148	26069.28078	25376.95565	26120.50263	24372.42495	24920.54814	22904.09875	24065.69061	0.921333366	12216	4661	12216	4661	1435926.00	1221351.00	1143589.00	1.27E+06	1	TRUE	78040.00368	NA	NA	37.9575	-119.3005	-0.350000024	13.76666641	43.56540298	630.5444946	17.89999962	-13.69999981	31.59999847	-5.183333397	7.133333206	8.449999809	-6.733333111	804	132	21	62.85953522	360	71	81	339	3420
N/A	N/A	KMMB0200	Rana sierrae	8/16/23	California	10037	N/A	day	Adult	N/A	N/A	N/A	437.00	456.00	437000.00	45600	0.104347826	374	243	10	100	4	1496000	1408721	0.941658422	0.058341578	26657.45572	26029.91881	25752.76667	26146.71373	24210.1097	25496.61195	22963.60726	24223.44297	0.926443117	12312	5241	12312	5241	1981833.00	1550424.00	1690881.00	1.74E+06	1	TRUE	79372.42534	NA	NA	37.9575	-119.3005	-0.350000024	13.76666641	43.56540298	630.5444946	17.89999962	-13.69999981	31.59999847	-5.183333397	7.133333206	8.449999809	-6.733333111	804	132	21	62.85953522	360	71	81	339	3420
N/A	N/A	KMMB0238	Rana sierrae	9/11/23	California	10223	N/A	day	Adult	N/A	N/A	N/A	474.00	226.00	474000.00	22600	0.047679325	375	387	10	100	4	1500000	1291477	0.860984667	0.139015333	26251.39531	26471.30532	26261.19567	26327.96543	25626.04932	25244.80949	25394.99169	25421.95017	0.965587342	12978	9647	12978	9647	1222001.00	1629304.00	1398898.00	1.42E+06	1	TRUE	96154.24784	NA	NA	37.954	-119.294	0.158333346	14.28333378	44.22084427	639.338562	18.70000076	-13.60000038	32.30000305	-5.016666412	7.800000191	9.016666412	-6.416666508	744	125	20	64.15598297	339	66	74	334	3495
N/A	N/A	KMMB0117	Rana sierrae	7/27/23	California	54188	N/A	day	Adult	N/A	N/A	N/A	295.00	373.00	295000.00	37300	0.126440678	377	371	10	100	4	1508000	1367208	0.906636605	0.093363395	26345.05697	27896.3731	28085.27752	27442.23586	25939.64728	26540.42409	27262.81572	26580.96236	0.968615039	17075	13908	17075	13908	1495291.00	1680224.00	1129862.00	1.44E+06	1	TRUE	110981.3243	NA	NA	37.3377	-118.8475	-0.14166671	13.11666679	42.58657837	638.8122559	17.5	-13.30000019	30.79999924	-6.566666603	7.549999714	8.716666222	-6.650000095	689	116	17	62.69108963	310	61	74	290	3395
N/A	N/A	KMMB0250	Rana sierrae	8/16/23	California	10037	N/A	day	Adult	N/A	N/A	N/A	256.00	442.00	256000.00	44200	0.17265625	377	340	10	100	4	1508000	1340180	0.888713528	0.111286472	26334.721	25440.11716	25908.21423	25894.3508	24421.00136	22811.26785	23369.74613	23534.00511	0.90884708	11384	2706	11384	2706	1361987.00	1660758.00	1229008.00	1.42E+06	1	TRUE	131205.7827	NA	NA	37.9575	-119.3005	-0.350000024	13.76666641	43.56540298	630.5444946	17.89999962	-13.69999981	31.59999847	-5.183333397	7.133333206	8.449999809	-6.733333111	804	132	21	62.85953522	360	71	81	339	3420
N/A	N/A	KMMB0211	Rana sierrae	8/16/23	California	10037	N/A	day	Adult	N/A	N/A	N/A	246.00	46.00	246000.00	4600	0.018699187	379	271	10	100	4	1516000	1402790	0.925323219	0.074676781	25593.61934	25896.27719	25931.05024	25806.98226	23471.25483	24390.17049	23767.3189	23876.24807	0.925185588	11063	3965	11063	3965	1292210.00	1635236.00	1949494.00	1.63E+06	1	TRUE	251653.2122	NA	NA	37.9575	-119.3005	-0.350000024	13.76666641	43.56540298	630.5444946	17.89999962	-13.69999981	31.59999847	-5.183333397	7.133333206	8.449999809	-6.733333111	804	132	21	62.85953522	360	71	81	339	3420
N/A	N/A	KMMB0249	Rana sierrae	8/16/23	California	10037	N/A	day	Adult	N/A	N/A	N/A	285.00	8.00	285000.00	800	0.002807018	379	371	10	100	4	1516000	1450442	0.956755937	0.043244063	24845.1851	25253.26978	25440.9122	25179.78903	23712.24353	22854.63593	22687.06667	23084.64871	0.916792777	8757	1054	8757	1054	1177531.00	1808866.00	1086698.00	1.36E+06	1	TRUE	378160.813	NA	NA	37.9575	-119.3005	-0.350000024	13.76666641	43.56540298	630.5444946	17.89999962	-13.69999981	31.59999847	-5.183333397	7.133333206	8.449999809	-6.733333111	804	132	21	62.85953522	360	71	81	339	3420
N/A	N/A	KMMB0215	Rana sierrae	8/16/23	California	10037	N/A	day	Adult	N/A	N/A	N/A	403.00	256.00	403000.00	25600	0.063523573	380	345	10	100	4	1520000	1432508	0.942439474	0.057560526	26369.67116	25994.01327	26036.28834	26133.32426	24546.8259	25051.55813	23935.96338	24511.44914	0.93793843	12263	6300	12263	6300	1615533.00	1874708.00	1735118.00	1.74E+06	1	TRUE	396144.4963	NA	NA	37.9575	-119.3005	-0.350000024	13.76666641	43.56540298	630.5444946	17.89999962	-13.69999981	31.59999847	-5.183333397	7.133333206	8.449999809	-6.733333111	804	132	21	62.85953522	360	71	81	339	3420
N/A	N/A	KMMB0207	Rana sierrae	8/16/23	California	10037	N/A	day	Adult	N/A	N/A	N/A	625.00	393.00	625000.00	39300	0.06288	380	379	10	100	4	1520000	1372939	0.903249342	0.096750658	26145.52931	26808.84557	26308.4974	26420.95743	23335.89506	25233.0804	25448.58278	24672.51941	0.933823821	13320	6892	13320	6892	1792572.00	1640317.00	1460422.00	1.63E+06	1	TRUE	627588.9127	NA	NA	37.9575	-119.3005	-0.350000024	13.76666641	43.56540298	630.5444946	17.89999962	-13.69999981	31.59999847	-5.183333397	7.133333206	8.449999809	-6.733333111	804	132	21	62.85953522	360	71	81	339	3420
N/A	N/A	AJS5023	Rana sierrae	8/4/22	California	72808	N/A	day	Adult	N/A	N/A	N/A	457.00	128.00	457000.00	12800	0.028008753	381	354	10	100	4	1524000	1461780	0.959173228	0.040826772	26884.83204	28017.06099	27664.32764	27522.07356	24347.31416	26840.98259	26054.15457	25747.48377	0.935521218	17368	10844	17368	10844	1569646.00	1734589.00	1363369.00	1.56E+06	1	TRUE	423.5385652	52.266	NA	37.954	-119.294	0.158333346	14.28333378	44.22084427	639.338562	18.70000076	-13.60000038	32.30000305	-5.016666412	7.800000191	9.016666412	-6.416666508	744	125	20	64.15598297	339	66	74	334	3066
N/A	N/A	AJS5027	Rana sierrae	8/4/22	California	72808	N/A	day	Adult	N/A	N/A	N/A	633.00	83.00	633000.00	8300	0.013112164	382	225	10	100	4	1528000	1456739	0.95336322	0.04663678	25562.22199	25543.99752	25932.03177	25679.41709	24580.56168	22840.60704	23982.19088	23801.11986	0.926855924	10594	3688	10594	3688	1780988.00	1656728.00	2040248.00	1.83E+06	1	TRUE	1824.480077	93.09	NA	37.954	-119.294	0.158333346	14.28333378	44.22084427	639.338562	18.70000076	-13.60000038	32.30000305	-5.016666412	7.800000191	9.016666412	-6.416666508	744	125	20	64.15598297	339	66	74	334	3066
N/A	N/A	AJS5025	Rana sierrae	8/4/22	California	72808	N/A	day	Adult	N/A	N/A	N/A	389.00	287.00	389000.00	28700	0.07377892	383	373	10	100	4	1532000	1322928	0.863530026	0.136469974	26506.5684	26373.62213	26430.63034	26436.94029	25337.42713	23696.15096	24505.79139	24513.12316	0.927229963	13379	6306	13379	6306	1852564.00	1646269.00	1752733.00	1.75E+06	1	TRUE	16198.30524	154.05	NA	37.954	-119.294	0.158333346	14.28333378	44.22084427	639.338562	18.70000076	-13.60000038	32.30000305	-5.016666412	7.800000191	9.016666412	-6.416666508	744	125	20	64.15598297	339	66	74	334	3066
N/A	N/A	AJS5026	Rana sierrae	8/4/22	California	72808	N/A	day	Adult	N/A	N/A	N/A	251.00	65.00	251000.00	6500	0.025896414	383	269	10	100	4	1532000	1330371	0.868388381	0.131611619	26964.47469	26650.26758	26209.8138	26608.18535	24071.44539	25627.75914	23330.28211	24343.16221	0.914874949	14009	5681	14009	5681	1299559.00	1596213.00	1725630.00	1.54E+06	1	TRUE	293849.7595	234.954	NA	37.954	-119.294	0.158333346	14.28333378	44.22084427	639.338562	18.70000076	-13.60000038	32.30000305	-5.016666412	7.800000191	9.016666412	-6.416666508	744	125	20	64.15598297	339	66	74	334	3066
N/A	N/A	AJS5024	Rana sierrae	8/4/22	California	72808	N/A	day	Adult	N/A	N/A	N/A	431.00	452.00	431000.00	45200	0.10487239	384	351	10	100	4	1536000	1402866	0.913324219	0.086675781	27384.28729	26397.37005	27112.59552	26964.75095	24979.87063	23683.94303	24943.04706	24535.62024	0.909914588	15319	6389	15319	6389	1838118.00	1441185.00	1459567.00	1.58E+06	1	TRUE	213476.3186	250.602	NA	37.954	-119.294	0.158333346	14.28333378	44.22084427	639.338562	18.70000076	-13.60000038	32.30000305	-5.016666412	7.800000191	9.016666412	-6.416666508	744	125	20	64.15598297	339	66	74	334	3066
N/A	N/A	AJS5030	Rana sierrae	8/18/22	California	72808	N/A	day	Adult	N/A	N/A	N/A	435.00	518.00	435000.00	51800	0.11908046	385	251	10	100	4	1540000	1426328	0.926187013	0.073812987	28705.54917	27691.87305	27377.07904	27924.83375	26211.25166	24843.09024	26135.41555	25729.91915	0.921399188	18849	10780	18849	10780	1771082.00	1439132.00	2445528.00	1.89E+06	1	TRUE	834.5512184	286.95	NA	37.954	-119.294	0.158333346	14.28333378	44.22084427	639.338562	18.70000076	-13.60000038	32.30000305	-5.016666412	7.800000191	9.016666412	-6.416666508	744	125	20	64.15598297	339	66	74	334	3066
N/A	N/A	AJS5033	Rana sierrae	8/18/22	California	72808	N/A	day	Adult	N/A	N/A	N/A	612.00	16.00	612000.00	1600	0.002614379	385	375	10	100	4	1540000	1469012	0.953903896	0.046096104	25615.62595	25098.09649	25808.68917	25507.47054	22848.39687	24737.94232	25155.88632	24247.4085	0.950600275	9962	5329	9962	5329	1874120.00	1321144.00	2124397.00	1.77E+06	1	TRUE	16858.64588	440.448	NA	37.954	-119.294	0.158333346	14.28333378	44.22084427	639.338562	18.70000076	-13.60000038	32.30000305	-5.016666412	7.800000191	9.016666412	-6.416666508	744	125	20	64.15598297	339	66	74	334	3066
N/A	N/A	AJS5031	Rana sierrae	8/18/22	California	72808	N/A	day	Adult	N/A	N/A	N/A	576.00	621.00	576000.00	62100	0.1078125	386	326	10	100	4	1544000	1342080	0.869222798	0.130777202	27269.02659	26364.00991	27577.52996	27070.18882	24553.32763	25408.33659	24609.07075	24856.91166	0.918239316	15707	7570	15707	7570	1885334.00	1665312.00	1507626.00	1.69E+06	1	TRUE	10209.49618	2565.09	NA	37.954	-119.294	0.158333346	14.28333378	44.22084427	639.338562	18.70000076	-13.60000038	32.30000305	-5.016666412	7.800000191	9.016666412	-6.416666508	744	125	20	64.15598297	339	66	74	334	3066
N/A	N/A	AJS5029	Rana sierrae	8/18/22	California	72808	N/A	day	Adult	N/A	N/A	N/A	416.00	538.00	416000.00	53800	0.129326923	387	328	10	100	4	1548000	1425036	0.920565891	0.079434109	26834.46804	27094.36229	26250.15472	26726.32835	26029.20882	25071.0946	25721.37319	25607.22554	0.958127327	14443	10329	14443	10329	1271408.00	1434080.00	1619495.00	1.44E+06	1	TRUE	4749.766055	5203.56	NA	37.954	-119.294	0.158333346	14.28333378	44.22084427	639.338562	18.70000076	-13.60000038	32.30000305	-5.016666412	7.800000191	9.016666412	-6.416666508	744	125	20	64.15598297	339	66	74	334	3066
N/A	N/A	AJS5032	Rana sierrae	8/18/22	California	72808	N/A	day	Adult	N/A	N/A	N/A	615.00	210.00	615000.00	21000	0.034146341	389	310	10	100	4	1556000	1416750	0.910507712	0.089492288	27777.18261	26803.95305	27795.04375	27458.72647	25217.63929	24650.35079	26914.49235	25594.16081	0.932095698	17136	10281	17136	10281	1859213.00	1501659.00	1238852.00	1.53E+06	1	TRUE	13054.19767	5505.54	NA	37.954	-119.294	0.158333346	14.28333378	44.22084427	639.338562	18.70000076	-13.60000038	32.30000305	-5.016666412	7.800000191	9.016666412	-6.416666508	744	125	20	64.15598297	339	66	74	334	3066
N/A	N/A	KMMB0251	Rana sierrae	8/25/23	California	70413	N/A	day	Adult	N/A	N/A	N/A	421.00	586.00	421000.00	58600	0.139192399	397	299	10	100	4	1588000	1470374	0.925928212	0.074071788	26322.35009	26961.74928	26800.95713	26695.01884	25328.06788	24465.38609	24028.92036	24607.45811	0.921799616	14328	6653	14328	6653	1819032.00	1759276.00	1790852.00	1.79E+06	1	TRUE	120.8842302	NA	NA	37.9575	-119.3005	-0.350000024	13.76666641	43.56540298	630.5444946	17.89999962	-13.69999981	31.59999847	-5.183333397	7.133333206	8.449999809	-6.733333111	804	132	21	62.85953522	360	71	81	339	3322
N/A	N/A	KMMB0261	Rana sierrae	8/25/23	California	70413	N/A	day	Adult	N/A	N/A	N/A	436.00	311.00	436000.00	31100	0.071330275	398	354	10	100	4	1592000	1498372	0.941188442	0.058811558	26194.05107	25959.19466	25482.15915	25878.46829	25554.12115	23359.11043	23260.71463	24057.98207	0.929652474	11326	4633	11326	4633	1753989.00	1199894.00	1905307.00	1.62E+06	1	TRUE	324.167495	NA	NA	37.9575	-119.3005	-0.350000024	13.76666641	43.56540298	630.5444946	17.89999962	-13.69999981	31.59999847	-5.183333397	7.133333206	8.449999809	-6.733333111	804	132	21	62.85953522	360	71	81	339	3322
N/A	N/A	KMMB0252	Rana sierrae	8/25/23	California	70413	N/A	day	Adult	N/A	N/A	N/A	480.00	84.00	480000.00	8400	0.0175	399	254	10	100	4	1596000	1409745	0.883298872	0.116701128	27009.03302	26051.80661	26881.8801	26647.57325	26280.38296	24906.31576	24587.79022	25258.16298	0.947859783	14153	9045	14153	9045	1946629.00	1214629.00	1500537.00	1.55E+06	1	TRUE	481.0307686	NA	NA	37.9575	-119.3005	-0.350000024	13.76666641	43.56540298	630.5444946	17.89999962	-13.69999981	31.59999847	-5.183333397	7.133333206	8.449999809	-6.733333111	804	132	21	62.85953522	360	71	81	339	3322
N/A	N/A	KMMB0138	Rana sierrae	8/1/23	California	70122	N/A	day	Adult	N/A	N/A	N/A	594.00	9.00	594000.00	900	0.001515152	400	240	10	100	4	1600000	1397611	0.873506875	0.126493125	26760.69189	27231.98739	26741.39325	26911.35751	24879.90639	26318.00744	25094.32952	25430.74779	0.944981976	15123	9680	15123	9680	1449451.00	1825210.00	1578086.00	1.62E+06	1	TRUE	568.5013391	NA	NA	37.4988	-118.9142	1.070833325	14.00833321	43.10256577	657.918396	19.5	-13	32.5	-6.033333302	9.100000381	10.0666666	-6.033333302	576	97	15	62.93828964	257	51	61	257	2987
N/A	N/A	KMMB0129	Rana sierrae	8/1/23	California	70122	N/A	day	Adult	N/A	N/A	N/A	581.00	210.00	581000.00	21000	0.036144578	400	265	10	100	4	1600000	1495289	0.934555625	0.065444375	26869.40411	27400.06335	27201.65701	27157.04149	25708.87461	25112.28528	26242.64738	25687.93575	0.945903322	16026	10625	16026	10625	1859133.00	1464887.00	2458191.00	1.93E+06	1	TRUE	848.9892752	NA	NA	37.4988	-118.9142	1.070833325	14.00833321	43.10256577	657.918396	19.5	-13	32.5	-6.033333302	9.100000381	10.0666666	-6.033333302	576	97	15	62.93828964	257	51	61	257	2987
N/A	N/A	KMMB0135	Rana sierrae	8/1/23	California	70122	N/A	day	Adult	N/A	N/A	N/A	632.00	221.00	632000.00	22100	0.034968354	402	371	10	100	4	1608000	1400264	0.870810945	0.129189055	26705.05398	26781.60979	25779.18994	26421.95124	24314.90971	23891.72669	24164.9224	24123.85293	0.913023142	13324	4875	13324	4875	2192928.00	1509633.00	1708432.00	1.80E+06	1	TRUE	983.2321152	NA	NA	37.4988	-118.9142	1.070833325	14.00833321	43.10256577	657.918396	19.5	-13	32.5	-6.033333302	9.100000381	10.0666666	-6.033333302	576	97	15	62.93828964	257	51	61	257	2987
N/A	N/A	SN_16S0037	Rana sierrae	8/3/23	California	70397	N/A	day	Adult	N/A	N/A	N/A	823.00	64.00	823000.00	6400	0.007776428	402	271	10	100	4	1608000	1400766	0.871123134	0.128876866	26384.90634	26312.7464	25498.17044	26065.27439	24256.03418	23634.56052	22840.86445	23577.15305	0.904542676	12013	2865	12013	2865	1559062.00	1511326.00	1499984.00	1.52E+06	1	TRUE	1306.656989	NA	NA	37.4988	-118.9142	1.070833325	14.00833321	43.10256577	657.918396	19.5	-13	32.5	-6.033333302	9.100000381	10.0666666	-6.033333302	576	97	15	62.93828964	257	51	61	257	3176
N/A	N/A	KMMB0216	Rana sierrae	9/7/23	California	70481	N/A	day	Adult	N/A	N/A	N/A	673.00	483.00	673000.00	48300	0.071768202	402	302	10	100	4	1608000	1518739	0.944489428	0.055510572	26072.69576	26175.08236	26127.48761	26125.08858	25541.68834	25829.20491	25755.92809	25708.94044	0.984070939	12232	10702	12232	10702	1731519.00	1884324.00	1705420.00	1.77E+06	1	TRUE	1359.638532	NA	NA	36.4053	-118.195	3.229166508	14.1916666	42.49002075	712.854248	22.39999962	-11	33.40000153	-4.716666698	12.01666641	12.51666641	-4.716666698	593	106	11	67.72621155	281	45	60	281	2993
N/A	N/A	AJS5037	Rana sierrae	8/9/22	California	70567	N/A	day	Adult	N/A	N/A	N/A	586.00	608.00	586000.00	60800	0.103754266	403	347	10	100	4	1612000	1408673	0.873866625	0.126133375	27092.25798	27641.01139	27466.21136	27399.82691	24147.33475	25417.13938	27034.23465	25532.90293	0.931863658	16919	10055	16919	10055	1813448.00	1881023.00	1861631.00	1.85E+06	1	TRUE	3119.445137	NA	NA	37.9575	-119.3005	-0.350000024	13.76666641	43.56540298	630.5444946	17.89999962	-13.69999981	31.59999847	-5.183333397	7.133333206	8.449999809	-6.733333111	804	132	21	62.85953522	360	71	81	339	3206
N/A	N/A	AJS5034	Rana sierrae	8/9/22	California	70567	N/A	day	Adult	N/A	N/A	N/A	341.00	104.00	341000.00	10400	0.030498534	404	343	10	100	4	1616000	1507815	0.933053837	0.066946163	24927.9864	25895.131	26248.56266	25690.56002	22399.06345	25038.58	25422.23046	24286.62464	0.945352091	10635	5473	10635	5473	1633016.00	1439674.00	1526998.00	1.53E+06	1	TRUE	3964.023442	NA	NA	37.9575	-119.3005	-0.350000024	13.76666641	43.56540298	630.5444946	17.89999962	-13.69999981	31.59999847	-5.183333397	7.133333206	8.449999809	-6.733333111	804	132	21	62.85953522	360	71	81	339	3206
N/A	N/A	KMMB0264	Rana sierrae	8/25/23	California	70413	N/A	day	Adult	N/A	N/A	N/A	490.00	294.00	490000.00	29400	0.06	404	324	10	100	4	1616000	1547231	0.957444926	0.042555074	26563.58026	26915.66621	27376.31122	26951.85257	24193.80675	25636.26654	27078.8071	25636.29347	0.951188546	15272	10435	15272	10435	1815294.00	2430403.00	1523164.00	1.92E+06	1	TRUE	8264.856968	NA	NA	37.9575	-119.3005	-0.350000024	13.76666641	43.56540298	630.5444946	17.89999962	-13.69999981	31.59999847	-5.183333397	7.133333206	8.449999809	-6.733333111	804	132	21	62.85953522	360	71	81	339	3322
N/A	N/A	KMMB0218	Rana sierrae	9/7/23	California	70481	N/A	day	Adult	N/A	N/A	N/A	462.00	200.00	462000.00	20000	0.043290043	406	240	10	100	4	1624000	1537426	0.946690887	0.053309113	26347.00677	25959.8063	26357.69624	26221.5031	23518.74044	24095.73551	24893.47964	24169.31853	0.921736578	12587	5042	12587	5042	1228181.00	1565666.00	1883403.00	1.56E+06	1	TRUE	8459.008816	NA	NA	36.4053	-118.195	3.229166508	14.1916666	42.49002075	712.854248	22.39999962	-11	33.40000153	-4.716666698	12.01666641	12.51666641	-4.716666698	593	106	11	67.72621155	281	45	60	281	2993
N/A	N/A	AJS5079	Rana sierrae	8/18/22	California	70481	N/A	day	Adult	N/A	N/A	N/A	731.00	259.00	731000.00	25900	0.035430917	407	330	10	100	4	1628000	1410313	0.866285627	0.133714373	26187.48392	26126.99152	25939.33288	26084.60277	23781.99444	23790.42139	25583.36314	24385.25966	0.934852636	12084	5836	12084	5836	1898022.00	2156682.00	1136325.00	1.73E+06	1	TRUE	9183.596768	NA	NA	36.4053	-118.195	3.229166508	14.1916666	42.49002075	712.854248	22.39999962	-11	33.40000153	-4.716666698	12.01666641	12.51666641	-4.716666698	593	106	11	67.72621155	281	45	60	281	2993
N/A	N/A	AJS5044	Rana sierrae	8/9/22	California	70567	N/A	day	Adult	N/A	N/A	N/A	438.00	570.00	438000.00	57000	0.130136986	407	285	10	100	4	1628000	1455538	0.894065111	0.105934889	27755.72268	26564.80167	27740.19986	27353.57474	26320.86717	23965.1341	24898.50777	25061.50301	0.91620577	16749	8322	16749	8322	1533254.00	2351575.00	1693152.00	1.86E+06	1	TRUE	10010.99657	NA	NA	37.9575	-119.3005	-0.350000024	13.76666641	43.56540298	630.5444946	17.89999962	-13.69999981	31.59999847	-5.183333397	7.133333206	8.449999809	-6.733333111	804	132	21	62.85953522	360	71	81	339	3206
N/A	N/A	AJS5035	Rana sierrae	8/9/22	California	70567	N/A	day	Adult	N/A	N/A	N/A	420.00	435.00	420000.00	43500	0.103571429	408	370	10	100	4	1632000	1526775	0.935523897	0.064476103	26502.87606	25553.29091	26436.76865	26164.31187	24704.45596	24313.98944	24495.46583	24504.63708	0.936567229	12377	6275	12377	6275	1429217.00	1643189.00	1646177.00	1.57E+06	1	TRUE	11153.01313	NA	NA	37.9575	-119.3005	-0.350000024	13.76666641	43.56540298	630.5444946	17.89999962	-13.69999981	31.59999847	-5.183333397	7.133333206	8.449999809	-6.733333111	804	132	21	62.85953522	360	71	81	339	3206
N/A	N/A	AJS5040	Rana sierrae	8/9/22	California	70567	N/A	day	Adult	N/A	N/A	N/A	549.00	76.00	549000.00	7600	0.013843352	409	232	10	100	4	1636000	1480887	0.905187653	0.094812347	25108.00275	26470.77001	26600.63174	26059.8015	24587.44282	25609.50057	24274.09066	24823.67802	0.95256589	11992	7448	11992	7448	1736089.00	1384598.00	1636213.00	1.59E+06	1	TRUE	12902.93518	NA	NA	37.9575	-119.3005	-0.350000024	13.76666641	43.56540298	630.5444946	17.89999962	-13.69999981	31.59999847	-5.183333397	7.133333206	8.449999809	-6.733333111	804	132	21	62.85953522	360	71	81	339	3206
N/A	N/A	KMMB0267	Rana sierrae	8/25/23	California	70413	N/A	day	Adult	N/A	N/A	N/A	609.00	476.00	609000.00	47600	0.07816092	409	245	10	100	4	1636000	1460349	0.892633863	0.107366137	24929.42202	25287.37385	26202.67872	25473.1582	24225.02515	24134.02748	23833.5192	24064.19061	0.944688147	9836	4656	9836	4656	1345171.00	2218196.00	1400386.00	1.65E+06	1	TRUE	13251.22214	NA	NA	37.9575	-119.3005	-0.350000024	13.76666641	43.56540298	630.5444946	17.89999962	-13.69999981	31.59999847	-5.183333397	7.133333206	8.449999809	-6.733333111	804	132	21	62.85953522	360	71	81	339	3322
N/A	N/A	KMMB0253	Rana sierrae	8/25/23	California	70413	N/A	day	Adult	N/A	N/A	N/A	396.00	103.00	396000.00	10300	0.026010101	410	380	10	100	4	1640000	1457010	0.888420732	0.111579268	26367.81465	26091.23421	27361.5197	26606.85619	24368.65269	24604.82216	24737.0108	24570.16188	0.923452275	14004	6516	14004	6516	1932700.00	1927402.00	1612803.00	1.82E+06	1	TRUE	14647.4255	NA	NA	37.9575	-119.3005	-0.350000024	13.76666641	43.56540298	630.5444946	17.89999962	-13.69999981	31.59999847	-5.183333397	7.133333206	8.449999809	-6.733333111	804	132	21	62.85953522	360	71	81	339	3322
N/A	N/A	KMMB0231	Rana sierrae	9/7/23	California	70481	N/A	day	Adult	N/A	N/A	N/A	576.00	371.00	576000.00	37100	0.064409722	411	296	10	100	4	1644000	1490962	0.906911192	0.093088808	27505.4216	26525.97584	27029.85952	27020.41898	25193.38031	23719.39821	25738.9503	24883.90961	0.920929821	15524	7669	15524	7669	1862696.00	1822694.00	1451572.00	1.71E+06	1	TRUE	119634.9698	NA	NA	36.4053	-118.195	3.229166508	14.1916666	42.49002075	712.854248	22.39999962	-11	33.40000153	-4.716666698	12.01666641	12.51666641	-4.716666698	593	106	11	67.72621155	281	45	60	281	2993
N/A	N/A	KMMB0260	Rana sierrae	8/25/23	California	70413	N/A	day	Adult	N/A	N/A	N/A	481.00	372.00	481000.00	37200	0.077338877	411	316	10	100	4	1644000	1516891	0.92268309	0.07731691	28230.91396	27188.93388	27317.52308	27579.12364	26197.41979	26831.36889	26446.97333	26491.92067	0.96057877	17578	13581	17578	13581	1610277.00	1669407.00	1563751.00	1.61E+06	1	TRUE	138341.1155	NA	NA	37.9575	-119.3005	-0.350000024	13.76666641	43.56540298	630.5444946	17.89999962	-13.69999981	31.59999847	-5.183333397	7.133333206	8.449999809	-6.733333111	804	132	21	62.85953522	360	71	81	339	3322
N/A	N/A	KMMB0144	Rana sierrae	8/1/23	California	70122	N/A	day	Adult	N/A	N/A	N/A	693.00	471.00	693000.00	47100	0.067965368	413	366	10	100	4	1652000	1424437	0.86225	0.13775	26529.19726	26756.26714	26195.20043	26493.55494	25176.99066	25950.13878	24828.59263	25318.57402	0.955650311	13587	9267	13587	9267	2491952.00	1483018.00	1311563.00	1.76E+06	1	TRUE	189774.562	NA	NA	37.4988	-118.9142	1.070833325	14.00833321	43.10256577	657.918396	19.5	-13	32.5	-6.033333302	9.100000381	10.0666666	-6.033333302	576	97	15	62.93828964	257	51	61	257	2987
N/A	N/A	KMMB0229	Rana sierrae	9/7/23	California	70481	N/A	day	Adult	N/A	N/A	N/A	671.00	619.00	671000.00	61900	0.092250373	414	344	10	100	4	1656000	1436564	0.867490338	0.132509662	25801.61282	27235.05056	25976.03455	26337.56598	23655.08284	25036.69729	23500.42159	24064.06724	0.91367848	13014	4655	13014	4655	1854401.00	1442913.00	1390314.00	1.56E+06	1	TRUE	289606.6496	NA	NA	36.4053	-118.195	3.229166508	14.1916666	42.49002075	712.854248	22.39999962	-11	33.40000153	-4.716666698	12.01666641	12.51666641	-4.716666698	593	106	11	67.72621155	281	45	60	281	2993
N/A	N/A	KMMB0141	Rana sierrae	8/1/23	California	70122	N/A	day	Adult	N/A	N/A	N/A	400.00	147.00	400000.00	14700	0.03675	416	361	10	100	4	1664000	1503752	0.903697115	0.096302885	26115.56711	26454.30492	27060.21621	26543.36275	24872.855	26136.77477	26278.51089	25762.71355	0.970589665	13770	10900	13770	10900	1862657.00	2152542.00	2077994.00	2.03E+06	1	TRUE	431689.6188	NA	NA	37.4988	-118.9142	1.070833325	14.00833321	43.10256577	657.918396	19.5	-13	32.5	-6.033333302	9.100000381	10.0666666	-6.033333302	576	97	15	62.93828964	257	51	61	257	2987
N/A	N/A	KMMB0140	Rana sierrae	8/1/23	California	70122	N/A	day	Adult	N/A	N/A	N/A	526.00	502.00	526000.00	50200	0.095437262	417	268	10	100	4	1668000	1578445	0.946309952	0.053690048	27590.04399	27370.48875	27394.70027	27451.74433	25684.7077	26007.11432	26123.46209	25938.42804	0.944873583	17110	11546	17110	11546	1325653.00	1781312.00	2462233.00	1.86E+06	1	TRUE	445272.7714	NA	NA	37.4988	-118.9142	1.070833325	14.00833321	43.10256577	657.918396	19.5	-13	32.5	-6.033333302	9.100000381	10.0666666	-6.033333302	576	97	15	62.93828964	257	51	61	257	2987
N/A	N/A	KMMB0222	Rana sierrae	9/7/23	California	70481	N/A	day	Adult	N/A	N/A	N/A	509.00	498.00	509000.00	49800	0.0978389	417	258	10	100	4	1668000	1583398	0.949279376	0.050720624	26055.46933	26312.78176	24768.93196	25712.39435	24627.75255	24950.89179	23005.79444	24194.81293	0.940978603	10715	5136	10715	5136	1774104.00	2314029.00	1783885.00	1.96E+06	1	TRUE	464275.3054	NA	NA	36.4053	-118.195	3.229166508	14.1916666	42.49002075	712.854248	22.39999962	-11	33.40000153	-4.716666698	12.01666641	12.51666641	-4.716666698	593	106	11	67.72621155	281	45	60	281	2993
N/A	N/A	KMMB0142	Rana sierrae	8/1/23	California	70122	N/A	day	Adult	N/A	N/A	N/A	462.00	310.00	462000.00	31000	0.067099567	417	270	10	100	4	1668000	1599739	0.959076139	0.040923861	26154.14427	26423.10897	25726.94096	26101.39807	24417.84002	25493.20889	24631.30848	24847.45247	0.951958681	12145	7535	12145	7535	1750595.00	2331715.00	1631438.00	1.90E+06	1	TRUE	502576.7458	NA	NA	37.4988	-118.9142	1.070833325	14.00833321	43.10256577	657.918396	19.5	-13	32.5	-6.033333302	9.100000381	10.0666666	-6.033333302	576	97	15	62.93828964	257	51	61	257	2987
N/A	N/A	KMMB0145	Rana sierrae	8/1/23	California	70122	N/A	day	Adult	N/A	N/A	N/A	579.00	323.00	579000.00	32300	0.055785838	419	258	10	100	4	1676000	1443414	0.861225537	0.138774463	26713.48166	26418.08439	27398.05785	26843.20797	24561.61924	25656.63538	25096.36065	25104.87176	0.935241115	14873	8482	14873	8482	1491719.00	1906211.00	1567091.00	1.66E+06	1	TRUE	693937.2242	NA	NA	37.4988	-118.9142	1.070833325	14.00833321	43.10256577	657.918396	19.5	-13	32.5	-6.033333302	9.100000381	10.0666666	-6.033333302	576	97	15	62.93828964	257	51	61	257	2987
N/A	N/A	KMMB0266	Rana sierrae	8/25/23	California	70413	N/A	day	Adult	N/A	N/A	N/A	741.00	377.00	741000.00	37700	0.050877193	420	331	10	100	4	1680000	1579097	0.93993869	0.06006131	27037.54986	26018.13722	26175.62114	26410.43607	26627.80474	24864.17717	24199.86487	25230.61559	0.955327489	13282	8944	13282	8944	2192258.00	1089193.00	1465527.00	1.58E+06	1	TRUE	2021117.955	NA	NA	37.9575	-119.3005	-0.350000024	13.76666641	43.56540298	630.5444946	17.89999962	-13.69999981	31.59999847	-5.183333397	7.133333206	8.449999809	-6.733333111	804	132	21	62.85953522	360	71	81	339	3322