SampleID	SampleID2	RIBBITR_ID	Species	Date	Location	region	site	survey_time	life_stage	sex	snout_vent_length	body_mass_g		ColoniesBact	ColoniesPast	CFU_bact	CFU_past	Percent_spore	Total bacteria_blue	Total_bacteria_red	No_fields_obs	Dilution factor	Area_mm2	Total_cells_ml	Active_cells_ml	Per_active	Per_dormant	ViableFluorRep1	TotalFluorRep1	ViableFluorRep2	TotalFluorRep2	ViableFluorRep3	TotalFluorRep3	ViableFluorAvg	TotalFluorAvg	PerViableSpores	S16CopiesRep1	S16CopiesRep2	S16CopiesRep3	S16CopiesAvg	bd_replicates	bd_detected	bd_mean_its1_copies_per_swab	total_peptides_ug	TotalNoSporesTbCl	ViableNoSporesTbCl	TotalNoSporesTbClCorrected	ViableNoSporesTbClCorrected	body_temp_c	lat	long	annual_mean_temp	mean_diurnal_range	isothermality	temp_seasonality	max_temp_warmest_month	min_temp_coldest_month	temp_annual_range	mean_temp_wettest_quarter	mean_temp_driest_quarter	mean_temp_warmest_quarter	mean_temp_coldest_quarter	annual_precip	precip_wettest_month	precip_driest_month	precip_seasonality	precip_wettest_quarter	precip_driest_quarter	precip_warmest_quarter	precip_coldest_quarter	Elevation_M
Pan23	221210C003	221210_C003	Colostethus panamansis	11/18/22	Panama	El Cope	Guabal	N/A	Adult	NA	N/A	N/A		223	14	2.23E+04	140	0.006278027	285	250	10	10	4	7.13E+06	1.00E+06	0.140350877	0.859649123	64221	64869	67433	68113	70805	71519	67486.33333	68167	0.990014719	1.35E+05	1.32E+05	1.36E+05	1.35E+05	1	FALSE	0	NA	166794.6324	-83815.69848	166794.6324	0	22.2	8.61304	-80.59042	24.5041656	8.00833321	80.8922577	57.1464462	29.8999996	20	9.89999962	24.0333328	24.5333328	25.3666668	23.9500008	2293	401	16	67.6412506	981	69	394	804	552
Pan24	221210C006	221210_C006	Colostethus panamansis	11/18/22	Panama	El Cope	Guabal	N/A	Adult	NA	N/A	N/A		123	20	1.23E+04	200	0.016260163	289	283	10	10	4	8.18E+06	1.13E+06	0.138408304	0.861591696	61058	61674	64111	64758	67317	67996	64162	64809.33333	0.990011727	1.30E+05	1.28E+05	1.32E+05	1.30E+05	1	TRUE	8944.868164	73.188	154450.2696	-83815.69849	154450.2696	0	21.5	8.61304	-80.59042	24.5041656	8.00833321	80.8922577	57.1464462	29.8999996	20	9.89999962	24.0333328	24.5333328	25.3666668	23.9500008	2293	401	16	67.6412506	981	69	394	804	552
Pan44	221208010	221208_010	Colostethus panamansis	7/28/22	Panama	Campana	Rabbit	N/A	Adult	NA	N/A	N/A		173	10	1.73E+04	100	0.005780347	290	245	10	10	4	7.11E+06	9.80E+05	0.137931034	0.862068966	20783	20992	21823	22042	22915	23145	21840.33333	22059.66667	0.990057269	1.32E+05	1.29E+05	1.33E+05	1.32E+05	1	FALSE	0	20.844	-2717.622549	-83815.69832	0	0	19.6	8.61304	-80.59042	24.5041656	8.00833321	80.8922577	57.1464462	29.8999996	20	9.89999962	24.0333328	24.5333328	25.3666668	23.9500008	2293	401	16	67.6412506	981	69	394	804	619
Pan46	221208004	221208_004	Colostethus panamansis	7/23/22	Panama	Campana	Rabbit	N/A	Adult	NA	N/A	N/A		330	20	3.30E+04	200	0.006060606	290	290	10	10	4	1.16E+05	1.16E+05	1	0	62151	62778	65259	65917	68522	69213	65310.66667	65969.33333	0.990015563	1.35E+05	1.32E+05	1.36E+05	1.35E+05	1	TRUE	31465.60547	59.772	158714.9755	-83815.69847	158714.9755	0	20.1	8.61304	-80.59042	24.5041656	8.00833321	80.8922577	57.1464462	29.8999996	20	9.89999962	24.0333328	24.5333328	25.3666668	23.9500008	2293	401	16	67.6412506	981	69	394	804	619
Pan22	221208014	221208_014	Colostethus panamansis	11/18/22	Panama	Campana	Rabbit	N/A	Adult	NA	N/A	N/A		125	12	1.25E+04	120	0.0096	293	272	10	10	4	1.17E+05	1.09E+05	0.928327645	0.071672355	68877	69572	72321	73051	75938	76704	72378.66667	73109	0.99001035	1.28E+05	1.25E+05	1.29E+05	1.28E+05	1	TRUE	555.1235352	127.092	184963.75	-83815.69849	184963.75	0	20.1	8.61304	-80.59042	24.5041656	8.00833321	80.8922577	57.1464462	29.8999996	20	9.89999962	24.0333328	24.5333328	25.3666668	23.9500008	2293	401	16	67.6412506	981	69	394	804	619
Pan39	221208007	221208_007	Colostethus panamansis	7/26/22	Panama	Campana	Rabbit	N/A	Adult	NA	N/A	N/A		194	20	1.94E+04	200	0.010309278	294	268	10	10	4	1.18E+05	1.07E+05	0.911564626	0.088435374	21085	21297	22140	22362	23247	23481	22157.33333	22380	0.99005064	1.28E+05	1.25E+05	1.29E+05	1.28E+05	1	TRUE	97.78146362	36.81	-1539.926471	-83815.69834	0	0	20.3	8.61304	-80.59042	24.5041656	8.00833321	80.8922577	57.1464462	29.8999996	20	9.89999962	24.0333328	24.5333328	25.3666668	23.9500008	2293	401	16	67.6412506	981	69	394	804	619
Pan38	221208009	221208_009	Colostethus panamansis	7/28/22	Panama	Campana	Rabbit	N/A	Adult	NA	N/A	N/A		124	20	1.24E+04	200	0.016129032	296	282	10	10	4	1.18E+05	1.13E+05	0.952702703	0.047297297	53840	54383	56532	57103	59359	59959	56577	57148.33333	0.990002625	1.34E+05	1.32E+05	1.36E+05	1.34E+05	1	TRUE	5331.243164	36.342	126284.8284	-83815.69852	126284.8284	0	20.5	8.61304	-80.59042	24.5041656	8.00833321	80.8922577	57.1464462	29.8999996	20	9.89999962	24.0333328	24.5333328	25.3666668	23.9500008	2293	401	16	67.6412506	981	69	394	804	619
Pan12	221120005	221120_005	Colostethus panamansis	11/18/22	Panama	El Cope	Guabal	N/A	Adult	NA	N/A	N/A		163	30	1.63E+04	300	0.018404908	298	235	10	10	4	1.19E+05	9.40E+04	0.788590604	0.211409396	24459	24706	25682	25942	26967	27240	25702.66667	25962.66667	0.98998562	1.35E+05	1.32E+05	1.36E+05	1.34E+05	1	FALSE	0	NA	11631.64216	-83815.69858	11631.64216	0	20.4	8.5128	-81.12274	21.4750004	8.25	80.0970764	44.7975426	26.7000008	16.3999996	10.3000011	21.1499996	21.7166672	22.083334	21.0166664	3425	445	69	41.3896484	1178	348	561	998	552
Pan31	221208017	221208_017	Colostethus panamansis	11/18/22	Panama	Campana	Rabbit	N/A	Adult	NA	N/A	N/A		194	20	1.94E+04	200	0.010309278	299	251	10	10	4	1.20E+05	1.00E+05	0.839464883	0.160535117	61024	61640	64076	64722	67280	67959	64126.66667	64773.66667	0.990011373	1.32E+05	1.29E+05	1.33E+05	1.31E+05	1	FALSE	0	1498.62	154319.1422	-83815.69849	154319.1422	0	19.4	8.68678	-79.92707	22.9041672	7.4083333	81.4102707	53.8287926	27.7999992	18.7000008	9.09999847	22.5333328	23.0499992	23.7166672	22.416666	2589	435	22	66.59021	1064	84	448	924	619
Pan35	221208012	221208_012	Colostethus panamansis	11/18/22	Panama	Campana	Rabbit	N/A	Adult	NA	N/A	N/A		220	10	2.20E+04	100	0.004545455	300	278	10	10	4	1.20E+05	1.11E+05	0.926666667	0.073333333	64132	64779	67339	68018	70706	71419	67392.33333	68072	0.990015474	1.36E+05	1.33E+05	1.37E+05	1.35E+05	1	TRUE	3514.769775	24.384	166445.3676	-83815.69847	166445.3676	0	20	8.61304	-80.59042	24.5041656	8.00833321	80.8922577	57.1464462	29.8999996	20	9.89999962	24.0333328	24.5333328	25.3666668	23.9500008	2293	401	16	67.6412506	981	69	394	804	619
Pan47	221208011	221208_011	Colostethus panamansis	7/28/22	Panama	Campana	Rabbit	N/A	Adult	NA	N/A	N/A		318	10	3.18E+04	100	0.003144654	304	292	10	10	4	1.22E+05	1.17E+05	0.960526316	0.039473684	55627	56188	58409	58998	61330	61948	58455.33333	59044.66667	0.990018856	1.36E+05	1.33E+05	1.37E+05	1.36E+05	1	TRUE	77626.09375	64.212	133256.6422	-83815.69846	133256.6422	0	19.6	8.61304	-80.59042	24.5041656	8.00833321	80.8922577	57.1464462	29.8999996	20	9.89999962	24.0333328	24.5333328	25.3666668	23.9500008	2293	401	16	67.6412506	981	69	394	804	619
Pan43	221208015	221208_015	Colostethus panamansis	11/18/22	Panama	Campana	Rabbit	N/A	Adult	NA	N/A	N/A		320	40	3.20E+04	400	0.0125	306	287	10	10	4	1.22E+05	1.15E+05	0.937908497	0.062091503	20195	20398	21205	21418	22266	22489	21222	21435	0.990062981	1.36E+05	1.33E+05	1.37E+05	1.35E+05	1	TRUE	17666.02734	55.602	-5014.191176	-83815.6983	0	0	19.1	8.65217	-80.59049	23.8875008	7.6583333	81.4716339	54.3191261	28.8999996	19.5	9.39999962	23.4833336	24.3166656	24.7000008	23.3833332	2496	446	25	60.0795937	1027	162	344	593	619
Pan16	221208006	221208_006	Colostethus panamansis	7/26/22	Panama	Campana	Rabbit	N/A	Adult	NA	N/A	N/A		212	14	2.12E+04	140	0.006603774	307	252	10	10	4	1.23E+05	1.01E+05	0.820846906	0.179153094	67759	68443	71147	71866	74705	75460	71203.66667	71923	0.989998563	1.34E+05	1.31E+05	1.35E+05	1.33E+05	1	FALSE	0	26.844	180603.4559	-83815.69853	180603.4559	0	20	8.61304	-80.59042	24.5041656	8.00833321	80.8922577	57.1464462	29.8999996	20	9.89999962	24.0333328	24.5333328	25.3666668	23.9500008	2293	401	16	67.6412506	981	69	394	804	619
Pan8	221208013	221208_013	Colostethus panamansis	11/18/22	Panama	Campana	Rabbit	N/A	Adult	NA	N/A	N/A		252	10	2.52E+04	100	0.003968254	308	281	10	10	4	1.23E+05	1.12E+05	0.912337662	0.087662338	20795	21005	21835	22056	22927	23159	21852.33333	22073.33333	0.989987919	1.36E+05	1.33E+05	1.37E+05	1.36E+05	1	TRUE	2862.190674	27.588	-2667.377451	-83815.69857	0	0	20.5	8.61304	-80.59042	24.5041656	8.00833321	80.8922577	57.1464462	29.8999996	20	9.89999962	24.0333328	24.5333328	25.3666668	23.9500008	2293	401	16	67.6412506	981	69	394	804	619
Pan28	221208018	221208_018	Colostethus panamansis	11/18/22	Panama	Campana	Rabbit	N/A	Adult	NA	N/A	N/A		559	10	5.59E+04	100	0.001788909	308	280	10	10	4	1.23E+05	1.12E+05	0.909090909	0.090909091	60840	61454	63882	64527	67077	67754	63933	64578.33333	0.990006968	1.36E+05	1.34E+05	1.38E+05	1.36E+05	1	TRUE	751.9414673	16.26	153601.0049	-83815.6985	153601.0049	0	22.5	8.68678	-79.92707	22.9041672	7.4083333	81.4102707	53.8287926	27.7999992	18.7000008	9.09999847	22.5333328	23.0499992	23.7166672	22.416666	2589	435	22	66.59021	1064	84	448	924	619
Pan20	221208008	221208_008	Colostethus panamansis	7/26/22	Panama	Campana	Rabbit	N/A	Adult	NA	N/A	N/A		425	10	4.25E+04	100	0.002352941	309	289	10	10	4	1.24E+05	1.16E+05	0.935275081	0.064724919	60139	60746	63146	63784	66304	66974	63196.33333	63834.66667	0.990000209	1.39E+05	1.36E+05	1.40E+05	1.38E+05	1	TRUE	1183.729614	88.842	150866.9363	-83815.69853	150866.9363	0	20.5	8.61304	-80.59042	24.5041656	8.00833321	80.8922577	57.1464462	29.8999996	20	9.89999962	24.0333328	24.5333328	25.3666668	23.9500008	2293	401	16	67.6412506	981	69	394	804	619
Pan32	221208005	221208_005	Colostethus panamansis	7/25/22	Panama	Campana	Rabbit	N/A	Adult	NA	N/A	N/A		122	20	1.22E+04	200	0.016393443	310	264	10	10	4	1.24E+05	1.06E+05	0.851612903	0.148387097	62447	63077	65570	66231	68849	69543	65622	66283.66667	0.990017651	1.31E+05	1.28E+05	1.32E+05	1.31E+05	1	FALSE	0	175.296	159870.6127	-83815.69846	159870.6127	0	20.7	8.61304	-80.59042	24.5041656	8.00833321	80.8922577	57.1464462	29.8999996	20	9.89999962	24.0333328	24.5333328	25.3666668	23.9500008	2293	401	16	67.6412506	981	69	394	804	619
Pan7	221210C004	221210_C004	Colostethus panamansis	11/18/22	Panama	El Cope	Guabal	N/A	Adult	NA	N/A	N/A		299	70	2.99E+04	700	0.023411371	315	275	10	10	4	1.26E+05	1.10E+05	0.873015873	0.126984127	22861	23091	24005	24246	25206	25459	24024	24265.33333	0.990054399	1.36E+05	1.33E+05	1.37E+05	1.36E+05	1	TRUE	582.5077515	28.152	5391.446078	-83815.69833	5391.446078	0	21.6	8.61304	-80.59042	24.5041656	8.00833321	80.8922577	57.1464462	29.8999996	20	9.89999962	24.0333328	24.5333328	25.3666668	23.9500008	2293	401	16	67.6412506	981	69	394	804	552
Pan15	221208016	221208_016	Colostethus panamansis	11/18/22	Panama	Campana	Rabbit	N/A	Adult	NA	N/A	N/A		444	40	4.44E+04	400	0.009009009	315	248	10	10	4	1.26E+05	9.92E+04	0.787301587	0.212698413	21880	22101	22974	23207	24123	24368	22992.33333	23225.33333	0.989967851	1.43E+05	1.40E+05	1.44E+05	1.42E+05	1	FALSE	0	NA	1567.916667	-83815.69865	1567.916667	0	24	8.65217	-80.59049	23.8875008	7.6583333	81.4716339	54.3191261	28.8999996	19.5	9.39999962	23.4833336	24.3166656	24.7000008	23.3833332	2496	446	25	60.0795937	1027	162	344	593	619
N/A	N/A	240804_D009	Colostethus panamansis	8/4/24	Panama	Altos de Campana	Rabbit	N/A	Adult	N/A	N/A	N/A		200	217	2.00E+04	2170	0.1085	306	337	10	10	4	1.22E+05	1.35E+05	1.10130719	-0.10130719	71022	79325	77131	22875	56532	47997	68228.33333	50065.66667	1.362776886	6.66E+05	9.39E+06	7.11E+06	5.72E+06	1	TRUE	19.39220428	NA	100245.6127	-83814.32803	100245.6127	0	19.5	8.61304	-80.59042	24.5041656	8.00833321	80.8922577	57.1464462	29.8999996	20	9.89999962	24.0333328	24.5333328	25.3666668	23.9500008	2293	401	16	67.6412506	981	69	394	804	619
N/A	N/A	231119_K006	Colostethus panamansis	11/19/23	Panama	El Cope	Guabal	N/A	Adult	N/A	N/A	N/A		103	142	1.03E+04	1420	0.137864078	367	290	10	10	4	1.47E+05	1.16E+05	0.790190736	0.209809264	41262	32106	34047	87534	50266	26255	41858.33333	48631.66667	0.860721752	6.33E+05	9.65E+06	3.49E+06	4.59E+06	1	FALSE	0	151.608	94973.55392	-83816.17382	94973.55392	0	20	8.61304	-80.59042	24.5041656	8.00833321	80.8922577	57.1464462	29.8999996	20	9.89999962	24.0333328	24.5333328	25.3666668	23.9500008	2293	401	16	67.6412506	981	69	394	804	552
N/A	N/A	240804_D005	Colostethus panamansis	8/4/24	Panama	Altos de Campana	Rabbit	N/A	Adult	N/A	N/A	N/A		408	661	4.08E+04	6610	0.162009804	325	302	10	10	4	1.30E+05	1.21E+05	0.929230769	0.070769231	34134	60386	28052	55754	77896	37686	46694	51275.33333	0.910652295	8.77E+05	9.68E+06	8.19E+06	6.25E+06	1	TRUE	576.0498047	NA	104692.9167	-83815.99025	104692.9167	0	20	8.61304	-80.59042	24.5041656	8.00833321	80.8922577	57.1464462	29.8999996	20	9.89999962	24.0333328	24.5333328	25.3666668	23.9500008	2293	401	16	67.6412506	981	69	394	804	619
N/A	N/A	240804_D012	Colostethus panamansis	8/4/24	Panama	Altos de Campana	Rabbit	N/A	Adult	N/A	N/A	N/A		248	271	2.48E+04	2710	0.109274194	322	382	10	10	4	1.29E+05	1.53E+05	1.186335404	-0.186335404	31048	57993	21516	55759	27456	68509	26673.33333	60753.66667	0.439040716	4.75E+05	9.59E+06	4.46E+06	4.84E+06	1	TRUE	75.74201965	NA	139539.7304	-83817.72412	139539.7304	0	20.1	8.61304	-80.59042	24.5041656	8.00833321	80.8922577	57.1464462	29.8999996	20	9.89999962	24.0333328	24.5333328	25.3666668	23.9500008	2293	401	16	67.6412506	981	69	394	804	619
N/A	N/A	240804_D008	Colostethus panamansis	8/4/24	Panama	Altos de Campana	Rabbit	N/A	Adult	N/A	N/A	N/A		312	211	3.12E+04	2110	0.067628205	325	244	10	10	4	1.30E+05	9.76E+04	0.750769231	0.249230769	63444	74687	82267	58352	46563	23660	64091.33333	52233	1.227027613	9.19E+05	9.35E+06	3.37E+06	4.55E+06	1	TRUE	382.1060791	NA	108213.75	-83814.8271	108213.75	0	20.2	8.61304	-80.59042	24.5041656	8.00833321	80.8922577	57.1464462	29.8999996	20	9.89999962	24.0333328	24.5333328	25.3666668	23.9500008	2293	401	16	67.6412506	981	69	394	804	619
N/A	N/A	231119_K003	Colostethus panamansis	11/19/23	Panama	El Cope	Guabal	N/A	Adult	N/A	N/A	N/A		524	47	5.24E+04	470	0.008969466	332	272	10	10	4	1.33E+05	1.09E+05	0.819277108	0.180722892	33818	68003	63939	55692	48074	50855	48610.33333	58183.33333	0.835468347	4.50E+05	9.14E+06	5.31E+06	4.96E+06	1	TRUE	2174.24292	89.934	130089.9755	-83816.26666	130089.9755	0	20.4	8.61304	-80.59042	24.5041656	8.00833321	80.8922577	57.1464462	29.8999996	20	9.89999962	24.0333328	24.5333328	25.3666668	23.9500008	2293	401	16	67.6412506	981	69	394	804	552
N/A	N/A	240804_D007	Colostethus panamansis	8/4/24	Panama	Altos de Campana	Rabbit	N/A	Adult	N/A	N/A	N/A		319	470	3.19E+04	4700	0.147335423	322	328	10	10	4	1.29E+05	1.31E+05	1.01863354	-0.01863354	78052	78517	45077	20535	69229	32230	64119.33333	43760.66667	1.465227525	8.39E+05	9.56E+06	2.46E+06	4.28E+06	1	FALSE	0	NA	77065.46569	-83813.95137	77065.46569	0	20.5	8.61304	-80.59042	24.5041656	8.00833321	80.8922577	57.1464462	29.8999996	20	9.89999962	24.0333328	24.5333328	25.3666668	23.9500008	2293	401	16	67.6412506	981	69	394	804	619
N/A	N/A	241125_K003	Colostethus panamansis	11/25/24	Panama	El Cope	Guabal	N/A	Adult	N/A	N/A	N/A		538	386	5.38E+04	3860	0.071747212	290	251	10	10	4	1.16E+05	1.00E+05	0.865517241	0.134482759	27842	57685	41810	72260	86433	54887	52028.33333	61610.66667	0.844469572	3.54E+05	9.15E+06	7.66E+06	5.72E+06	1	FALSE	0	NA	142690.4657	-83816.23357	142690.4657	0	20.7	8.61304	-80.59042	24.5041656	8.00833321	80.8922577	57.1464462	29.8999996	20	9.89999962	24.0333328	24.5333328	25.3666668	23.9500008	2293	401	16	67.6412506	981	69	394	804	552
N/A	N/A	240720_K001	Colostethus panamansis	7/20/24	Panama	El Cope	Guabal	N/A	Adult	N/A	N/A	N/A		181	508	1.81E+04	5080	0.280662983	385	374	10	10	4	1.54E+05	1.50E+05	0.971428571	0.028571429	69845	79217	29853	62940	51896	28853	50531.33333	57003.33333	0.88646278	2.63E+05	9.31E+06	4.10E+06	4.56E+06	1	TRUE	1052.37146	NA	125751.7402	-83816.07918	125751.7402	0	20.8	8.61304	-80.59042	24.5041656	8.00833321	80.8922577	57.1464462	29.8999996	20	9.89999962	24.0333328	24.5333328	25.3666668	23.9500008	2293	401	16	67.6412506	981	69	394	804	552
N/A	N/A	240804_D003	Colostethus panamansis	8/4/24	Panama	Altos de Campana	Rabbit	N/A	Adult	N/A	N/A	N/A		223	460	2.23E+04	4600	0.206278027	383	367	10	10	4	1.53E+05	1.47E+05	0.958224543	0.041775457	46881	68992	48156	24805	77724	44771	57587	46189.33333	1.246759714	3.07E+05	9.47E+06	4.68E+05	3.41E+06	1	TRUE	4898.692383	NA	85994.38725	-83814.75456	85994.38725	0	20.8	8.61304	-80.59042	24.5041656	8.00833321	80.8922577	57.1464462	29.8999996	20	9.89999962	24.0333328	24.5333328	25.3666668	23.9500008	2293	401	16	67.6412506	981	69	394	804	619
N/A	N/A	231119_K004	Colostethus panamansis	11/19/23	Panama	El Cope	Guabal	N/A	Adult	N/A	N/A	N/A		526	308	5.26E+04	3080	0.058555133	349	256	10	10	4	1.40E+05	1.02E+05	0.733524355	0.266475645	28066	32728	55580	27782	25402	28889	36349.33333	29799.66667	1.219789931	6.03E+05	9.23E+06	1.46E+07	8.15E+06	1	TRUE	39.67700195	46.266	25738.2598	-83814.85371	25738.2598	0	20.9	8.61304	-80.59042	24.5041656	8.00833321	80.8922577	57.1464462	29.8999996	20	9.89999962	24.0333328	24.5333328	25.3666668	23.9500008	2293	401	16	67.6412506	981	69	394	804	552
N/A	N/A	241127_D001	Colostethus panamansis	11/27/24	Panama	El Cope	Guabal	N/A	Adult	N/A	N/A	N/A		100	441	1.00E+04	4410	0.441	372	307	10	10	4	1.49E+05	1.23E+05	0.825268817	0.174731183	62503	21444	71909	68724	40361	21646	58257.66667	37271.33333	1.563069025	3.38E+05	9.55E+06	3.41E+06	4.43E+06	1	FALSE	0	NA	53207.62255	-83813.59166	53207.62255	0	20.9	8.61304	-80.59042	24.5041656	8.00833321	80.8922577	57.1464462	29.8999996	20	9.89999962	24.0333328	24.5333328	25.3666668	23.9500008	2293	401	16	67.6412506	981	69	394	804	552
N/A	N/A	240720_K002	Colostethus panamansis	7/20/24	Panama	El Cope	Guabal	N/A	Adult	N/A	N/A	N/A		451	571	4.51E+04	5710	0.126607539	331	302	10	10	4	1.32E+05	1.21E+05	0.912386707	0.087613293	52384	32830	28680	57560	20187	71155	33750.33333	53848.33333	0.626766536	4.97E+05	9.12E+06	1.38E+07	7.79E+06	1	TRUE	17.99830627	NA	114152.4755	-83817.03395	114152.4755	0	20.9	8.61304	-80.59042	24.5041656	8.00833321	80.8922577	57.1464462	29.8999996	20	9.89999962	24.0333328	24.5333328	25.3666668	23.9500008	2293	401	16	67.6412506	981	69	394	804	552
N/A	N/A	231119_K005	Colostethus panamansis	11/19/23	Panama	El Cope	Guabal	N/A	Adult	N/A	N/A	N/A		404	301	4.04E+04	3010	0.07450495	391	266	10	10	4	1.56E+05	1.06E+05	0.680306905	0.319693095	49037	85946	61157	32918	27180	82569	45791.33333	67144.33333	0.681983588	5.26E+05	9.64E+06	1.16E+06	3.77E+06	1	FALSE	0	72.072	163034.8284	-83816.83094	163034.8284	0	21.3	8.61304	-80.59042	24.5041656	8.00833321	80.8922577	57.1464462	29.8999996	20	9.89999962	24.0333328	24.5333328	25.3666668	23.9500008	2293	401	16	67.6412506	981	69	394	804	552
N/A	N/A	240804_D006	Colostethus panamansis	8/4/24	Panama	Altos de Campana	Rabbit	N/A	Adult	N/A	N/A	N/A		464	340	4.64E+04	3400	0.073275862	326	244	10	10	4	1.30E+05	9.76E+04	0.748466258	0.251533742	32411	70035	29983	45472	47261	52280	36551.66667	55929	0.653536925	5.30E+05	9.23E+06	3.84E+06	4.53E+06	1	FALSE	0	NA	121801.9853	-83816.93553	121801.9853	0	21.3	8.61304	-80.59042	24.5041656	8.00833321	80.8922577	57.1464462	29.8999996	20	9.89999962	24.0333328	24.5333328	25.3666668	23.9500008	2293	401	16	67.6412506	981	69	394	804	619
N/A	N/A	240720_K004	Colostethus panamansis	7/20/24	Panama	El Cope	Guabal	N/A	Adult	N/A	N/A	N/A		164	63	1.64E+04	630	0.038414634	282	280	10	10	4	1.13E+05	1.12E+05	0.992907801	0.007092199	34571	62707	31242	68308	47859	86812	37890.66667	72609	0.521845318	7.32E+05	9.13E+06	4.09E+06	4.65E+06	1	FALSE	0	NA	183125.5147	-83817.41969	183125.5147	0	21.3	8.61304	-80.59042	24.5041656	8.00833321	80.8922577	57.1464462	29.8999996	20	9.89999962	24.0333328	24.5333328	25.3666668	23.9500008	2293	401	16	67.6412506	981	69	394	804	552
N/A	N/A	231120_K023	Colostethus panamansis	11/20/23	Panama	El Cope	Guabal	N/A	Adult	N/A	N/A	N/A		360	358	3.60E+04	3580	0.099444444	341	354	10	10	4	1.36E+05	1.42E+05	1.038123167	-0.038123167	44216	67392	30339	35032	27980	24003	34178.33333	42142.33333	0.81102138	1.29E+05	9.45E+06	7.19E+06	5.59E+06	1	TRUE	7.014809608	384.18	71115.71078	-83816.35654	71115.71078	0	21.4	8.61304	-80.59042	24.5041656	8.00833321	80.8922577	57.1464462	29.8999996	20	9.89999962	24.0333328	24.5333328	25.3666668	23.9500008	2293	401	16	67.6412506	981	69	394	804	552
N/A	N/A	240804_D002	Colostethus panamansis	8/4/24	Panama	Altos de Campana	Rabbit	N/A	Adult	N/A	N/A	N/A		395	134	3.95E+04	1340	0.033924051	405	291	10	10	4	1.62E+05	1.16E+05	0.718518519	0.281481481	69476	54154	58453	29891	79080	86192	69003	56745.66667	1.216004746	5.24E+05	9.23E+06	3.21E+06	4.32E+06	1	FALSE	0	NA	124804.4363	-83814.86763	124804.4363	0	21.5	8.61304	-80.59042	24.5041656	8.00833321	80.8922577	57.1464462	29.8999996	20	9.89999962	24.0333328	24.5333328	25.3666668	23.9500008	2293	401	16	67.6412506	981	69	394	804	619
N/A	N/A	241124_026	Colostethus panamansis	11/24/24	Panama	El Cope	Medina		Adult	N/A	N/A	N/A		299	305	2.99E+04	3050	0.102006689	342	358	10	10	4	1.37E+05	1.43E+05	1.046783626	-0.046783626	79413	28929	91366	57497	62251	67917	77676.66667	51447.66667	1.509819039	8.70E+05	9.19E+06	1.82E+05	3.41E+06	1	TRUE	850.3183594	NA	105326.4951	-83813.78743	105326.4951	0	21.5	8.60359	-80.68257	23.67083359	7.924999714	80.86735535	52.84877014	28.89999962	19.10000038	9.799999237	23.28333282	23.63333321	24.48333359	23.20000076	2634	483	19	68.12210846	1212	97	353	623	300
N/A	N/A	241126_K003	Colostethus panamansis	11/26/24	Panama	El Cope	Medina		Adult	N/A	N/A	N/A		436	271	4.36E+04	2710	0.062155963	391	340	10	10	4	1.56E+05	1.36E+05	0.869565217	0.130434783	42769	61880	73576	38141	48323	46795	54889.33333	48938.66667	1.121594377	5.67E+05	9.57E+06	9.32E+06	6.48E+06	1	FALSE	0	NA	96102.23039	-83815.21473	96102.23039	0	21.6	8.60359	-80.68257	23.67083359	7.924999714	80.86735535	52.84877014	28.89999962	19.10000038	9.799999237	23.28333282	23.63333321	24.48333359	23.20000076	2634	483	19	68.12210846	1212	97	353	623	300
N/A	N/A	240804_D001	Colostethus panamansis	8/4/24	Panama	Altos de Campana	Rabbit	N/A	Adult	N/A	N/A	N/A		258	423	2.58E+04	4230	0.163953488	283	334	10	10	4	1.13E+05	1.34E+05	1.180212014	-0.180212014	63851	30603	30775	92101	54101	71482	49575.66667	64728.66667	0.765899704	8.31E+05	9.16E+06	1.29E+07	7.65E+06	1	FALSE	0	NA	154153.701	-83816.52243	154153.701	0	21.8	8.61304	-80.59042	24.5041656	8.00833321	80.8922577	57.1464462	29.8999996	20	9.89999962	24.0333328	24.5333328	25.3666668	23.9500008	2293	401	16	67.6412506	981	69	394	804	619
N/A	N/A	240720_K003	Colostethus panamansis	7/20/24	Panama	El Cope	Guabal	N/A	Adult	N/A	N/A	N/A		484	130	4.84E+04	1300	0.026859504	359	341	10	10	4	1.44E+05	1.36E+05	0.949860724	0.050139276	76570	58256	73983	77520	30953	22930	60502	52902	1.143661865	4.91E+05	9.17E+06	1.24E+07	7.37E+06	1	TRUE	4033.771484	NA	110673.3088	-83815.1336	110673.3088	0	21.8	8.61304	-80.59042	24.5041656	8.00833321	80.8922577	57.1464462	29.8999996	20	9.89999962	24.0333328	24.5333328	25.3666668	23.9500008	2293	401	16	67.6412506	981	69	394	804	552
N/A	N/A	241126_H019	Colostethus panamansis	11/26/24	Panama	El Cope	Guabal	N/A	Adult	N/A	N/A	N/A		498	29	4.98E+04	290	0.005823293	383	299	10	10	4	1.53E+05	1.20E+05	0.780678851	0.219321149	46875	59178	83969	78008	51600	53427	60814.66667	63537.66667	0.957143532	6.08E+05	9.53E+06	1.10E+07	7.04E+06	1	TRUE	1949.710938	NA	149775.0245	-83815.81933	149775.0245	0	21.9	8.61304	-80.59042	24.5041656	8.00833321	80.8922577	57.1464462	29.8999996	20	9.89999962	24.0333328	24.5333328	25.3666668	23.9500008	2293	401	16	67.6412506	981	69	394	804	552
N/A	N/A	231121_K006	Colostethus panamansis	11/21/23	Panama	El Cope	Guabal	N/A	Adult	N/A	N/A	N/A		497	472	4.97E+04	4720	0.094969819	326	231	10	10	4	1.30E+05	9.24E+04	0.708588957	0.291411043	33016	76936	19876	46373	26834	44242	26575.33333	55850.33333	0.475831239	6.65E+05	9.67E+06	1.70E+06	4.01E+06	1	TRUE	7234.517578	76.68	121512.7696	-83817.58886	121512.7696	0	22	8.61304	-80.59042	24.5041656	8.00833321	80.8922577	57.1464462	29.8999996	20	9.89999962	24.0333328	24.5333328	25.3666668	23.9500008	2293	401	16	67.6412506	981	69	394	804	552
N/A	N/A	240804_D010	Colostethus panamansis	8/4/24	Panama	Altos de Campana	Rabbit	N/A	Adult	N/A	N/A	N/A		497	40	4.97E+04	400	0.00804829	284	375	10	10	4	1.14E+05	1.50E+05	1.320422535	-0.320422535	62055	54782	21092	32671	51987	83996	45044.66667	57149.66667	0.788187741	4.18E+05	9.27E+06	3.60E+06	4.43E+06	1	FALSE	0	NA	126289.7304	-83816.44049	126289.7304	0	22	8.61304	-80.59042	24.5041656	8.00833321	80.8922577	57.1464462	29.8999996	20	9.89999962	24.0333328	24.5333328	25.3666668	23.9500008	2293	401	16	67.6412506	981	69	394	804	619
N/A	N/A	241125_D003	Colostethus panamansis	11/25/24	Panama	El Cope	Medina		Adult	N/A	N/A	N/A		137	245	1.37E+04	2450	0.178832117	420	288	10	10	4	1.68E+05	1.15E+05	0.685714286	0.314285714	87053	41865	72939	66101	89272	33103	83088	47023	1.766965102	8.73E+05	9.22E+06	1.03E+07	6.79E+06	1	TRUE	109.2241974	NA	89059.33824	-83812.84204	89059.33824	0	22	8.60359	-80.68257	23.67083359	7.924999714	80.86735535	52.84877014	28.89999962	19.10000038	9.799999237	23.28333282	23.63333321	24.48333359	23.20000076	2634	483	19	68.12210846	1212	97	353	623	300
N/A	N/A	241126_K002	Colostethus panamansis	11/26/24	Panama	El Cope	Medina		Adult	N/A	N/A	N/A		430	63	4.30E+04	630	0.014651163	362	372	10	10	4	1.45E+05	1.49E+05	1.027624309	-0.027624309	27770	59655	60517	41932	26771	19718	38352.66667	40435	0.948501711	2.62E+05	9.38E+06	1.53E+07	8.32E+06	1	TRUE	924.8111572	NA	64838.75	-83815.8511	64838.75	0	22.6	8.60359	-80.68257	23.67083359	7.924999714	80.86735535	52.84877014	28.89999962	19.10000038	9.799999237	23.28333282	23.63333321	24.48333359	23.20000076	2634	483	19	68.12210846	1212	97	353	623	300
N/A	N/A	240721_K004	Colostethus panamansis	7/21/24	Panama	El Cope	Medina		Adult	N/A	N/A	N/A		409	359	4.09E+04	3590	0.087775061	372	240	10	10	4	1.49E+05	9.60E+04	0.64516129	0.35483871	44661	29111	45001	20362	57361	36159	49007.66667	28544	1.716916573	2.13E+05	9.21E+06	6.70E+05	3.37E+06	1	FALSE	0	NA	21121.83824	-83813.02604	21121.83824	0	23.1	8.60359	-80.68257	23.67083359	7.924999714	80.86735535	52.84877014	28.89999962	19.10000038	9.799999237	23.28333282	23.63333321	24.48333359	23.20000076	2634	483	19	68.12210846	1212	97	353	623	300
N/A	N/A	240722_K003	Colostethus panamansis	7/22/24	Panama	El Cope	Medina		Adult	N/A	N/A	N/A		485	535	4.85E+04	5350	0.110309278	300	235	10	10	4	1.20E+05	9.40E+04	0.783333333	0.216666667	86184	67713	87692	53229	34558	69717	69478	63553	1.093229273	5.39E+05	9.47E+06	1.32E+07	7.74E+06	1	FALSE	0	NA	149831.3971	-83815.31901	149831.3971	0	23.2	8.60359	-80.68257	23.67083359	7.924999714	80.86735535	52.84877014	28.89999962	19.10000038	9.799999237	23.28333282	23.63333321	24.48333359	23.20000076	2634	483	19	68.12210846	1212	97	353	623	300
N/A	N/A	240722_K001	Colostethus panamansis	7/22/24	Panama	El Cope	Medina		Adult	N/A	N/A	N/A		503	481	5.03E+04	4810	0.095626243	399	351	10	10	4	1.60E+05	1.40E+05	0.879699248	0.120300752	52876	71520	29092	75466	35342	83287	39103.33333	76757.66667	0.509438797	7.07E+05	9.35E+06	1.04E+07	6.82E+06	1	FALSE	0	NA	198377.9657	-83817.4653	198377.9657	0	23.6	8.60359	-80.68257	23.67083359	7.924999714	80.86735535	52.84877014	28.89999962	19.10000038	9.799999237	23.28333282	23.63333321	24.48333359	23.20000076	2634	483	19	68.12210846	1212	97	353	623	300
N/A	N/A	240722_K002	Colostethus panamansis	7/22/24	Panama	El Cope	Medina		Adult	N/A	N/A	N/A		435	127	4.35E+04	1270	0.029195402	345	350	10	10	4	1.38E+05	1.40E+05	1.014492754	-0.014492754	76987	45431	95911	44116	64825	78739	79241	56095.33333	1.412613052	8.28E+05	9.33E+06	2.98E+06	4.38E+06	1	TRUE	17.43543243	NA	122413.5049	-83814.1448	122413.5049	0	23.8	8.60359	-80.68257	23.67083359	7.924999714	80.86735535	52.84877014	28.89999962	19.10000038	9.799999237	23.28333282	23.63333321	24.48333359	23.20000076	2634	483	19	68.12210846	1212	97	353	623	300
N/A	N/A	240721_K003	Colostethus panamansis	7/21/24	Panama	El Cope	Medina		Adult	N/A	N/A	N/A		403	148	4.03E+04	1480	0.036724566	370	374	10	10	4	1.48E+05	1.50E+05	1.010810811	-0.010810811	87140	59964	87059	88972	45845	73387	73348	74107.66667	0.989749149	6.76E+05	9.56E+06	7.20E+06	5.81E+06	1	FALSE	0	NA	188635.3186	-83815.69945	188635.3186	0	24.4	8.60359	-80.68257	23.67083359	7.924999714	80.86735535	52.84877014	28.89999962	19.10000038	9.799999237	23.28333282	23.63333321	24.48333359	23.20000076	2634	483	19	68.12210846	1212	97	353	623	300
N/A	N/A	240721_K005	Colostethus panamansis	7/21/24	Panama	El Cope	Medina		Adult	N/A	N/A	N/A		251	602	2.51E+04	6020	0.239840637	387	231	10	10	4	1.55E+05	9.24E+04	0.596899225	0.403100775	66781	66588	68326	76294	47607	85923	60904.66667	76268.33333	0.798557724	3.83E+05	9.63E+06	5.54E+06	5.18E+06	1	TRUE	19.06899452	NA	196578.9461	-83816.40236	196578.9461	0	25.2	8.60359	-80.68257	23.67083359	7.924999714	80.86735535	52.84877014	28.89999962	19.10000038	9.799999237	23.28333282	23.63333321	24.48333359	23.20000076	2634	483	19	68.12210846	1212	97	353	623	300
N/A	N/A	240721_K002	Colostethus panamansis	7/21/24	Panama	El Cope	Medina		Adult	N/A	N/A	N/A		489	277	4.89E+04	2770	0.056646217	399	343	10	10	4	1.60E+05	1.37E+05	0.859649123	0.140350877	27475	77997	33537	85513	70249	25301	43753.66667	62937	0.695197843	7.89E+05	9.57E+06	1.17E+07	7.36E+06	1	TRUE	734.835022	NA	147566.6912	-83816.78236	147566.6912	0	25.7	8.60359	-80.68257	23.67083359	7.924999714	80.86735535	52.84877014	28.89999962	19.10000038	9.799999237	23.28333282	23.63333321	24.48333359	23.20000076	2634	483	19	68.12210846	1212	97	353	623	300
N/A	N/A	230722_011	Colostethus panamansis	7/22/23	Panama	El Cope	Medina		Adult	N/A	N/A	N/A		523	86	5.23E+04	860	0.016443595	348	226	10	10	4	1.39E+05	9.04E+04	0.649425287	0.350574713	42526	66903	89022	88326	73488	48785	68345.33333	68004.66667	1.00500946	2.36E+05	9.45E+06	3.90E+06	4.53E+06	1	TRUE	5.156975269	3.744	166197.8186	-83815.64335	166197.8186	0	NA	8.60359	-80.68257	23.67083359	7.924999714	80.86735535	52.84877014	28.89999962	19.10000038	9.799999237	23.28333282	23.63333321	24.48333359	23.20000076	2634	483	19	68.12210846	1212	97	353	623	300
N/A	N/A	230807_C001	Colostethus panamansis	8/7/23	Panama	Altos de Campana	Rabbit	N/A	Adult	N/A	N/A	N/A		301	230	3.01E+04	2300	0.07641196	393	243	10	10	4	1.57E+05	9.72E+04	0.618320611	0.381679389	20328	58716	35405	40703	67176	36050	40969.66667	45156.33333	0.907285062	6.69E+05	9.41E+06	1.47E+06	3.85E+06	1	TRUE	4.141653061	4.188	82196.59314	-83816.00263	82196.59314	0	NA	8.61304	-80.59042	24.5041656	8.00833321	80.8922577	57.1464462	29.8999996	20	9.89999962	24.0333328	24.5333328	25.3666668	23.9500008	2293	401	16	67.6412506	981	69	394	804	619
N/A	N/A	230806_K009	Colostethus panamansis	8/6/23	Panama	Altos de Campana	Rabbit	N/A	Adult	N/A	N/A	N/A		219	549	2.19E+04	5490	0.250684932	292	315	10	10	4	1.17E+05	1.26E+05	1.078767123	-0.078767123	83510	47847	92700	73149	42384	81838	72864.66667	67611.33333	1.077699005	4.71E+05	9.61E+06	4.61E+06	4.90E+06	1	TRUE	5.445845127	5.394	164751.7402	-83815.37611	164751.7402	0	NA	8.61304	-80.59042	24.5041656	8.00833321	80.8922577	57.1464462	29.8999996	20	9.89999962	24.0333328	24.5333328	25.3666668	23.9500008	2293	401	16	67.6412506	981	69	394	804	619
N/A	N/A	230806_K018	Colostethus panamansis	8/6/23	Panama	Altos de Campana	Rabbit	N/A	Adult	N/A	N/A	N/A		476	293	4.76E+04	2930	0.061554622	288	363	10	10	4	1.15E+05	1.45E+05	1.260416667	-0.260416667	27730	22028	30777	48693	59821	77901	39442.66667	49540.66667	0.796167458	7.09E+05	9.57E+06	1.29E+07	7.74E+06	1	FALSE	0	6.222	98315.46569	-83816.41115	98315.46569	0	NA	8.61304	-80.59042	24.5041656	8.00833321	80.8922577	57.1464462	29.8999996	20	9.89999962	24.0333328	24.5333328	25.3666668	23.9500008	2293	401	16	67.6412506	981	69	394	804	619
N/A	N/A	230722_015	Colostethus panamansis	7/22/23	Panama	El Cope	Medina		Adult	N/A	N/A	N/A		524	460	5.24E+04	4600	0.08778626	295	286	10	10	4	1.18E+05	1.14E+05	0.969491525	0.030508475	45998	79147	72558	44974	29456	22663	49337.33333	48928	1.008366034	7.40E+05	9.57E+06	1.17E+07	7.33E+06	1	TRUE	6.834383488	8.958	96063.01471	-83815.63101	96063.01471	0	NA	8.60359	-80.68257	23.67083359	7.924999714	80.86735535	52.84877014	28.89999962	19.10000038	9.799999237	23.28333282	23.63333321	24.48333359	23.20000076	2634	483	19	68.12210846	1212	97	353	623	300
N/A	N/A	230722_013	Colostethus panamansis	7/22/23	Panama	El Cope	Medina		Adult	N/A	N/A	N/A		283	582	2.83E+04	5820	0.20565371	373	343	10	10	4	1.49E+05	1.37E+05	0.919571046	0.080428954	57318	48483	78359	90241	63615	89676	66430.66667	76133.33333	0.872556918	6.86E+05	9.37E+06	8.25E+06	6.10E+06	1	TRUE	12.85698414	12.228	196082.6225	-83816.13031	196082.6225	0	NA	8.60359	-80.68257	23.67083359	7.924999714	80.86735535	52.84877014	28.89999962	19.10000038	9.799999237	23.28333282	23.63333321	24.48333359	23.20000076	2634	483	19	68.12210846	1212	97	353	623	300
N/A	N/A	230723_001	Colostethus panamansis	7/23/23	Panama	El Cope	Medina		Adult	N/A	N/A	N/A		529	92	5.29E+04	920	0.017391304	294	279	10	10	4	1.18E+05	1.12E+05	0.948979592	0.051020408	48291	62161	60368	33533	55202	57690	54620.33333	51128	1.06830569	6.58E+05	9.66E+06	1.50E+07	8.42E+06	1	FALSE	0	14.04	104151.25	-83815.41064	104151.25	0	NA	8.60359	-80.68257	23.67083359	7.924999714	80.86735535	52.84877014	28.89999962	19.10000038	9.799999237	23.28333282	23.63333321	24.48333359	23.20000076	2634	483	19	68.12210846	1212	97	353	623	300
N/A	N/A	230806_K012	Colostethus panamansis	8/6/23	Panama	Altos de Campana	Rabbit	N/A	Adult	N/A	N/A	N/A		278	233	2.78E+04	2330	0.08381295	406	228	10	10	4	1.62E+05	9.12E+04	0.561576355	0.438423645	78448	48387	32689	39162	86655	60611	65930.66667	49386.66667	1.334989201	4.75E+05	9.35E+06	1.80E+06	3.87E+06	1	FALSE	0	16.968	97749.28922	-83814.43019	97749.28922	0	NA	8.61304	-80.59042	24.5041656	8.00833321	80.8922577	57.1464462	29.8999996	20	9.89999962	24.0333328	24.5333328	25.3666668	23.9500008	2293	401	16	67.6412506	981	69	394	804	619
N/A	N/A	230806_K014	Colostethus panamansis	8/6/23	Panama	Altos de Campana	Rabbit	N/A	Adult	N/A	N/A	N/A		489	493	4.89E+04	4930	0.100817996	362	225	10	10	4	1.45E+05	9.00E+04	0.621546961	0.378453039	61067	38597	58760	55216	39342	18959	53056.33333	37590.66667	1.411423048	2.99E+05	9.67E+06	1.29E+07	7.63E+06	1	FALSE	0	18.222	54381.64216	-83814.14918	54381.64216	0	NA	8.61304	-80.59042	24.5041656	8.00833321	80.8922577	57.1464462	29.8999996	20	9.89999962	24.0333328	24.5333328	25.3666668	23.9500008	2293	401	16	67.6412506	981	69	394	804	619
N/A	N/A	230807_C005	Colostethus panamansis	8/7/23	Panama	Altos de Campana	Rabbit	N/A	Adult	N/A	N/A	N/A		184	188	1.84E+04	1880	0.102173913	304	320	10	10	4	1.22E+05	1.28E+05	1.052631579	-0.052631579	39688	30780	94632	49449	80366	46494	71562	42241	1.694136029	1.75E+05	9.41E+06	6.70E+06	5.43E+06	1	TRUE	46.42150116	19.806	71478.45588	-83813.10979	71478.45588	0	NA	8.61304	-80.59042	24.5041656	8.00833321	80.8922577	57.1464462	29.8999996	20	9.89999962	24.0333328	24.5333328	25.3666668	23.9500008	2293	401	16	67.6412506	981	69	394	804	619
N/A	N/A	230720_C003	Colostethus panamansis	7/20/23	Panama	El Cope	Guabal	N/A	Adult	N/A	N/A	N/A		215	549	2.15E+04	5490	0.255348837	410	277	10	10	4	1.64E+05	1.11E+05	0.675609756	0.324390244	25160	61709	87803	68918	81454	36859	64805.66667	55828.66667	1.160795529	2.25E+05	9.63E+06	6.97E+06	5.61E+06	1	FALSE	0	20.028	121433.1127	-83815.0706	121433.1127	0	NA	8.61304	-80.59042	24.5041656	8.00833321	80.8922577	57.1464462	29.8999996	20	9.89999962	24.0333328	24.5333328	25.3666668	23.9500008	2293	401	16	67.6412506	981	69	394	804	552
N/A	N/A	231128_S007	Colostethus panamansis	11/28/23	Panama	El Cope	Medina		Adult	N/A	N/A	N/A		273	364	2.73E+04	3640	0.133333333	372	344	10	10	4	1.49E+05	1.38E+05	0.924731183	0.075268817	26314	71658	24488	72448	63282	38731	38028	60945.66667	0.623965609	3.64E+05	9.27E+06	1.22E+06	3.62E+06	1	TRUE	6.231163025	23.742	140245.6127	-83817.04424	140245.6127	0	NA	8.60359	-80.68257	23.67083359	7.924999714	80.86735535	52.84877014	28.89999962	19.10000038	9.799999237	23.28333282	23.63333321	24.48333359	23.20000076	2634	483	19	68.12210846	1212	97	353	623	300
N/A	N/A	230806_K017	Colostethus panamansis	8/6/23	Panama	Altos de Campana	Rabbit	N/A	Adult	N/A	N/A	N/A		505	517	5.05E+04	5170	0.102376238	331	358	10	10	4	1.32E+05	1.43E+05	1.081570997	-0.081570997	60051	51662	67099	79820	89904	75745	72351.33333	69075.66667	1.047421427	1.22E+05	9.66E+06	4.51E+06	4.76E+06	1	FALSE	0	29.496	170135.3186	-83815.48742	170135.3186	0	NA	8.61304	-80.59042	24.5041656	8.00833321	80.8922577	57.1464462	29.8999996	20	9.89999962	24.0333328	24.5333328	25.3666668	23.9500008	2293	401	16	67.6412506	981	69	394	804	619
N/A	N/A	231128_S009	Colostethus panamansis	11/28/23	Panama	El Cope	Medina		Adult	N/A	N/A	N/A		170	183	1.70E+04	1830	0.107647059	324	270	10	10	4	1.30E+05	1.08E+05	0.833333333	0.166666667	82044	63884	19468	71729	72215	19041	57909	51551.33333	1.12332691	7.93E+05	9.19E+06	4.55E+06	4.85E+06	1	FALSE	0	32.892	105707.6225	-83815.20836	105707.6225	0	NA	8.60359	-80.68257	23.67083359	7.924999714	80.86735535	52.84877014	28.89999962	19.10000038	9.799999237	23.28333282	23.63333321	24.48333359	23.20000076	2634	483	19	68.12210846	1212	97	353	623	300
N/A	N/A	231128_S008	Colostethus panamansis	11/28/23	Panama	El Cope	Medina		Adult	N/A	N/A	N/A		249	406	2.49E+04	4060	0.163052209	283	245	10	10	4	1.13E+05	9.80E+04	0.865724382	0.134275618	37915	49581	87404	72516	20087	54262	48468.66667	58786.33333	0.824488685	7.32E+05	9.53E+06	1.01E+05	3.45E+06	1	TRUE	151.6597748	41.202	132306.8873	-83816.30703	132306.8873	0	NA	8.60359	-80.68257	23.67083359	7.924999714	80.86735535	52.84877014	28.89999962	19.10000038	9.799999237	23.28333282	23.63333321	24.48333359	23.20000076	2634	483	19	68.12210846	1212	97	353	623	300
N/A	N/A	230720_C004	Colostethus panamansis	7/20/23	Panama	El Cope	Guabal	N/A	Adult	N/A	N/A	N/A		366	31	3.66E+04	310	0.008469945	280	336	10	10	4	1.12E+05	1.34E+05	1.2	-0.2	50724	54812	27562	48818	70706	58234	49664	53954.66667	0.920476449	8.61E+05	9.49E+06	3.89E+05	3.58E+06	1	FALSE	0	44.358	114543.4069	-83815.95413	114543.4069	0	NA	8.61304	-80.59042	24.5041656	8.00833321	80.8922577	57.1464462	29.8999996	20	9.89999962	24.0333328	24.5333328	25.3666668	23.9500008	2293	401	16	67.6412506	981	69	394	804	552
N/A	N/A	231128_S005	Colostethus panamansis	11/28/23	Panama	El Cope	Medina		Adult	N/A	N/A	N/A		112	176	1.12E+04	1760	0.157142857	342	262	10	10	4	1.37E+05	1.05E+05	0.766081871	0.233918129	45029	73877	26189	49484	62835	22803	44684.33333	48721.33333	0.91714102	1.74E+05	9.38E+06	1.10E+07	6.85E+06	1	FALSE	0	51.936	95303.21078	-83815.96639	95303.21078	0	NA	8.60359	-80.68257	23.67083359	7.924999714	80.86735535	52.84877014	28.89999962	19.10000038	9.799999237	23.28333282	23.63333321	24.48333359	23.20000076	2634	483	19	68.12210846	1212	97	353	623	300
N/A	N/A	230806_K015	Colostethus panamansis	8/6/23	Panama	Altos de Campana	Rabbit	N/A	Adult	N/A	N/A	N/A		291	117	2.91E+04	1170	0.040206186	340	362	10	10	4	1.36E+05	1.45E+05	1.064705882	-0.064705882	71752	50141	43990	91458	74472	40046	63404.66667	60548.33333	1.047174434	3.99E+05	9.25E+06	5.68E+06	5.11E+06	1	TRUE	37.48221588	63.3	138784.8284	-83815.48833	138784.8284	0	NA	8.61304	-80.59042	24.5041656	8.00833321	80.8922577	57.1464462	29.8999996	20	9.89999962	24.0333328	24.5333328	25.3666668	23.9500008	2293	401	16	67.6412506	981	69	394	804	619
N/A	N/A	231128_S006	Colostethus panamansis	11/28/23	Panama	El Cope	Medina		Adult	N/A	N/A	N/A		118	11	1.18E+04	110	0.009322034	319	343	10	10	4	1.28E+05	1.37E+05	1.07523511	-0.07523511	48987	23248	91283	77251	55690	58496	65320	52998.33333	1.232491588	3.03E+05	9.51E+06	3.44E+06	4.42E+06	1	FALSE	0	71.346	111027.4755	-83814.80702	111027.4755	0	NA	8.60359	-80.68257	23.67083359	7.924999714	80.86735535	52.84877014	28.89999962	19.10000038	9.799999237	23.28333282	23.63333321	24.48333359	23.20000076	2634	483	19	68.12210846	1212	97	353	623	300
N/A	N/A	230806_K010	Colostethus panamansis	8/6/23	Panama	Altos de Campana	Rabbit	N/A	Adult	N/A	N/A	N/A		547	316	5.47E+04	3160	0.057769653	346	311	10	10	4	1.38E+05	1.24E+05	0.898843931	0.101156069	26207	50388	66441	54777	46284	45914	46310.66667	50359.66667	0.919598356	1.36E+05	9.25E+06	2.72E+06	4.04E+06	1	FALSE	0	75.978	101326.4951	-83815.95736	101326.4951	0	NA	8.61304	-80.59042	24.5041656	8.00833321	80.8922577	57.1464462	29.8999996	20	9.89999962	24.0333328	24.5333328	25.3666668	23.9500008	2293	401	16	67.6412506	981	69	394	804	619
N/A	N/A	231120_K003	Colostethus panamansis	11/20/23	Panama	El Cope	Guabal	N/A	Adult	N/A	N/A	N/A		496	219	4.96E+04	2190	0.044153226	303	325	10	10	4	1.21E+05	1.30E+05	1.072607261	-0.072607261	31989	40322	21657	65766	87850	56148	47165.33333	54078.66667	0.872161542	8.70E+05	9.66E+06	1.39E+07	8.15E+06	1	TRUE	753.3728027	83.79	114999.2892	-83816.13176	114999.2892	0	NA	8.61304	-80.59042	24.5041656	8.00833321	80.8922577	57.1464462	29.8999996	20	9.89999962	24.0333328	24.5333328	25.3666668	23.9500008	2293	401	16	67.6412506	981	69	394	804	552
N/A	N/A	230807_C003	Colostethus panamansis	8/7/23	Panama	Altos de Campana	Rabbit	N/A	Adult	N/A	N/A	N/A		126	552	1.26E+04	5520	0.438095238	412	306	10	10	4	1.65E+05	1.22E+05	0.742718447	0.257281553	73029	59909	94639	92646	46025	42330	71231	64961.66667	1.096508197	5.17E+05	9.17E+06	1.70E+06	3.80E+06	1	TRUE	9.326052666	92.934	155010.3186	-83815.30696	155010.3186	0	NA	8.61304	-80.59042	24.5041656	8.00833321	80.8922577	57.1464462	29.8999996	20	9.89999962	24.0333328	24.5333328	25.3666668	23.9500008	2293	401	16	67.6412506	981	69	394	804	619
N/A	N/A	231120_K002	Colostethus panamansis	11/20/23	Panama	El Cope	Guabal	N/A	Adult	N/A	N/A	N/A		167	119	1.67E+04	1190	0.071257485	398	269	10	10	4	1.59E+05	1.08E+05	0.675879397	0.324120603	26383	63127	19327	59211	64838	66318	36849.33333	62885.33333	0.585976592	3.14E+05	9.36E+06	6.93E+06	5.53E+06	1	FALSE	0	153.504	147376.7402	-83817.18391	147376.7402	0	NA	8.61304	-80.59042	24.5041656	8.00833321	80.8922577	57.1464462	29.8999996	20	9.89999962	24.0333328	24.5333328	25.3666668	23.9500008	2293	401	16	67.6412506	981	69	394	804	552
N/A	N/A	231128_S004	Colostethus panamansis	11/28/23	Panama	El Cope	Medina		Adult	N/A	N/A	N/A		380	56	3.80E+04	560	0.014736842	379	335	10	10	4	1.52E+05	1.34E+05	0.883905013	0.116094987	29613	45127	80617	33178	44359	62272	51529.66667	46859	1.099674911	5.87E+05	9.32E+06	7.45E+06	5.79E+06	1	FALSE	0	187.944	88456.39706	-83815.29531	88456.39706	0	NA	8.60359	-80.68257	23.67083359	7.924999714	80.86735535	52.84877014	28.89999962	19.10000038	9.799999237	23.28333282	23.63333321	24.48333359	23.20000076	2634	483	19	68.12210846	1212	97	353	623	300
N/A	N/A	240721_D001	Colostethus panamansis	7/21/24	Panama	El Cope	Guabal	N/A	Adult	N/A	N/A	N/A		474	223	4.74E+04	2230	0.047046414	312	334	10	10	4	1.25E+05	1.34E+05	1.070512821	-0.070512821	44932	63258	61457	66684	86947	26044	64445.33333	51995.33333	1.239444566	1.86E+05	9.54E+06	1.21E+07	7.26E+06	1	FALSE	0	NA	107339.9755	-83814.78145	107339.9755	0	NA	8.61304	-80.59042	24.5041656	8.00833321	80.8922577	57.1464462	29.8999996	20	9.89999962	24.0333328	24.5333328	25.3666668	23.9500008	2293	401	16	67.6412506	981	69	394	804	552
N/A	N/A	240722_D003	Colostethus panamansis	7/22/24	Panama	El Cope	Guabal	N/A	Adult	N/A	N/A	N/A		127	241	1.27E+04	2410	0.18976378	371	339	10	10	4	1.48E+05	1.36E+05	0.913746631	0.086253369	77452	50363	45633	83582	65132	20137	62739	51360.66667	1.221537882	3.81E+05	9.42E+06	9.45E+06	6.42E+06	1	FALSE	0	NA	105006.6422	-83814.84729	105006.6422	0	NA	8.61304	-80.59042	24.5041656	8.00833321	80.8922577	57.1464462	29.8999996	20	9.89999962	24.0333328	24.5333328	25.3666668	23.9500008	2293	401	16	67.6412506	981	69	394	804	552
N/A	N/A	240720_D009	Colostethus panamansis	7/20/24	Panama	El Cope	Medina		Adult	N/A	N/A	N/A		448	232	4.48E+04	2320	0.051785714	416	229	10	10	4	1.66E+05	9.16E+04	0.550480769	0.449519231	41611	57799	57135	22170	68654	44432	55800	41467	1.345648347	4.21E+05	9.11E+06	5.94E+06	5.16E+06	1	FALSE	0	NA	68632.86765	-83814.391	68632.86765	0	NA	8.60359	-80.68257	23.67083359	7.924999714	80.86735535	52.84877014	28.89999962	19.10000038	9.799999237	23.28333282	23.63333321	24.48333359	23.20000076	2634	483	19	68.12210846	1212	97	353	623	300
N/A	N/A	240722_D002	Colostethus panamansis	7/22/24	Panama	El Cope	Guabal	N/A	Adult	N/A	N/A	N/A		540	298	5.40E+04	2980	0.055185185	349	354	10	10	4	1.40E+05	1.42E+05	1.014326648	-0.014326648	21060	65508	48265	30078	36308	51712	35211	49099.33333	0.717138047	4.72E+05	9.18E+06	7.21E+06	5.62E+06	1	TRUE	10.71556473	NA	96692.91667	-83816.7017	96692.91667	0	NA	8.61304	-80.59042	24.5041656	8.00833321	80.8922577	57.1464462	29.8999996	20	9.89999962	24.0333328	24.5333328	25.3666668	23.9500008	2293	401	16	67.6412506	981	69	394	804	552
N/A	N/A	Pe_16S00760	Desmognathus fuscus	10/9/24	Pennsylvania	Tyron Weber	N/A		Adult	N/A	N/A	N/A		290	558	2.90E+05	55800	0.192413793	362	287	10	100	4	1.45E+06	1.15E+06	0.79281768	0.20718232	62133	44190	64639	54611	50824	73238	59198.66667	57346.33333	1.032300816	5.99E+05	9.17E+06	4.40E+06	4.72E+06	1	FALSE	0	NA	127012.7696	-83815.54301	127012.7696	0	10.9	41.59313	-80.35629	8.558333397	11.25	30.99173546	928.5028076	27	-9.300000191	36.29999924	19.63333321	-2.316666842	19.63333321	-3.233333349	1078	113	57	19.97618866	325	194	325	202	800
N/A	N/A	Pe_16S00764	Desmognathus fuscus	10/9/24	Pennsylvania	Tyron Weber	N/A		Adult	N/A	N/A	N/A		364	399	3.64E+05	39900	0.109615385	391	357	10	100	4	1.56E+06	1.43E+06	0.913043478	0.086956522	50009	84445	64136	28066	27729	60744	47291.33333	57751.66667	0.818873914	5.54E+05	9.45E+06	6.77E+06	5.59E+06	1	FALSE	0	NA	128502.9657	-83816.32767	128502.9657	0	12.8	41.59313	-80.35629	8.558333397	11.25	30.99173546	928.5028076	27	-9.300000191	36.29999924	19.63333321	-2.316666842	19.63333321	-3.233333349	1078	113	57	19.97618866	325	194	325	202	800
N/A	N/A	Pe_16S00462	Desmognathus fuscus	5/28/24	Pennsylvania	Tyron Weber	N/A		Adult	N/A	N/A	N/A		180	34	1.80E+05	3400	0.018888889	352	243	10	100	4	1.41E+06	9.72E+05	0.690340909	0.309659091	23575	54973	24174	55249	38550	19228	28766.33333	43150	0.666658942	5.30E+05	9.60E+06	1.02E+07	6.76E+06	1	FALSE	0	NA	74820.36765	-83816.88728	74820.36765	0	14.6	41.59313	-80.35629	8.558333397	11.25	30.99173546	928.5028076	27	-9.300000191	36.29999924	19.63333321	-2.316666842	19.63333321	-3.233333349	1078	113	57	19.97618866	325	194	325	202	800
N/A	N/A	Pe_16S00511	Desmognathus fuscus	6/17/24	Pennsylvania	Tyron Weber	N/A		Adult	N/A	N/A	N/A		251	638	2.51E+05	63800	0.254183267	326	239	10	100	4	1.30E+06	9.56E+05	0.733128834	0.266871166	38238	46515	49415	24943	64614	39503	50755.66667	36987	1.372256919	5.60E+05	9.17E+06	1.24E+07	7.38E+06	1	FALSE	0	NA	52162.27941	-83814.29317	52162.27941	0	17.8	41.59313	-80.35629	8.558333397	11.25	30.99173546	928.5028076	27	-9.300000191	36.29999924	19.63333321	-2.316666842	19.63333321	-3.233333349	1078	113	57	19.97618866	325	194	325	202	800
N/A	N/A	Pe_16S00515	Desmognathus fuscus	6/17/24	Pennsylvania	Tyron Weber	N/A		Adult	N/A	N/A	N/A		268	27	2.68E+05	2700	0.010074627	395	362	10	100	4	1.58E+06	1.45E+06	0.916455696	0.083544304	86525	43005	48875	71945	22740	50924	52713.33333	55291.33333	0.953374248	6.66E+05	9.58E+06	1.56E+06	3.93E+06	1	TRUE	98.92539978	NA	119457.6225	-83815.83318	119457.6225	0	18.1	41.59313	-80.35629	8.558333397	11.25	30.99173546	928.5028076	27	-9.300000191	36.29999924	19.63333321	-2.316666842	19.63333321	-3.233333349	1078	113	57	19.97618866	325	194	325	202	800
N/A	N/A	Pe_16S00649	Desmognathus fuscus	7/9/24	Pennsylvania	Tyron Weber	N/A		Adult	N/A	N/A	N/A		164	554	1.64E+05	55400	0.337804878	304	231	10	100	4	1.22E+06	9.24E+05	0.759868421	0.240131579	56180	33378	92720	89736	71367	23952	73422.33333	49022	1.49774251	7.15E+05	9.27E+06	3.66E+06	4.55E+06	1	FALSE	0	NA	96408.60294	-83813.83183	96408.60294	0	20.2	41.59313	-80.35629	8.558333397	11.25	30.99173546	928.5028076	27	-9.300000191	36.29999924	19.63333321	-2.316666842	19.63333321	-3.233333349	1078	113	57	19.97618866	325	194	325	202	800
N/A	N/A	Pe_16S00655	Desmognathus fuscus	7/9/24	Pennsylvania	Tyron Weber	N/A		Adult	N/A	N/A	N/A		376	115	3.76E+05	11500	0.030585106	367	238	10	100	4	1.47E+06	9.52E+05	0.648501362	0.351498638	49091	71537	21986	56293	27025	67717	32700.66667	65182.33333	0.501679903	5.65E+05	9.60E+06	3.07E+06	4.41E+06	1	FALSE	0	NA	155821.5931	-83817.49382	155821.5931	0	21.7	41.59313	-80.35629	8.558333397	11.25	30.99173546	928.5028076	27	-9.300000191	36.29999924	19.63333321	-2.316666842	19.63333321	-3.233333349	1078	113	57	19.97618866	325	194	325	202	800
N/A	N/A	Pe_16S00643	Desmognathus fuscus	7/9/24	Pennsylvania	Tyron Weber	N/A		Adult	N/A	N/A	N/A		236	434	2.36E+05	43400	0.183898305	339	381	10	100	4	1.36E+06	1.52E+06	1.123893805	-0.123893805	67444	79282	26963	32407	33801	18768	42736	43485.66667	0.982760603	6.66E+05	9.66E+06	1.40E+07	8.10E+06	1	TRUE	48.52472305	NA	76054.43627	-83815.72514	76054.43627	0	21.7	41.59313	-80.35629	8.558333397	11.25	30.99173546	928.5028076	27	-9.300000191	36.29999924	19.63333321	-2.316666842	19.63333321	-3.233333349	1078	113	57	19.97618866	325	194	325	202	800
N/A	N/A	Pe_16S00653	Desmognathus fuscus	7/9/24	Pennsylvania	Tyron Weber	N/A		Adult	N/A	N/A	N/A		237	437	2.37E+05	43700	0.184388186	347	314	10	100	4	1.39E+06	1.26E+06	0.904899135	0.095100865	66366	75190	94522	62593	22527	42361	61138.33333	60048	1.018157696	2.02E+05	9.28E+06	1.33E+07	7.60E+06	1	TRUE	40.7045517	NA	136945.3676	-83815.59501	136945.3676	0	NA	41.59313	-80.35629	8.558333397	11.25	30.99173546	928.5028076	27	-9.300000191	36.29999924	19.63333321	-2.316666842	19.63333321	-3.233333349	1078	113	57	19.97618866	325	194	325	202	800
N/A	N/A	Pe_16S00647	Desmognathus fuscus	7/9/24	Pennsylvania	Tyron Weber	N/A		Adult	N/A	N/A	N/A		160	402	1.60E+05	40200	0.25125	282	387	10	100	4	1.13E+06	1.55E+06	1.372340426	-0.372340426	72793	50028	23643	58502	32153	47134	42863	51888	0.826067684	5.24E+05	9.65E+06	6.31E+06	5.49E+06	1	TRUE	173.370575	NA	106945.3676	-83816.30122	106945.3676	0	NA	41.59313	-80.35629	8.558333397	11.25	30.99173546	928.5028076	27	-9.300000191	36.29999924	19.63333321	-2.316666842	19.63333321	-3.233333349	1078	113	57	19.97618866	325	194	325	202	800
N/A	N/A	Pe_16S00766	Desmognathus ochrophaeus	10/9/24	Pennsylvania	Tyron Weber	N/A		Adult	N/A	N/A	N/A		184	128	1.84E+05	12800	0.069565217	298	300	10	100	4	1.19E+06	1.20E+06	1.006711409	-0.006711409	30681	68522	35050	88840	42271	62673	36000.66667	73345	0.490840094	5.75E+05	9.51E+06	1.13E+07	7.12E+06	1	FALSE	0	NA	185831.3971	-83817.53368	185831.3971	0	12.7	41.59313	-80.35629	8.558333397	11.25	30.99173546	928.5028076	27	-9.300000191	36.29999924	19.63333321	-2.316666842	19.63333321	-3.233333349	1078	113	57	19.97618866	325	194	325	202	800
N/A	N/A	Pe_16S00457	Desmognathus ochrophaeus	5/28/24	Pennsylvania	Tyron Weber	N/A		Adult	N/A	N/A	N/A		459	411	4.59E+05	41100	0.089542484	372	367	10	100	4	1.49E+06	1.47E+06	0.98655914	0.01344086	47136	60495	86119	28499	40452	53298	57902.33333	47430.66667	1.220778399	2.52E+05	9.60E+06	1.28E+07	7.56E+06	1	FALSE	0	NA	90558.11275	-83814.85008	90558.11275	0	13.3	41.59313	-80.35629	8.558333397	11.25	30.99173546	928.5028076	27	-9.300000191	36.29999924	19.63333321	-2.316666842	19.63333321	-3.233333349	1078	113	57	19.97618866	325	194	325	202	800
N/A	N/A	Pe_16S00463	Desmognathus ochrophaeus	5/28/24	Pennsylvania	Tyron Weber	N/A		Adult	N/A	N/A	N/A		329	345	3.29E+05	34500	0.104863222	383	380	10	100	4	1.53E+06	1.52E+06	0.992167102	0.007832898	65222	34715	60967	69154	45854	47868	57347.66667	50579	1.133823655	3.06E+05	9.67E+06	1.25E+07	7.48E+06	1	FALSE	0	NA	102132.8676	-83815.16977	102132.8676	0	13.6	41.59313	-80.35629	8.558333397	11.25	30.99173546	928.5028076	27	-9.300000191	36.29999924	19.63333321	-2.316666842	19.63333321	-3.233333349	1078	113	57	19.97618866	325	194	325	202	800
N/A	N/A	Pe_16S00459	Desmognathus ochrophaeus	5/28/24	Pennsylvania	Tyron Weber	N/A		Adult	N/A	N/A	N/A		164	341	1.64E+05	34100	0.207926829	324	291	10	100	4	1.30E+06	1.16E+06	0.898148148	0.101851852	75837	38607	61745	74828	87310	35178	74964	49537.66667	1.513272728	5.22E+05	9.45E+06	9.52E+06	6.50E+06	1	FALSE	0	NA	98304.43627	-83813.77473	98304.43627	0	13.6	41.59313	-80.35629	8.558333397	11.25	30.99173546	928.5028076	27	-9.300000191	36.29999924	19.63333321	-2.316666842	19.63333321	-3.233333349	1078	113	57	19.97618866	325	194	325	202	800
N/A	N/A	Pe_16S00464	Desmognathus ochrophaeus	5/28/24	Pennsylvania	Tyron Weber	N/A		Adult	N/A	N/A	N/A		274	76	2.74E+05	7600	0.027737226	309	287	10	100	4	1.24E+06	1.15E+06	0.928802589	0.071197411	39326	40124	87610	30047	72536	78825	66490.66667	49665.33333	1.338774195	7.02E+05	9.28E+06	1.04E+07	6.80E+06	1	FALSE	0	NA	98773.79902	-83814.41627	98773.79902	0	14	41.59313	-80.35629	8.558333397	11.25	30.99173546	928.5028076	27	-9.300000191	36.29999924	19.63333321	-2.316666842	19.63333321	-3.233333349	1078	113	57	19.97618866	325	194	325	202	800
N/A	N/A	Pe_16S00461	Desmognathus ochrophaeus	5/28/24	Pennsylvania	Tyron Weber	N/A		Adult	N/A	N/A	N/A		318	86	3.18E+05	8600	0.027044025	284	351	10	100	4	1.14E+06	1.40E+06	1.235915493	-0.235915493	34684	83929	52165	36038	22505	50161	36451.33333	56709.33333	0.642774852	3.60E+05	9.40E+06	3.46E+06	4.40E+06	1	TRUE	330.6764832	NA	124670.8578	-83816.97509	124670.8578	0	14	41.59313	-80.35629	8.558333397	11.25	30.99173546	928.5028076	27	-9.300000191	36.29999924	19.63333321	-2.316666842	19.63333321	-3.233333349	1078	113	57	19.97618866	325	194	325	202	800
N/A	N/A	Pe_16S00512	Desmognathus ochrophaeus	6/17/24	Pennsylvania	Tyron Weber	N/A		Adult	N/A	N/A	N/A		321	294	3.21E+05	29400	0.091588785	321	296	10	100	4	1.28E+06	1.18E+06	0.92211838	0.07788162	38982	65923	87346	45975	82811	52370	69713	54756	1.27315728	1.20E+05	9.14E+06	8.70E+06	5.99E+06	1	TRUE	192.3639526	NA	117489.4853	-83814.65751	117489.4853	0	17.4	41.59313	-80.35629	8.558333397	11.25	30.99173546	928.5028076	27	-9.300000191	36.29999924	19.63333321	-2.316666842	19.63333321	-3.233333349	1078	113	57	19.97618866	325	194	325	202	800
N/A	N/A	Pe_16S00513	Desmognathus ochrophaeus	6/17/24	Pennsylvania	Tyron Weber	N/A		Adult	N/A	N/A	N/A		557	425	5.57E+05	42500	0.076301616	366	323	10	100	4	1.46E+06	1.29E+06	0.882513661	0.117486339	39752	22140	75799	75809	87572	90487	67707.66667	62812	1.077941582	1.79E+05	9.19E+06	1.70E+06	3.69E+06	1	TRUE	5.712187767	NA	147107.1324	-83815.37521	147107.1324	0	18.4	41.59313	-80.35629	8.558333397	11.25	30.99173546	928.5028076	27	-9.300000191	36.29999924	19.63333321	-2.316666842	19.63333321	-3.233333349	1078	113	57	19.97618866	325	194	325	202	800
N/A	N/A	Pe_16S00516	Desmognathus ochrophaeus	6/17/24	Pennsylvania	Tyron Weber	N/A		Adult	N/A	N/A	N/A		375	651	3.75E+05	65100	0.1736	420	282	10	100	4	1.68E+06	1.13E+06	0.671428571	0.328571429	85232	31727	86232	88957	61801	25200	77755	48628	1.598975899	5.72E+05	9.47E+06	4.59E+06	4.88E+06	1	FALSE	0	NA	94960.07353	-83813.45965	94960.07353	0	18.5	41.59313	-80.35629	8.558333397	11.25	30.99173546	928.5028076	27	-9.300000191	36.29999924	19.63333321	-2.316666842	19.63333321	-3.233333349	1078	113	57	19.97618866	325	194	325	202	800
N/A	N/A	Pe_16S00651	Desmognathus ochrophaeus	7/9/24	Pennsylvania	Tyron Weber	N/A		Adult	N/A	N/A	N/A		353	377	3.53E+05	37700	0.106798867	349	320	10	100	4	1.40E+06	1.28E+06	0.916905444	0.083094556	50237	74488	83174	48422	32256	81064	55222.33333	67991.33333	0.812196653	3.17E+05	9.64E+06	5.03E+06	5.00E+06	1	FALSE	0	NA	166148.799	-83816.35222	166148.799	0	21.6	41.59313	-80.35629	8.558333397	11.25	30.99173546	928.5028076	27	-9.300000191	36.29999924	19.63333321	-2.316666842	19.63333321	-3.233333349	1078	113	57	19.97618866	325	194	325	202	800
N/A	N/A	Pe_16S00762	Eurycea bislineata	10/9/24	Pennsylvania	Tyron Weber	N/A		Adult	N/A	N/A	N/A		363	455	3.63E+05	45500	0.125344353	297	298	10	100	4	1.19E+06	1.19E+06	1.003367003	-0.003367003	36956	52665	43093	63040	41050	49651	40366.33333	55118.66667	0.732353226	3.90E+05	9.51E+06	9.84E+05	3.63E+06	1	FALSE	0	NA	118822.8186	-83816.64576	118822.8186	0	10.6	41.59313	-80.35629	8.558333397	11.25	30.99173546	928.5028076	27	-9.300000191	36.29999924	19.63333321	-2.316666842	19.63333321	-3.233333349	1078	113	57	19.97618866	325	194	325	202	800
N/A	N/A	Pe_16S00752	Eurycea bislineata	10/9/24	Pennsylvania	Tyron Weber	N/A		Adult	N/A	N/A	N/A		337	150	3.37E+05	15000	0.044510386	408	339	10	100	4	1.63E+06	1.36E+06	0.830882353	0.169117647	69648	48898	85042	49914	19397	84886	58029	61232.66667	0.947680432	6.15E+05	9.27E+06	7.25E+06	5.71E+06	1	FALSE	0	NA	141300.7598	-83815.85412	141300.7598	0	11.7	41.59313	-80.35629	8.558333397	11.25	30.99173546	928.5028076	27	-9.300000191	36.29999924	19.63333321	-2.316666842	19.63333321	-3.233333349	1078	113	57	19.97618866	325	194	325	202	800
N/A	N/A	Pe_16S00756	Eurycea bislineata	10/9/24	Pennsylvania	Tyron Weber	N/A		Adult	N/A	N/A	N/A		195	277	1.95E+05	27700	0.142051282	282	324	10	100	4	1.13E+06	1.30E+06	1.14893617	-0.14893617	74770	23813	58473	51639	43522	45220	58921.66667	40224	1.464838571	9.19E+05	9.32E+06	1.51E+06	3.92E+06	1	FALSE	0	NA	64063.01471	-83813.9528	64063.01471	0	12.9	41.59313	-80.35629	8.558333397	11.25	30.99173546	928.5028076	27	-9.300000191	36.29999924	19.63333321	-2.316666842	19.63333321	-3.233333349	1078	113	57	19.97618866	325	194	325	202	800
N/A	N/A	Pe_16S00460	Eurycea bislineata	5/28/24	Pennsylvania	Tyron Weber	N/A		Adult	N/A	N/A	N/A		122	8	1.22E+05	800	0.006557377	306	383	10	100	4	1.22E+06	1.53E+06	1.251633987	-0.251633987	34090	36547	49642	50741	63740	81317	49157.33333	56201.66667	0.874659708	4.77E+05	9.27E+06	5.11E+06	4.95E+06	1	FALSE	0	NA	122804.4363	-83816.12257	122804.4363	0	14.6	41.59313	-80.35629	8.558333397	11.25	30.99173546	928.5028076	27	-9.300000191	36.29999924	19.63333321	-2.316666842	19.63333321	-3.233333349	1078	113	57	19.97618866	325	194	325	202	800
N/A	N/A	Pe_16S00514	Eurycea bislineata	6/17/24	Pennsylvania	Tyron Weber	N/A		Adult	N/A	N/A	N/A		431	508	4.31E+05	50800	0.117865429	315	316	10	100	4	1.26E+06	1.26E+06	1.003174603	-0.003174603	52802	59723	18994	61538	89303	86082	53699.66667	69114.33333	0.776968598	7.80E+05	9.47E+06	1.54E+07	8.56E+06	1	FALSE	0	NA	170277.4755	-83816.48173	170277.4755	0	17.1	41.59313	-80.35629	8.558333397	11.25	30.99173546	928.5028076	27	-9.300000191	36.29999924	19.63333321	-2.316666842	19.63333321	-3.233333349	1078	113	57	19.97618866	325	194	325	202	800
N/A	N/A	Pe_16S00386	Hyla versicolor	5/8/24	Pennsylvania	Tuttle Pond	N/A	NA	Adult	N/A	N/A	N/A		211	330	2.11E+05	33000	0.156398104	288	359	10	100	4	1.15E+06	1.44E+06	1.246527778	-0.246527778	71225	69121	79509	85387	69122	58941	73285.33333	71149.66667	1.030016538	2.61E+05	9.32E+06	5.68E+06	5.09E+06	1	FALSE	0	NA	177760.3186	-83815.55141	177760.3186	0	14.3	41.69171	-80.50082	8.524999619	10.9333334	30.20257759	935.7143555	26.89999962	-9.300000191	36.20000076	19.66666603	-2.483333349	19.66666603	-3.333333254	1062	109	55	19.7213974	315	189	315	200	800
N/A	N/A	Pe_16S00369	Hyla versicolor	5/6/24	Pennsylvania	RV Pond	N/A	NA	Adult	N/A	N/A	N/A		316	627	3.16E+05	62700	0.198417722	293	315	10	100	4	1.17E+06	1.26E+06	1.075085324	-0.075085324	32637	38977	29088	46874	62664	23534	41463	36461.66667	1.137166888	6.58E+05	9.20E+06	5.47E+06	5.11E+06	1	FALSE	0	NA	50230.90686	-83815.15747	50230.90686	0	16.1	41.63888	-80.49512	8.8125	10.74166679	29.51007271	941.782959	27.20000076	-9.199999809	36.40000153	20.03333282	-2.283333302	20.03333282	-3.066666603	1045	108	54	19.86804199	311	186	311	196	800
N/A	N/A	Pe_16S00387	Hyla versicolor	5/8/24	Pennsylvania	Tuttle Pond	N/A	NA	Adult	N/A	N/A	N/A		137	284	1.37E+05	28400	0.20729927	369	273	10	100	4	1.48E+06	1.09E+06	0.739837398	0.260162602	36070	81058	82525	36296	48407	31700	55667.33333	49684.66667	1.120412736	5.98E+05	9.39E+06	8.86E+06	6.28E+06	1	FALSE	0	NA	98844.87745	-83815.21907	98844.87745	0	17.1	41.69171	-80.50082	8.524999619	10.9333334	30.20257759	935.7143555	26.89999962	-9.300000191	36.20000076	19.66666603	-2.483333349	19.66666603	-3.333333254	1062	109	55	19.7213974	315	189	315	200	800
N/A	N/A	Pe_16S00533	Hyla versicolor	6/18/24	Pennsylvania	Tyron Weber	N/A		Adult	N/A	N/A	N/A		175	591	1.75E+05	59100	0.337714286	421	320	10	100	4	1.68E+06	1.28E+06	0.760095012	0.239904988	63881	55215	19970	39705	57019	79317	46956.66667	58079	0.808496473	8.14E+05	9.54E+06	1.46E+07	8.31E+06	1	FALSE	0	NA	129706.3971	-83816.36582	129706.3971	0	18.6	41.59313	-80.35629	8.558333397	11.25	30.99173546	928.5028076	27	-9.300000191	36.29999924	19.63333321	-2.316666842	19.63333321	-3.233333349	1078	113	57	19.97618866	325	194	325	202	800
N/A	N/A	Pe_16S00531	Hyla versicolor	6/18/24	Pennsylvania	Tyron Weber	N/A		Adult	N/A	N/A	N/A		132	207	1.32E+05	20700	0.156818182	364	229	10	100	4	1.46E+06	9.16E+05	0.629120879	0.370879121	79606	20907	88543	65194	62353	70965	76834	52355.33333	1.467548674	8.24E+05	9.30E+06	1.39E+07	8.02E+06	1	FALSE	0	NA	108663.5049	-83813.94284	108663.5049	0	20.5	41.59313	-80.35629	8.558333397	11.25	30.99173546	928.5028076	27	-9.300000191	36.29999924	19.63333321	-2.316666842	19.63333321	-3.233333349	1078	113	57	19.97618866	325	194	325	202	800
N/A	N/A	DrySwab00061	Hyla versicolor	7/11/22	Pennsylvania	RV Pond	N/A	NA	Adult	N/A	N/A	N/A		482	405	4.82E+05	40500	0.084024896	421	284	10	100	4	1.68E+06	1.14E+06	0.674584323	0.325415677	34933	28994	44919	73621	20125	80322	33325.66667	60979	0.546510547	4.89E+05	9.22E+06	1.26E+07	7.43E+06	1	TRUE	920.3664398	NA	140368.1618	-83817.32901	140368.1618	0	24.1	41.63888	-80.49512	8.8125	10.74166679	29.51007271	941.782959	27.20000076	-9.199999809	36.40000153	20.03333282	-2.283333302	20.03333282	-3.066666603	1045	108	54	19.86804199	311	186	311	196	800
N/A	N/A	2022-05-12-rv-hyve23	Hyla versicolor	5/12/22	Pennsylvania	RV Pond	N/A	NA	Adult	N/A	N/A	N/A		317	587	3.17E+05	58700	0.185173502	418	351	10	100	4	1.67E+06	1.40E+06	0.839712919	0.160287081	26441	64535	22888	72879	33803	59859	27710.66667	65757.66667	0.421405869	1.87E+05	9.35E+06	9.72E+06	6.42E+06	1	FALSE	0	NA	157936.7892	-83817.78895	157936.7892	0	NA	41.63888	-80.49512	8.8125	10.74166679	29.51007271	941.782959	27.20000076	-9.199999809	36.40000153	20.03333282	-2.283333302	20.03333282	-3.066666603	1045	108	54	19.86804199	311	186	311	196	800
N/A	N/A	2022-05-12-rv-hyve22	Hyla versicolor	5/12/22	Pennsylvania	RV Pond	N/A	NA	Adult	N/A	N/A	N/A		155	69	1.55E+05	6900	0.044516129	278	291	10	100	4	1.11E+06	1.16E+06	1.04676259	-0.04676259	23561	27206	30072	87252	64420	33886	39351	49448	0.795805695	5.60E+05	9.40E+06	1.33E+07	7.76E+06	1	FALSE	0	NA	97974.77941	-83816.41248	97974.77941	0	NA	41.63888	-80.49512	8.8125	10.74166679	29.51007271	941.782959	27.20000076	-9.199999809	36.40000153	20.03333282	-2.283333302	20.03333282	-3.066666603	1045	108	54	19.86804199	311	186	311	196	800
N/A	N/A	2022-05-12-rv-hyve24	Hyla versicolor	5/12/22	Pennsylvania	RV Pond	N/A	NA	Adult	N/A	N/A	N/A		263	602	2.63E+05	60200	0.228897338	402	327	10	100	4	1.61E+06	1.31E+06	0.813432836	0.186567164	77855	36000	26279	25677	69703	50931	57945.66667	37536	1.543735791	6.45E+05	9.68E+06	1.00E+07	6.78E+06	1	FALSE	0	NA	54180.66176	-83813.66274	54180.66176	0	NA	41.63888	-80.49512	8.8125	10.74166679	29.51007271	941.782959	27.20000076	-9.199999809	36.40000153	20.03333282	-2.283333302	20.03333282	-3.066666603	1045	108	54	19.86804199	311	186	311	196	800
N/A	N/A	2022-05-12-rv-hyve19	Hyla versicolor	5/12/22	Pennsylvania	RV Pond	N/A	NA	Adult	N/A	N/A	N/A		466	361	4.66E+05	36100	0.077467811	399	359	10	100	4	1.60E+06	1.44E+06	0.899749373	0.100250627	45111	49148	68186	91331	79314	79744	64203.66667	73407.66667	0.874618001	2.19E+05	9.47E+06	1.26E+07	7.43E+06	1	TRUE	340.9156799	NA	186061.7892	-83816.12273	186061.7892	0	NA	41.63888	-80.49512	8.8125	10.74166679	29.51007271	941.782959	27.20000076	-9.199999809	36.40000153	20.03333282	-2.283333302	20.03333282	-3.066666603	1045	108	54	19.86804199	311	186	311	196	800
N/A	N/A	2022-05-12-rv-hyve21	Hyla versicolor	5/12/22	Pennsylvania	RV Pond	N/A	NA	Adult	N/A	N/A	N/A		366	409	3.66E+05	40900	0.111748634	392	290	10	100	4	1.57E+06	1.16E+06	0.739795918	0.260204082	85023	60161	29109	32635	65774	64558	59968.66667	52451.33333	1.143320157	7.80E+05	9.60E+06	4.14E+06	4.84E+06	1	TRUE	545.7826996	NA	109016.4461	-83815.13485	109016.4461	0	NA	41.63888	-80.49512	8.8125	10.74166679	29.51007271	941.782959	27.20000076	-9.199999809	36.40000153	20.03333282	-2.283333302	20.03333282	-3.066666603	1045	108	54	19.86804199	311	186	311	196	800
N/A	N/A	2022-05-12-rv-hyve20	Hyla versicolor	5/12/22	Pennsylvania	RV Pond	N/A	NA	Adult	N/A	N/A	N/A		389	165	3.89E+05	16500	0.042416452	418	264	10	100	4	1.67E+06	1.06E+06	0.631578947	0.368421053	21096	50429	58406	81947	22694	88052	34065.33333	73476	0.463625311	3.71E+05	9.30E+06	1.25E+07	7.38E+06	1	TRUE	460887.2266	NA	186313.0147	-83817.63373	186313.0147	0	NA	41.63888	-80.49512	8.8125	10.74166679	29.51007271	941.782959	27.20000076	-9.199999809	36.40000153	20.03333282	-2.283333302	20.03333282	-3.066666603	1045	108	54	19.86804199	311	186	311	196	800
BR59	BR59	BRBac059	Hylodes phyllodes	11/9/22	Brazil	Santa Virginia	Pirapitinga	day	Adult	NA	29	1.75		197	41	1.97E+04	410	0.020812183	278	243	10	10	4	1.11E+05	9.72E+04	0.874100719	0.125899281	63826	63188	67018	66348	62550	61925	64464.66667	63820.33333	1.010096051	1.36E+05	1.27E+05	1.05E+05	1.23E+05	1	FALSE	0	39.546	150814.2402	-83815.62465	150814.2402	0	21.3	-23.34067	-45.14935	17.05833244	10.1833334	56.26151276	251.918396	25.29999924	7.199999809	18.09999847	19.98333359	13.86666679	20.10000038	13.86666679	1778	278	42	60.12615585	800	160	767	160	117
BR75	BR75	BRBac075	Hylodes phyllodes	11/12/22	Brazil	Santa Virginia	A2W	night	Adult	NA	29	1.84		205	46	2.05E+04	460	0.022439024	278	242	10	10	4	1.11E+05	9.68E+04	0.870503597	0.129496403	63326	62693	66493	65828	62060	61440	63959.66667	63320.33333	1.010096809	1.42E+05	1.21E+05	1.34E+05	1.32E+05	1	FALSE	0	45.636	148976.0049	-83815.62464	148976.0049	0	22.4	-23.33646	-45.14643	17.05833244	10.1833334	56.26151276	251.918396	25.29999924	7.199999809	18.09999847	19.98333359	13.86666679	20.10000038	13.86666679	1778	278	42	60.12615585	800	160	767	160	117
BR40	BR40	BRBac040	Hylodes phyllodes	11/12/22	Brazil	Boraceia	B5	night	Adult	NA	29	1.81		184	72	1.84E+04	720	0.039130435	285	290	10	10	4	1.14E+05	1.16E+05	1.01754386	-0.01754386	62107	61486	65213	64561	60865	60257	62728.33333	62101.33333	1.010096402	9.99E+04	1.11E+05	1.30E+05	1.14E+05	1	TRUE	35.36994171	49.11	144494.3873	-83815.62465	144494.3873	0	22.8	-23.64029	-45.84747	17.02499962	8.899999619	53.61445618	254.4646912	24.60000038	8	16.60000038	19.98333359	13.83333302	20.11666679	13.83333302	2038	286	71	45.60791016	817	250	783	250	800
BR66	BR66	BRBac066	Hylodes phyllodes	11/12/22	Brazil	Santa Virginia	A4W	night	Adult	NA	27	1.74		143	44	1.43E+04	440	0.030769231	287	245	10	10	4	1.15E+05	9.80E+04	0.853658537	0.146341463	61271	60659	64335	63692	60046	59446	61884	61265.66667	1.010092657	1.14E+05	1.31E+05	1.34E+05	1.26E+05	1	FALSE	0	46.842	141422.0833	-83815.62466	141422.0833	0	22.1	-23.33646	-45.14643	17.05833244	10.1833334	56.26151276	251.918396	25.29999924	7.199999809	18.09999847	19.98333359	13.86666679	20.10000038	13.86666679	1778	278	42	60.12615585	800	160	767	160	117
BR62	BR62	BRBac062	Hylodes phyllodes	11/12/22	Brazil	Santa Virginia	A3W	night	Adult	NA	25	1.47		145	39	1.45E+04	390	0.026896552	288	252	10	10	4	1.15E+05	1.01E+05	0.875	0.125	64808	64160	68049	67368	63512	62877	65456.33333	64801.66667	1.010102621	1.30E+05	1.09E+05	1.27E+05	1.22E+05	1	FALSE	0	23.916	154422.0833	-83815.62462	154422.0833	0	21.8	-23.34067	-45.14935	17.05833244	10.1833334	56.26151276	251.918396	25.29999924	7.199999809	18.09999847	19.98333359	13.86666679	20.10000038	13.86666679	1778	278	42	60.12615585	800	160	767	160	117
BR67	BR67	BRBac067	Hylodes phyllodes	11/12/22	Brazil	Santa Virginia	A4W	night	Adult	Female	31	2.22		122	70	1.22E+04	700	0.057377049	290	238	10	10	4	1.16E+05	9.52E+04	0.820689655	0.179310345	60361	59758	63380	62746	59154	58563	60965	60355.66667	1.01009571	1.26E+05	1.32E+05	1.22E+05	1.27E+05	1	FALSE	0	47.004	138076.4951	-83815.62465	138076.4951	0	21.6	-23.33646	-45.14643	17.05833244	10.1833334	56.26151276	251.918396	25.29999924	7.199999809	18.09999847	19.98333359	13.86666679	20.10000038	13.86666679	1778	278	42	60.12615585	800	160	767	160	117
BR69	BR69	BRBac069	Hylodes phyllodes	10/31/22	Brazil	Santa Virginia	Estrada	night	Adult	NA	28	1.52		180	20	1.80E+04	200	0.011111111	291	239	10	10	4	1.16E+05	9.56E+04	0.821305842	0.178694158	56431	55867	59253	58661	55303	54750	56995.66667	56426	1.010095819	1.15E+05	1.20E+05	1.01E+05	1.12E+05	1	FALSE	0	131.73	123629.1912	-83815.62465	123629.1912	0	22.4	-23.33646	-45.14643	17.05833244	10.1833334	56.26151276	251.918396	25.29999924	7.199999809	18.09999847	19.98333359	13.86666679	20.10000038	13.86666679	1778	278	42	60.12615585	800	160	767	160	117
BR1	BR1	BRBac001	Hylodes phyllodes	11/11/22	Brazil	Boraceia	B3W	day	Adult	NA	23	1.66		190	32	1.90E+04	320	0.016842105	292	250	10	10	4	1.17E+05	1.00E+05	0.856164384	0.143835616	61640	61024	55615	55059	60408	59804	59221	58629	1.010097392	1.16E+05	1.16E+05	1.05E+05	1.12E+05	1	FALSE	0	38.61	131728.4559	-83815.62464	131728.4559	0	20.9	-23.6575	-45.90628	17.14999962	8.733333588	53.25203323	252.9822235	24.70000076	8.300000191	16.40000153	20.10000038	14	20.23333359	14	2112	286	78	42.93177032	826	276	795	276	800
BR77	BR77	BRBac077	Hylodes phyllodes	11/9/22	Brazil	Santa Virginia	Pirapitinga	day	Adult	NA	30	1.72		188	16	1.88E+04	160	0.008510638	293	270	10	10	4	1.17E+05	1.08E+05	0.921501706	0.078498294	66716	66049	70052	69352	65382	64729	67383.33333	66710	1.010093439	1.26E+05	1.30E+05	1.18E+05	1.25E+05	1	FALSE	0	88.722	161438.0147	-83815.62466	161438.0147	0	20.9	-23.33646	-45.14643	17.05833244	10.1833334	56.26151276	251.918396	25.29999924	7.199999809	18.09999847	19.98333359	13.86666679	20.10000038	13.86666679	1778	278	42	60.12615585	800	160	767	160	117
BR3	BR3	BRBac003	Hylodes phyllodes	11/11/22	Brazil	Boraceia	B3W	day	Adult	NA	31	2.74		183	51	1.83E+04	510	0.027868852	294	232	10	10	4	1.18E+05	9.28E+04	0.789115646	0.210884354	71864	71146	75458	74704	70427	69724	72583	71858	1.010089343	1.21E+05	1.06E+05	1.10E+05	1.12E+05	1	FALSE	0	29.7	180364.4853	-83815.62467	180364.4853	0	21.3	-23.6575	-45.90628	17.14999962	8.733333588	53.25203323	252.9822235	24.70000076	8.300000191	16.40000153	20.10000038	14	20.23333359	14	2112	286	78	42.93177032	826	276	795	276	800
BR37	BR37	BRBac037	Hylodes phyllodes	11/12/22	Brazil	Boraceia	B5	night	Adult	NA	28	1.79		192	16	1.92E+04	160	0.008333333	296	291	10	10	4	1.18E+05	1.16E+05	0.983108108	0.016891892	70803	70095	74344	73600	69387	68694	71511.33333	70796.33333	1.010099393	1.02E+05	1.29E+05	1.28E+05	1.20E+05	1	TRUE	8.301618576	87.39	176461.299	-83815.62463	176461.299	0	23.9	-23.64029	-45.84747	17.02499962	8.899999619	53.61445618	254.4646912	24.60000038	8	16.60000038	19.98333359	13.83333302	20.11666679	13.83333302	2038	286	71	45.60791016	817	250	783	250	800
BR64	BR64	BRBac064	Hylodes phyllodes	11/12/22	Brazil	Santa Virginia	A2W	night	Adult	NA	30	1.71		145	33	1.45E+04	330	0.022758621	298	254	10	10	4	1.19E+05	1.02E+05	0.852348993	0.147651007	73351	72618	77019	76249	71884	71166	74084.66667	73344.33333	1.01009394	1.28E+05	1.08E+05	1.13E+05	1.16E+05	1	FALSE	0	46.764	185828.9461	-83815.62465	185828.9461	0	22	-23.33646	-45.14643	17.05833244	10.1833334	56.26151276	251.918396	25.29999924	7.199999809	18.09999847	19.98333359	13.86666679	20.10000038	13.86666679	1778	278	42	60.12615585	800	160	767	160	117
BR29	BR29	BRBac029	Hylodes phyllodes	11/11/22	Brazil	Boraceia	B4T	night	Adult	NA	29	1.91		183	17	1.83E+04	170	0.009289617	298	293	10	10	4	1.19E+05	1.17E+05	0.983221477	0.016778523	72424	71700	76046	75285	70976	70266	73148.66667	72417	1.010103521	1.09E+05	1.15E+05	1.24E+05	1.16E+05	1	TRUE	810.6918945	48.516	182419.6324	-83815.62462	182419.6324	0	23.9	-23.64029	-45.84747	17.02499962	8.899999619	53.61445618	254.4646912	24.60000038	8	16.60000038	19.98333359	13.83333302	20.11666679	13.83333302	2038	286	71	45.60791016	817	250	783	250	800
BR35	BR35	BRBac035	Hylodes phyllodes	11/12/22	Brazil	Boraceia	B4T	night	Adult	Female	30	2.06		188	39	1.88E+04	390	0.020744681	298	226	10	10	4	1.19E+05	9.04E+04	0.758389262	0.241610738	64869	64221	68113	67433	63572	62937	65518	64863.66667	1.010087825	1.08E+05	1.36E+05	1.06E+05	1.17E+05	1	FALSE	0	140.04	154650.0245	-83815.62468	154650.0245	0	24.1	-23.64029	-45.84747	17.02499962	8.899999619	53.61445618	254.4646912	24.60000038	8	16.60000038	19.98333359	13.83333302	20.11666679	13.83333302	2038	286	71	45.60791016	817	250	783	250	800
BR33	BR33	BRBac033	Hylodes phyllodes	11/11/22	Brazil	Boraceia	B3W	night	Adult	NA	30	2		202	69	2.02E+04	690	0.034158416	300	250	10	10	4	1.20E+05	1.00E+05	0.833333333	0.166666667	54383	53840	57103	56532	53296	52764	54927.33333	54378.66667	1.010089741	1.09E+05	1.31E+05	1.07E+05	1.16E+05	1	TRUE	422.2007751	80.796	116102.2304	-83815.62467	116102.2304	0	25.1	-23.64029	-45.84747	17.02499962	8.899999619	53.61445618	254.4646912	24.60000038	8	16.60000038	19.98333359	13.83333302	20.11666679	13.83333302	2038	286	71	45.60791016	817	250	783	250	800
BR74	BR74	BRBac074	Hylodes phyllodes	11/9/22	Brazil	Santa Virginia	Pirapitinga	day	Adult	NA	29	1.93		288	29	2.88E+04	290	0.010069444	301	288	10	10	4	1.20E+05	1.15E+05	0.956810631	0.043189369	69682	68986	73167	72436	68289	67607	70379.33333	69676.33333	1.010089509	1.24E+05	1.35E+05	1.56E+05	1.38E+05	1	TRUE	51.10035706	45.342	172343.652	-83815.62467	172343.652	0	20.9	-23.33646	-45.14643	17.05833244	10.1833334	56.26151276	251.918396	25.29999924	7.199999809	18.09999847	19.98333359	13.86666679	20.10000038	13.86666679	1778	278	42	60.12615585	800	160	767	160	117
BR2	BR2	BRBac002	Hylodes phyllodes	11/11/22	Brazil	Boraceia	B3W	day	Adult	NA	28	1.97		153	24	1.53E+04	240	0.015686275	301	290	10	10	4	1.20E+05	1.16E+05	0.96345515	0.03654485	57648	57072	60531	59926	56496	55931	58225	57643	1.010096629	1.08E+05	1.22E+05	1.04E+05	1.11E+05	1	TRUE	397.294342	78.546	128103.4559	-83815.62464	128103.4559	0	21.2	-23.6575	-45.90628	17.14999962	8.733333588	53.25203323	252.9822235	24.70000076	8.300000191	16.40000153	20.10000038	14	20.23333359	14	2112	286	78	42.93177032	826	276	795	276	800
BR76	BR76	BRBac076	Hylodes phyllodes	11/12/22	Brazil	Santa Virginia	A2W	night	Adult	NA	27	1.66		208	41	2.08E+04	410	0.019711538	301	252	10	10	4	1.20E+05	1.01E+05	0.837209302	0.162790698	61116	60505	64172	63531	59894	59295	61727.33333	61110.33333	1.010096492	1.38E+05	1.43E+05	1.32E+05	1.38E+05	1	FALSE	0	73.98	140851.0049	-83815.62465	140851.0049	0	23.1	-23.33646	-45.14643	17.05833244	10.1833334	56.26151276	251.918396	25.29999924	7.199999809	18.09999847	19.98333359	13.86666679	20.10000038	13.86666679	1778	278	42	60.12615585	800	160	767	160	117
BR4	BR4	BRBac004	Hylodes phyllodes	11/11/22	Brazil	Boraceia	B3W	day	Adult	NA	25	1.12		188	34	1.88E+04	340	0.018085106	302	253	10	10	4	1.21E+05	1.01E+05	0.837748344	0.162251656	67497	66823	70872	70165	66148	65487	68172.33333	67491.66667	1.010085196	1.17E+05	1.14E+05	1.18E+05	1.16E+05	1	FALSE	0	30.132	164311.7892	-83815.62469	164311.7892	0	20	-23.6575	-45.90628	17.14999962	8.733333588	53.25203323	252.9822235	24.70000076	8.300000191	16.40000153	20.10000038	14	20.23333359	14	2112	286	78	42.93177032	826	276	795	276	800
BR61	BR61	BRBac061	Hylodes phyllodes	11/12/22	Brazil	Santa Virginia	A3W	night	Adult	NA	28	1.56		190	35	1.90E+04	350	0.018421053	302	259	10	10	4	1.21E+05	1.04E+05	0.857615894	0.142384106	76238	75476	80050	79250	74714	73967	77000.66667	76231	1.010096505	1.29E+05	1.10E+05	1.16E+05	1.18E+05	1	FALSE	0	75.702	196441.6912	-83815.62465	196441.6912	0	22.2	-23.34067	-45.14935	17.05833244	10.1833334	56.26151276	251.918396	25.29999924	7.199999809	18.09999847	19.98333359	13.86666679	20.10000038	13.86666679	1778	278	42	60.12615585	800	160	767	160	117
BR36	BR36	BRBac036	Hylodes phyllodes	11/12/22	Brazil	Boraceia	B5	night	Adult	NA	30	2.06		188	73	1.88E+04	730	0.038829787	302	280	10	10	4	1.21E+05	1.12E+05	0.927152318	0.072847682	63303	62670	66469	65804	62037	61417	63936.33333	63297	1.010100531	1.23E+05	1.17E+05	1.11E+05	1.17E+05	1	TRUE	3421.443848	30.318	148890.2206	-83815.62463	148890.2206	0	24	-23.64029	-45.84747	17.02499962	8.899999619	53.61445618	254.4646912	24.60000038	8	16.60000038	19.98333359	13.83333302	20.11666679	13.83333302	2038	286	71	45.60791016	817	250	783	250	800
BR30	BR30	BRBac030	Hylodes phyllodes	11/11/22	Brazil	Boraceia	B4T	night	Adult	NA	30	1.64		193	41	1.93E+04	410	0.021243523	303	304	10	10	4	1.21E+05	1.22E+05	1.00330033	-0.00330033	68443	67759	71866	71147	67075	66404	69128	68436.66667	1.010101797	1.17E+05	1.12E+05	1.32E+05	1.20E+05	1	TRUE	12.13130379	208.44	167786.0539	-83815.62463	167786.0539	0	23.7	-23.64029	-45.84747	17.02499962	8.899999619	53.61445618	254.4646912	24.60000038	8	16.60000038	19.98333359	13.83333302	20.11666679	13.83333302	2038	286	71	45.60791016	817	250	783	250	800
BR65	BR65	BRBac065	Hylodes phyllodes	11/12/22	Brazil	Santa Virginia	A2W	night	Adult	NA	28	1.61		153	45	1.53E+04	450	0.029411765	304	238	10	10	4	1.22E+05	9.52E+04	0.782894737	0.217105263	58419	57835	61340	60727	57251	56679	59003.33333	58413.66667	1.01009467	1.28E+05	1.28E+05	1.04E+05	1.20E+05	1	FALSE	0	71.202	130936.7892	-83815.62465	130936.7892	0	23.7	-23.33646	-45.14643	17.05833244	10.1833334	56.26151276	251.918396	25.29999924	7.199999809	18.09999847	19.98333359	13.86666679	20.10000038	13.86666679	1778	278	42	60.12615585	800	160	767	160	117
BR34	BR34	BRBac034	Hylodes phyllodes	11/11/22	Brazil	Boraceia	B3W	night	Adult	NA	32	2.52		173	21	1.73E+04	210	0.012138728	304	251	10	10	4	1.22E+05	1.00E+05	0.825657895	0.174342105	61454	60840	64527	63882	60225	59624	62068.66667	61448.66667	1.010089723	1.07E+05	1.35E+05	1.14E+05	1.19E+05	1	FALSE	0	51.87	142094.8775	-83815.62467	142094.8775	0	24.8	-23.64029	-45.84747	17.02499962	8.899999619	53.61445618	254.4646912	24.60000038	8	16.60000038	19.98333359	13.83333302	20.11666679	13.83333302	2038	286	71	45.60791016	817	250	783	250	800
BR39	BR39	BRBac039	Hylodes phyllodes	11/12/22	Brazil	Boraceia	B5	night	Adult	NA	31.5	2.51		195	47	1.95E+04	470	0.024102564	305	301	10	10	4	1.22E+05	1.20E+05	0.986885246	0.013114754	69140	68449	72597	71872	67758	67081	69831.66667	69134	1.010091513	1.31E+05	1.21E+05	1.10E+05	1.21E+05	1	TRUE	7504.155762	35.532	170349.7794	-83815.62466	170349.7794	0	23	-23.64029	-45.84747	17.02499962	8.899999619	53.61445618	254.4646912	24.60000038	8	16.60000038	19.98333359	13.83333302	20.11666679	13.83333302	2038	286	71	45.60791016	817	250	783	250	800
BR5	BR5	BRBac005	Hylodes phyllodes	11/11/22	Brazil	Boraceia	B3W	night	Adult	NA	29	2.02		195	29	1.95E+04	290	0.014871795	306	261	10	10	4	1.22E+05	1.04E+05	0.852941176	0.147058824	55322	54769	58089	57508	54216	53674	55875.66667	55317	1.010099367	1.24E+05	1.22E+05	1.21E+05	1.22E+05	1	FALSE	0	38.628	119551.9853	-83815.62463	119551.9853	0	21.1	-23.6575	-45.90628	17.14999962	8.733333588	53.25203323	252.9822235	24.70000076	8.300000191	16.40000153	20.10000038	14	20.23333359	14	2112	286	78	42.93177032	826	276	795	276	800
BR63	BR63	BRBac063	Hylodes phyllodes	11/12/22	Brazil	Santa Virginia	A2W	night	Adult	NA	31	2.13		199	38	1.99E+04	380	0.019095477	307	286	10	10	4	1.23E+05	1.14E+05	0.931596091	0.068403909	65870	65212	69164	68473	64553	63908	66529	65864.33333	1.010091451	1.36E+05	1.21E+05	1.17E+05	1.25E+05	1	TRUE	4.502942085	69.684	158328.9461	-83815.62466	158328.9461	0	23.7	-23.33646	-45.14643	17.05833244	10.1833334	56.26151276	251.918396	25.29999924	7.199999809	18.09999847	19.98333359	13.86666679	20.10000038	13.86666679	1778	278	42	60.12615585	800	160	767	160	117
BR6	BR6	BRBac006	Hylodes phyllodes	11/11/22	Brazil	Boraceia	B3W	night	Adult	NA	26	1.35		192	52	1.92E+04	520	0.027083333	307	251	10	10	4	1.23E+05	1.00E+05	0.817589577	0.182410423	77365	76592	81234	80422	75818	75061	78139	77358.33333	1.010091565	1.14E+05	1.26E+05	1.34E+05	1.25E+05	1	FALSE	0	30.216	200586.299	-83815.62466	200586.299	0	24.2	-23.64673	-45.91349	17.26250076	8.741666794	53.62985611	251.1801605	24.70000076	8.399999619	16.30000114	20.18333244	14.11666679	20.31666756	14.11666679	2095	283	78	42.87940598	818	273	788	273	800
BR60	BR60	BRBac060	Hylodes phyllodes	11/9/22	Brazil	Santa Virginia	Pirapitinga	day	Adult	NA	30	1.83		200	27	2.00E+04	270	0.0135	308	261	10	10	4	1.23E+05	1.04E+05	0.847402597	0.152597403	55844	55286	58637	58051	54728	54181	56403	55839.33333	1.010094438	1.37E+05	1.06E+05	1.35E+05	1.26E+05	1	FALSE	0	61.17	121472.3284	-83815.62465	121472.3284	0	20.3	-23.34067	-45.14935	17.05833244	10.1833334	56.26151276	251.918396	25.29999924	7.199999809	18.09999847	19.98333359	13.86666679	20.10000038	13.86666679	1778	278	42	60.12615585	800	160	767	160	117
BR38	BR38	BRBac038	Hylodes phyllodes	11/12/22	Brazil	Boraceia	B5	night	Adult	NA	29.5	1.74		201	47	2.01E+04	470	0.023383085	309	300	10	10	4	1.24E+05	1.20E+05	0.970873786	0.029126214	56538	55973	59365	58772	55408	54854	57103.66667	56533	1.010094399	1.33E+05	1.38E+05	1.10E+05	1.27E+05	1	TRUE	997.2203979	48.984	124022.5735	-83815.62465	124022.5735	0	23.1	-23.64029	-45.84747	17.02499962	8.899999619	53.61445618	254.4646912	24.60000038	8	16.60000038	19.98333359	13.83333302	20.11666679	13.83333302	2038	286	71	45.60791016	817	250	783	250	800
BR32	BR32	BRBac032	Hylodes phyllodes	11/11/22	Brazil	Boraceia	B3W	night	Adult	NA	28	1.83		125	24	1.25E+04	240	0.0192	309	243	10	10	4	1.24E+05	9.72E+04	0.786407767	0.213592233	63138	62507	66295	65633	61876	61257	63769.66667	63132.33333	1.010095197	1.04E+05	1.22E+05	1.06E+05	1.11E+05	1	FALSE	0	62.856	148284.8284	-83815.62465	148284.8284	0	24	-23.64029	-45.84747	17.02499962	8.899999619	53.61445618	254.4646912	24.60000038	8	16.60000038	19.98333359	13.83333302	20.11666679	13.83333302	2038	286	71	45.60791016	817	250	783	250	800
BR31	BR31	BRBac031	Hylodes phyllodes	11/11/22	Brazil	Boraceia	B3W	night	Adult	NA	29	2.11		194	16	1.94E+04	160	0.008247423	311	232	10	10	4	1.24E+05	9.28E+04	0.745980707	0.254019293	63157	62526	66315	65653	61894	61276	63788.66667	63151.66667	1.010086828	1.09E+05	1.21E+05	1.18E+05	1.16E+05	1	FALSE	0	57.198	148355.9069	-83815.62468	148355.9069	0	24.3	-23.64029	-45.84747	17.02499962	8.899999619	53.61445618	254.4646912	24.60000038	8	16.60000038	19.98333359	13.83333302	20.11666679	13.83333302	2038	286	71	45.60791016	817	250	783	250	800
BR78	BR78	BRBac078	Hylodes phyllodes	11/9/22	Brazil	Santa Virginia	Pirapitinga	day	Adult	NA	27	1.66		210	24	2.10E+04	240	0.011428571	313	293	10	10	4	1.25E+05	1.17E+05	0.936102236	0.063897764	56675	56109	59509	58915	55542	54987	57242	56670.33333	1.010087583	1.44E+05	1.43E+05	1.27E+05	1.38E+05	1	TRUE	14.88963699	48.096	124527.4755	-83815.62468	124527.4755	0	24	-23.33646	-45.14643	17.05833244	10.1833334	56.26151276	251.918396	25.29999924	7.199999809	18.09999847	19.98333359	13.86666679	20.10000038	13.86666679	1778	278	42	60.12615585	800	160	767	160	117
BR8	BR8	BRBac008	Hylodes phyllodes	11/11/22	Brazil	Boraceia	B3W	day	Adult	Male	30	1.76		202	65	2.02E+04	650	0.032178218	314	243	10	10	4	1.26E+05	9.72E+04	0.77388535	0.22611465	66813	66145	70154	69453	65477	64823	67481.33333	66807	1.010093753	1.33E+05	1.21E+05	1.30E+05	1.28E+05	1	FALSE	0	69.804	161794.6324	-83815.62466	161794.6324	0	25.5	-23.64673	-45.91349	17.26250076	8.741666794	53.62985611	251.1801605	24.70000076	8.399999619	16.30000114	20.18333244	14.11666679	20.31666756	14.11666679	2095	283	78	42.87940598	818	273	788	273	800
BR72	BR72	BRBac072	Hylodes phyllodes	11/12/22	Brazil	Santa Virginia	A2W	night	Adult	NA	26	1.65		254	24	2.54E+04	240	0.009448819	317	247	10	10	4	1.27E+05	9.88E+04	0.779179811	0.220820189	68147	67466	71555	70840	66785	66117	68829	68141	1.010096711	1.22E+05	1.37E+05	1.48E+05	1.36E+05	1	FALSE	0	78.906	166699.0441	-83815.62464	166699.0441	0	22.9	-23.33646	-45.14643	17.05833244	10.1833334	56.26151276	251.918396	25.29999924	7.199999809	18.09999847	19.98333359	13.86666679	20.10000038	13.86666679	1778	278	42	60.12615585	800	160	767	160	117
BR9	BR9	BRBac009	Hylodes phyllodes	11/11/22	Brazil	Boraceia	B3W	day	Adult	Male	27	1.91		265	29	2.65E+04	290	0.010943396	318	265	10	10	4	1.27E+05	1.06E+05	0.833333333	0.166666667	70328	69625	73845	73107	68922	68233	71031.66667	70321.66667	1.010096461	1.21E+05	1.24E+05	1.47E+05	1.31E+05	1	FALSE	0	41.004	174716.201	-83815.62465	174716.201	0	24	-23.64673	-45.91349	17.26250076	8.741666794	53.62985611	251.1801605	24.70000076	8.399999619	16.30000114	20.18333244	14.11666679	20.31666756	14.11666679	2095	283	78	42.87940598	818	273	788	273	800
BR73	BR73	BRBac073	Hylodes phyllodes	11/12/22	Brazil	Santa Virginia	A2W	night	Adult	NA	25	1		205	29	2.05E+04	290	0.014146341	323	254	10	10	4	1.29E+05	1.02E+05	0.786377709	0.213622291	56011	55451	58812	58224	54891	54342	56571.33333	56005.66667	1.010100168	1.42E+05	1.39E+05	1.16E+05	1.32E+05	1	FALSE	0	83.274	122083.848	-83815.62463	122083.848	0	21.6	-23.33646	-45.14643	17.05833244	10.1833334	56.26151276	251.918396	25.29999924	7.199999809	18.09999847	19.98333359	13.86666679	20.10000038	13.86666679	1778	278	42	60.12615585	800	160	767	160	117
BR70	BR70	BRBac070	Hylodes phyllodes	10/30/22	Brazil	Santa Virginia	A4W	night	Adult	NA	30	1.68		208	27	2.08E+04	270	0.012980769	329	262	10	10	4	1.32E+05	1.05E+05	0.796352584	0.203647416	68799	68112	72239	71518	67424	66750	69487.33333	68793.33333	1.010088187	1.29E+05	1.31E+05	1.38E+05	1.33E+05	1	FALSE	0	175.464	169097.3284	-83815.62468	169097.3284	0	22.5	-23.33646	-45.14643	17.05833244	10.1833334	56.26151276	251.918396	25.29999924	7.199999809	18.09999847	19.98333359	13.86666679	20.10000038	13.86666679	1778	278	42	60.12615585	800	160	767	160	117
BR71	BR71	BRBac071	Hylodes phyllodes	10/31/22	Brazil	Santa Virginia	A4W	night	Adult	NA	30	2.04		208	35	2.08E+04	350	0.016826923	331	300	10	10	4	1.32E+05	1.20E+05	0.906344411	0.093655589	58304	57721	61220	60608	57138	56567	58887.33333	58298.66667	1.010097429	1.40E+05	1.30E+05	1.34E+05	1.35E+05	1	TRUE	42.77315903	166.266	130513.9951	-83815.62464	130513.9951	0	21.2	-23.33646	-45.14643	17.05833244	10.1833334	56.26151276	251.918396	25.29999924	7.199999809	18.09999847	19.98333359	13.86666679	20.10000038	13.86666679	1778	278	42	60.12615585	800	160	767	160	117
N/A	N/A	BR_AMPs_97	Hylodes phyllodes	10/3/23	Brazil	Santa Virginia	s2	NA	Adult	N/A	24.7	1.56		550	210	5.50E+04	2100	0.038181818	285	254	10	10	4	1.14E+05	1.02E+05	0.89122807	0.10877193	30695	26797	71137	49922	54152	53371	51994.66667	43363.33333	1.199046814	7.89E+05	9.46E+06	1.14E+06	3.80E+06	1	NA	NA	NA	75604.68137	-83814.92997	75604.68137	0	14.9	-23.33646	-45.14643	17.05833244	10.1833334	56.26151276	251.918396	25.29999924	7.199999809	18.09999847	19.98333359	13.86666679	20.10000038	13.86666679	1778	278	42	60.12615585	800	160	767	160	117
N/A	N/A	BR_AMPs_101	Hylodes phyllodes	10/3/23	Brazil	Santa Virginia	s2	NA	Adult	N/A	21.85	0.93		457	159	4.57E+04	1590	0.034792123	396	290	10	10	4	1.58E+05	1.16E+05	0.732323232	0.267676768	86361	60890	89764	27584	39132	49774	71752.33333	46082.66667	1.557035183	8.54E+05	9.28E+06	1.26E+07	7.58E+06	1	NA	NA	7.062	85602.23039	-83813.61384	85602.23039	0	15.9	-23.33646	-45.14643	17.05833244	10.1833334	56.26151276	251.918396	25.29999924	7.199999809	18.09999847	19.98333359	13.86666679	20.10000038	13.86666679	1778	278	42	60.12615585	800	160	767	160	117
N/A	N/A	BR_AMPs_100	Hylodes phyllodes	10/3/23	Brazil	Santa Virginia	s2	NA	Adult	N/A	19.95	0.69		321	366	3.21E+04	3660	0.114018692	290	294	10	10	4	1.16E+05	1.18E+05	1.013793103	-0.013793103	38030	47482	64387	45558	62576	56048	54997.66667	49696	1.10668196	8.77E+05	9.21E+06	1.09E+07	7.00E+06	1	NA	NA	18	98886.54412	-83815.26955	98886.54412	0	16.1	-23.33646	-45.14643	17.05833244	10.1833334	56.26151276	251.918396	25.29999924	7.199999809	18.09999847	19.98333359	13.86666679	20.10000038	13.86666679	1778	278	42	60.12615585	800	160	767	160	117
N/A	N/A	BR_AMPs_99	Hylodes phyllodes	10/3/23	Brazil	Santa Virginia	s2	NA	Adult	N/A	20.9	1.1		453	444	4.53E+04	4440	0.098013245	400	352	10	10	4	1.60E+05	1.41E+05	0.88	0.12	67602	34697	77605	46870	46902	48995	64036.33333	43520.66667	1.471400561	6.10E+05	9.48E+06	1.06E+07	6.90E+06	1	NA	NA	NA	76183.11275	-83813.92867	76183.11275	0	16.7	-23.33646	-45.14643	17.05833244	10.1833334	56.26151276	251.918396	25.29999924	7.199999809	18.09999847	19.98333359	13.86666679	20.10000038	13.86666679	1778	278	42	60.12615585	800	160	767	160	117
N/A	N/A	BR_207_amp	Hylodes phyllodes	10/18/24	Brazil	Santa Virginia	s2	NA	Adult	N/A	22.8	1.14		421	77	4.21E+04	770	0.018289786	311	364	10	10	4	1.24E+05	1.46E+05	1.170418006	-0.170418006	20622	48521	63390	76996	61753	40922	48588.33333	55479.66667	0.875786324	1.72E+05	9.37E+06	8.36E+06	5.97E+06	1	NA	NA	12.102	120150.0245	-83816.11843	120150.0245	0	16.9	-23.33646	-45.14643	17.05833244	10.1833334	56.26151276	251.918396	25.29999924	7.199999809	18.09999847	19.98333359	13.86666679	20.10000038	13.86666679	1778	278	42	60.12615585	800	160	767	160	117
N/A	N/A	BR_AMPs_98	Hylodes phyllodes	10/3/23	Brazil	Santa Virginia	s2	NA	Adult	N/A	24.7	1.57		475	417	4.75E+04	4170	0.087789474	324	272	10	10	4	1.30E+05	1.09E+05	0.839506173	0.160493827	87018	68222	77720	27276	36979	31314	67239	42270.66667	1.590677538	5.88E+05	9.19E+06	3.29E+06	4.35E+06	1	NA	NA	47.394	71587.52451	-83813.49016	71587.52451	0	17	-23.33646	-45.14643	17.05833244	10.1833334	56.26151276	251.918396	25.29999924	7.199999809	18.09999847	19.98333359	13.86666679	20.10000038	13.86666679	1778	278	42	60.12615585	800	160	767	160	117
N/A	N/A	BR_AMPs_107	Hylodes phyllodes	10/3/23	Brazil	Santa Virginia	s2	NA	Adult	N/A	24.7	1.82		522	611	5.22E+04	6110	0.117049808	331	376	10	10	4	1.32E+05	1.50E+05	1.135951662	-0.135951662	76141	29342	37455	50726	54670	64408	56088.66667	48158.66667	1.164664027	3.28E+05	9.54E+06	1.32E+07	7.68E+06	1	NA	NA	NA	93234.58333	-83815.05638	93234.58333	0	17.1	-23.33646	-45.14643	17.05833244	10.1833334	56.26151276	251.918396	25.29999924	7.199999809	18.09999847	19.98333359	13.86666679	20.10000038	13.86666679	1778	278	42	60.12615585	800	160	767	160	117
N/A	N/A	BR_AMPs_93	Hylodes phyllodes	10/3/23	Brazil	Santa Virginia	s2	NA	Adult	N/A	20.9	0.84		359	47	3.59E+04	470	0.013091922	366	374	10	10	4	1.46E+05	1.50E+05	1.021857923	-0.021857923	49619	30676	61636	93402	78711	65246	63322	63108	1.003391012	2.07E+05	9.63E+06	3.49E+05	3.39E+06	1	NA	NA	25.074	148195.3676	-83815.6493	148195.3676	0	17.6	-23.33646	-45.14643	17.05833244	10.1833334	56.26151276	251.918396	25.29999924	7.199999809	18.09999847	19.98333359	13.86666679	20.10000038	13.86666679	1778	278	42	60.12615585	800	160	767	160	117
N/A	N/A	BR_226_amp	Hylodes phyllodes	10/18/24	Brazil	Santa Virginia	s4	NA	Adult	N/A	27.55	1.72		252	306	2.52E+04	3060	0.121428571	379	317	10	10	4	1.52E+05	1.27E+05	0.836411609	0.163588391	78793	73631	29396	22785	49112	41050	52433.66667	45822	1.144290224	6.97E+05	9.13E+06	6.12E+06	5.31E+06	1	NA	NA	NA	84643.89706	-83815.13129	84643.89706	0	17.6	-23.33646	-45.14643	17.05833244	10.1833334	56.26151276	251.918396	25.29999924	7.199999809	18.09999847	19.98333359	13.86666679	20.10000038	13.86666679	1778	278	42	60.12615585	800	160	767	160	117
N/A	N/A	BR_200_amp	Hylodes phyllodes	10/18/24	Brazil	Santa Virginia	s2	NA	Adult	N/A	30.4	2.4		354	458	3.54E+04	4580	0.129378531	374	327	10	10	4	1.50E+05	1.31E+05	0.874331551	0.125668449	68875	60358	36480	68369	32122	48002	45825.66667	58909.66667	0.777897232	1.08E+05	9.25E+06	1.23E+05	3.16E+06	1	NA	NA	39.882	132760.3186	-83816.47832	132760.3186	0	17.8	-23.33646	-45.14643	17.05833244	10.1833334	56.26151276	251.918396	25.29999924	7.199999809	18.09999847	19.98333359	13.86666679	20.10000038	13.86666679	1778	278	42	60.12615585	800	160	767	160	117
N/A	N/A	BR_247_amp	Hylodes phyllodes	10/19/24	Brazil	Santa Virginia	s5	NA	Adult	N/A	26.6	1.88		140	168	1.40E+04	1680	0.12	279	323	10	10	4	1.12E+05	1.29E+05	1.157706093	-0.157706093	48339	22796	22296	71425	68720	75833	46451.66667	56684.66667	0.81947499	9.17E+05	9.56E+06	1.12E+07	7.24E+06	1	NA	NA	NA	124580.1716	-83816.32546	124580.1716	0	18.2	-23.33646	-45.14643	17.05833244	10.1833334	56.26151276	251.918396	25.29999924	7.199999809	18.09999847	19.98333359	13.86666679	20.10000038	13.86666679	1778	278	42	60.12615585	800	160	767	160	117
N/A	N/A	BR_AMPs_102	Hylodes phyllodes	10/3/23	Brazil	Santa Virginia	s2	NA	Adult	N/A	19.95	1		514	22	5.14E+04	220	0.004280156	296	257	10	10	4	1.18E+05	1.03E+05	0.868243243	0.131756757	48123	75832	88378	48546	57467	35407	64656	53261.66667	1.21393122	8.71E+05	9.65E+06	1.45E+07	8.35E+06	1	NA	NA	58.5	111995.6127	-83814.87525	111995.6127	0	18.3	-23.33646	-45.14643	17.05833244	10.1833334	56.26151276	251.918396	25.29999924	7.199999809	18.09999847	19.98333359	13.86666679	20.10000038	13.86666679	1778	278	42	60.12615585	800	160	767	160	117
N/A	N/A	BR_193_amp	Hylodes phyllodes	10/17/24	Brazil	Santa Virginia	s4	NA	Adult	N/A	28.03	1.66		419	58	4.19E+04	580	0.013842482	370	353	10	10	4	1.48E+05	1.41E+05	0.954054054	0.045945946	48964	20133	51553	25202	35102	41823	45206.33333	29052.66667	1.556013217	4.72E+05	9.55E+06	6.19E+05	3.55E+06	1	NA	NA	NA	22991.93627	-83813.6176	22991.93627	0	18.3	-23.33646	-45.14643	17.05833244	10.1833334	56.26151276	251.918396	25.29999924	7.199999809	18.09999847	19.98333359	13.86666679	20.10000038	13.86666679	1778	278	42	60.12615585	800	160	767	160	117
N/A	N/A	BR_AMPs_143	Hylodes phyllodes	10/11/23	Brazil	Boraceia	t5	NA	Adult	N/A	25.65	1.66		472	201	4.72E+04	2010	0.042584746	411	378	10	10	4	1.64E+05	1.51E+05	0.919708029	0.080291971	53372	23669	22172	90374	34333	33234	36625.66667	49092.33333	0.74605675	2.35E+05	9.60E+06	6.71E+06	5.51E+06	1	FALSE	0	61.404	96667.18137	-83816.59538	96667.18137		18.6	-23.64029	-45.84747	17.02499962	8.899999619	53.61445618	254.4646912	24.60000038	8	16.60000038	19.98333359	13.83333302	20.11666679	13.83333302	2038	286	71	45.60791016	817	250	783	250	800
N/A	N/A	BR_188_amp	Hylodes phyllodes	10/17/24	Brazil	Santa Virginia	s4	NA	Adult	N/A	28.5	1.56		531	94	5.31E+04	940	0.017702448	372	371	10	10	4	1.49E+05	1.48E+05	0.997311828	0.002688172	65982	40567	91711	19813	78735	41822	78809.33333	34067.33333	2.313340248	1.17E+05	9.54E+06	6.80E+06	5.49E+06	1	NA	NA	66.384	41428.21078	-83810.83331	41428.21078	0	18.7	-23.33646	-45.14643	17.05833244	10.1833334	56.26151276	251.918396	25.29999924	7.199999809	18.09999847	19.98333359	13.86666679	20.10000038	13.86666679	1778	278	42	60.12615585	800	160	767	160	117
N/A	N/A	BR_187_amp	Hylodes phyllodes	10/17/24	Brazil	Santa Virginia	s4	NA	Adult	N/A	21.85	1.2		173	596	1.73E+04	5960	0.344508671	344	273	10	10	4	1.38E+05	1.09E+05	0.793604651	0.206395349	78958	52119	48456	20112	32260	64856	53224.66667	45695.66667	1.164763982	3.74E+05	9.55E+06	9.04E+06	6.32E+06	1	NA	NA	81.51	84179.43627	-83815.05601	84179.43627	0	18.8	-23.33646	-45.14643	17.05833244	10.1833334	56.26151276	251.918396	25.29999924	7.199999809	18.09999847	19.98333359	13.86666679	20.10000038	13.86666679	1778	278	42	60.12615585	800	160	767	160	117
N/A	N/A	BR_AMPs_144	Hylodes phyllodes	10/11/23	Brazil	Boraceia	t5	NA	Adult	N/A	24.7	1.57		336	515	3.36E+04	5150	0.15327381	393	324	10	10	4	1.57E+05	1.30E+05	0.824427481	0.175572519	41974	56827	83735	43052	48358	25082	58022.33333	41653.66667	1.392970607	3.87E+05	9.56E+06	3.93E+06	4.62E+06	1	TRUE	9.493155479	52.974	69319.14216	-83814.21702	69319.14216		18.9	-23.64029	-45.84747	17.02499962	8.899999619	53.61445618	254.4646912	24.60000038	8	16.60000038	19.98333359	13.83333302	20.11666679	13.83333302	2038	286	71	45.60791016	817	250	783	250	800
N/A	N/A	BR_AMPs_104	Hylodes phyllodes	10/3/23	Brazil	Santa Virginia	s2	NA	Adult	N/A	23.75	1.38		547	136	5.47E+04	1360	0.024862888	396	350	10	10	4	1.58E+05	1.40E+05	0.883838384	0.116161616	38622	32659	21173	70384	27610	21317	29135	41453.33333	0.702838533	4.33E+05	9.31E+06	1.47E+07	8.14E+06	1	NA	NA	37.62	68582.62255	-83816.75427	68582.62255	0	19	-23.33646	-45.14643	17.05833244	10.1833334	56.26151276	251.918396	25.29999924	7.199999809	18.09999847	19.98333359	13.86666679	20.10000038	13.86666679	1778	278	42	60.12615585	800	160	767	160	117
N/A	N/A	BR_246_amp	Hylodes phyllodes	10/19/24	Brazil	Santa Virginia	s5	NA	Adult	N/A	25.65	1.82		150	104	1.50E+04	1040	0.069333333	283	285	10	10	4	1.13E+05	1.14E+05	1.007067138	-0.007067138	66784	81308	60204	21665	45165	18763	57384.33333	40578.66667	1.414150292	3.29E+05	9.59E+06	8.05E+06	5.99E+06	1	NA	NA	NA	65366.93627	-83814.13915	65366.93627	0	19.1	-23.33646	-45.14643	17.05833244	10.1833334	56.26151276	251.918396	25.29999924	7.199999809	18.09999847	19.98333359	13.86666679	20.10000038	13.86666679	1778	278	42	60.12615585	800	160	767	160	117
N/A	N/A	BR_216_amp	Hylodes phyllodes	10/18/24	Brazil	Santa Virginia	s2	NA	Adult	N/A	27.55	2.01		416	556	4.16E+04	5560	0.133653846	318	227	10	10	4	1.27E+05	9.08E+04	0.713836478	0.286163522	67005	74426	50535	74956	37573	37440	51704.33333	62274	0.830271595	4.08E+05	9.45E+06	8.35E+06	6.07E+06	1	NA	NA	41.508	145129.1912	-83816.28577	145129.1912	0	19.2	-23.33646	-45.14643	17.05833244	10.1833334	56.26151276	251.918396	25.29999924	7.199999809	18.09999847	19.98333359	13.86666679	20.10000038	13.86666679	1778	278	42	60.12615585	800	160	767	160	117
N/A	N/A	BR_189_amp	Hylodes phyllodes	10/17/24	Brazil	Santa Virginia	s4	NA	Adult	N/A	19	0.63		469	278	4.69E+04	2780	0.059275053	285	285	10	10	4	1.14E+05	1.14E+05	1	0	87332	71506	22861	85906	38391	58125	49528	71845.66667	0.689366559	8.48E+05	9.34E+06	1.47E+07	8.29E+06	1	NA	NA	104.322	180319.1422	-83816.8038	180319.1422	0	19.2	-23.33646	-45.14643	17.05833244	10.1833334	56.26151276	251.918396	25.29999924	7.199999809	18.09999847	19.98333359	13.86666679	20.10000038	13.86666679	1778	278	42	60.12615585	800	160	767	160	117
N/A	N/A	BR_225_amp	Hylodes phyllodes	10/18/24	Brazil	Santa Virginia	s4	NA	Adult	N/A	29.93	2.39		329	57	3.29E+04	570	0.017325228	373	236	10	10	4	1.49E+05	9.44E+04	0.632707775	0.367292225	29224	31174	51902	25221	31179	82135	37435	46176.66667	0.810690825	5.72E+05	9.23E+06	9.00E+06	6.27E+06	1	NA	NA	NA	85947.81863	-83816.35775	85947.81863	0	19.2	-23.33646	-45.14643	17.05833244	10.1833334	56.26151276	251.918396	25.29999924	7.199999809	18.09999847	19.98333359	13.86666679	20.10000038	13.86666679	1778	278	42	60.12615585	800	160	767	160	117
N/A	N/A	BR_242_amp	Hylodes phyllodes	10/19/24	Brazil	Santa Virginia	s5	NA	Adult	N/A	28.5	1.68		396	523	3.96E+04	5230	0.132070707	297	388	10	10	4	1.19E+05	1.55E+05	1.306397306	-0.306397306	83609	27467	56011	28234	48420	34176	62680	29959	2.092192663	9.09E+05	9.57E+06	1.39E+07	8.13E+06	1	NA	NA	NA	26324.04412	-83811.64635	26324.04412	0	19.2	-23.33646	-45.14643	17.05833244	10.1833334	56.26151276	251.918396	25.29999924	7.199999809	18.09999847	19.98333359	13.86666679	20.10000038	13.86666679	1778	278	42	60.12615585	800	160	767	160	117
N/A	N/A	BR_227_amp	Hylodes phyllodes	10/18/24	Brazil	Santa Virginia	s2	NA	Adult	N/A	27.55	1.82		194	371	1.94E+04	3710	0.191237113	393	342	10	10	4	1.57E+05	1.37E+05	0.870229008	0.129770992	48876	39472	22839	74197	44890	39709	38868.33333	51126	0.760245928	3.08E+05	9.17E+06	7.14E+05	3.40E+06	1	NA	NA	33.042	104143.8971	-83816.54321	104143.8971	0	19.4	-23.33646	-45.14643	17.05833244	10.1833334	56.26151276	251.918396	25.29999924	7.199999809	18.09999847	19.98333359	13.86666679	20.10000038	13.86666679	1778	278	42	60.12615585	800	160	767	160	117
N/A	N/A	BR_190_amp	Hylodes phyllodes	10/17/24	Brazil	Santa Virginia	s4	NA	Adult	N/A	28.5	1.96		530	640	5.30E+04	6400	0.120754717	294	289	10	10	4	1.18E+05	1.16E+05	0.982993197	0.017006803	84020	66743	38767	87355	66001	45355	62929.33333	66484.33333	0.946528756	1.05E+05	9.69E+06	9.71E+06	6.50E+06	1	NA	NA	NA	160608.3578	-83815.85835	160608.3578	0	19.4	-23.33646	-45.14643	17.05833244	10.1833334	56.26151276	251.918396	25.29999924	7.199999809	18.09999847	19.98333359	13.86666679	20.10000038	13.86666679	1778	278	42	60.12615585	800	160	767	160	117
N/A	N/A	BR_191_amp	Hylodes phyllodes	10/17/24	Brazil	Santa Virginia	s4	NA	Adult	N/A	28.5	1.96		469	259	4.69E+04	2590	0.055223881	356	382	10	10	4	1.42E+05	1.53E+05	1.073033708	-0.073033708	57776	72740	82882	19524	56542	61325	65733.33333	51196.33333	1.283946116	3.75E+05	9.10E+06	4.93E+06	4.80E+06	1	NA	NA	89.22	104402.4755	-83814.61785	104402.4755	0	1.95E+01	-23.33646	-45.14643	17.05833244	10.1833334	56.26151276	251.918396	25.29999924	7.199999809	18.09999847	19.98333359	13.86666679	20.10000038	13.86666679	1778	278	42	60.12615585	800	160	767	160	117
N/A	N/A	BR_199_amp	Hylodes phyllodes	10/18/24	Brazil	Santa Virginia	s2	NA	Adult	N/A	25.65	1.51		238	258	2.38E+04	2580	0.108403361	326	299	10	10	4	1.30E+05	1.20E+05	0.917177914	0.082822086	33773	54517	25252	70952	67752	73429	42259	66299.33333	0.637397058	2.84E+05	9.51E+06	5.24E+06	5.01E+06	1	NA	NA	13.134	159928.2108	-83816.99486	159928.2108	0	19.6	-23.33646	-45.14643	17.05833244	10.1833334	56.26151276	251.918396	25.29999924	7.199999809	18.09999847	19.98333359	13.86666679	20.10000038	13.86666679	1778	278	42	60.12615585	800	160	767	160	117
N/A	N/A	BR_221_amp	Hylodes phyllodes	10/18/24	Brazil	Santa Virginia	s2	NA	Adult	N/A	34.2	4.57		99	639	9.90E+03	6390	0.645454545	420	296	10	10	4	1.68E+05	1.18E+05	0.704761905	0.295238095	77548	29438	56402	91475	90682	47608	74877.33333	56173.66667	1.332961471	7.61E+05	9.62E+06	2.40E+06	4.26E+06	1	NA	NA	31.242	122701.4951	-83814.43764	122701.4951	0	19.6	-23.33646	-45.14643	17.05833244	10.1833334	56.26151276	251.918396	25.29999924	7.199999809	18.09999847	19.98333359	13.86666679	20.10000038	13.86666679	1778	278	42	60.12615585	800	160	767	160	117
N/A	N/A	BR_192_amp	Hylodes phyllodes	10/17/24	Brazil	Santa Virginia	s4	NA	Adult	N/A	25.65	1.46		448	92	4.48E+04	920	0.020535714	325	351	10	10	4	1.30E+05	1.40E+05	1.08	-0.08	49981	58524	22637	82076	52924	85932	41847.33333	75510.66667	0.554191019	3.04E+05	9.61E+06	7.57E+06	5.83E+06	1	NA	NA	79.482	193793.4069	-83817.30077	193793.4069	0	19.6	-23.33646	-45.14643	17.05833244	10.1833334	56.26151276	251.918396	25.29999924	7.199999809	18.09999847	19.98333359	13.86666679	20.10000038	13.86666679	1778	278	42	60.12615585	800	160	767	160	117
N/A	N/A	BR_229_amp	Hylodes phyllodes	10/19/24	Brazil	Santa Virginia	s5	NA	Adult	N/A	24.7	1.55		144	373	1.44E+04	3730	0.259027778	295	389	10	10	4	1.18E+05	1.56E+05	1.318644068	-0.318644068	31520	42458	90549	60111	43663	42070	55244	48213	1.145832037	3.85E+05	9.42E+06	1.32E+07	7.65E+06	1	NA	NA	NA	93434.33824	-83815.12562	93434.33824	0	19.6	-23.33646	-45.14643	17.05833244	10.1833334	56.26151276	251.918396	25.29999924	7.199999809	18.09999847	19.98333359	13.86666679	20.10000038	13.86666679	1778	278	42	60.12615585	800	160	767	160	117
N/A	N/A	BR_AMPs_156	Hylodes phyllodes	10/11/23	Brazil	Boraceia	t5	NA	Adult	N/A	27.55	1.75		389	151	3.89E+04	1510	0.038817481	288	229	10	10	4	1.15E+05	9.16E+04	0.795138889	0.204861111	67471	62564	30219	57591	34584	55390	44091.33333	58515	0.753504799	8.05E+05	9.35E+06	4.71E+06	4.95E+06	1	FALSE	0	24.882	131309.3382	-83816.568	131309.3382		19.7	-23.64029	-45.84747	17.02499962	8.899999619	53.61445618	254.4646912	24.60000038	8	16.60000038	19.98333359	13.83333302	20.11666679	13.83333302	2038	286	71	45.60791016	817	250	783	250	800
N/A	N/A	BR_AMPs_158	Hylodes phyllodes	10/11/23	Brazil	Boraceia	t5	NA	Adult	N/A	26.6	1.53		248	49	2.48E+04	490	0.019758065	411	281	10	10	4	1.64E+05	1.12E+05	0.683698297	0.316301703	75489	64593	69889	87194	85370	38754	76916	63513.66667	1.211014952	6.30E+05	9.30E+06	1.41E+07	8.00E+06	1	FALSE	0	79.89	149686.7892	-83814.88597	149686.7892		19.7	-23.64029	-45.84747	17.02499962	8.899999619	53.61445618	254.4646912	24.60000038	8	16.60000038	19.98333359	13.83333302	20.11666679	13.83333302	2038	286	71	45.60791016	817	250	783	250	800
N/A	N/A	BR_234_amp	Hylodes phyllodes	10/19/24	Brazil	Santa Virginia	s5	NA	Adult	N/A	24.7	1.29		154	231	1.54E+04	2310	0.15	304	279	10	10	4	1.22E+05	1.12E+05	0.917763158	0.082236842	43591	25999	31590	71236	85535	68944	53572	55393	0.96712581	3.52E+05	9.57E+06	1.28E+06	3.73E+06	1	NA	NA	NA	119831.3971	-83815.78263	119831.3971	0	19.8	-23.33646	-45.14643	17.05833244	10.1833334	56.26151276	251.918396	25.29999924	7.199999809	18.09999847	19.98333359	13.86666679	20.10000038	13.86666679	1778	278	42	60.12615585	800	160	767	160	117
N/A	N/A	BR_241_amp	Hylodes phyllodes	10/19/24	Brazil	Santa Virginia	s5	NA	Adult	N/A	21.85	1.58		236	304	2.36E+04	3040	0.128813559	353	270	10	10	4	1.41E+05	1.08E+05	0.764872521	0.235127479	41004	58533	62396	34807	68951	78717	57450.33333	57352.33333	1.001708736	8.53E+05	9.18E+06	1.20E+07	7.33E+06	1	NA	NA	NA	127034.8284	-83815.65548	127034.8284	0	19.9	-23.33646	-45.14643	17.05833244	10.1833334	56.26151276	251.918396	25.29999924	7.199999809	18.09999847	19.98333359	13.86666679	20.10000038	13.86666679	1778	278	42	60.12615585	800	160	767	160	117
N/A	N/A	BR_AMPs_160	Hylodes phyllodes	10/11/23	Brazil	Boraceia	t5	NA	Adult	N/A	28.5	1.63		459	153	4.59E+04	1530	0.033333333	363	318	10	10	4	1.45E+05	1.27E+05	0.876033058	0.123966942	56808	70384	40625	33436	74571	50702	57334.66667	51507.33333	1.113135994	8.05E+05	9.22E+06	1.54E+07	8.47E+06	1	FALSE	0	28.734	105545.8578	-83815.24582	105545.8578		19.9	-23.64029	-45.84747	17.02499962	8.899999619	53.61445618	254.4646912	24.60000038	8	16.60000038	19.98333359	13.83333302	20.11666679	13.83333302	2038	286	71	45.60791016	817	250	783	250	800
N/A	N/A	BR_AMPs_157	Hylodes phyllodes	10/11/23	Brazil	Boraceia	t5	NA	Adult	N/A	25.65	1.58		214	135	2.14E+04	1350	0.063084112	355	332	10	10	4	1.42E+05	1.33E+05	0.935211268	0.064788732	22464	55465	43614	65042	35254	72514	33777.33333	64340.33333	0.524979147	1.58E+05	9.58E+06	8.24E+06	5.99E+06	1	FALSE	0	39.936	152726.0049	-83817.40816	152726.0049		19.9	-23.64029	-45.84747	17.02499962	8.899999619	53.61445618	254.4646912	24.60000038	8	16.60000038	19.98333359	13.83333302	20.11666679	13.83333302	2038	286	71	45.60791016	817	250	783	250	800
N/A	N/A	BR_238_amp	Hylodes phyllodes	10/19/24	Brazil	Santa Virginia	s5	NA	Adult	N/A	29.45	2.61		188	226	1.88E+04	2260	0.120212766	352	351	10	10	4	1.41E+05	1.40E+05	0.997159091	0.002840909	35678	19047	86693	76428	66665	83277	63012	59584	1.057532223	5.39E+05	9.65E+06	1.16E+07	7.27E+06	1	NA	NA	NA	135239.4853	-83815.45025	135239.4853	0	20	-23.33646	-45.14643	17.05833244	10.1833334	56.26151276	251.918396	25.29999924	7.199999809	18.09999847	19.98333359	13.86666679	20.10000038	13.86666679	1778	278	42	60.12615585	800	160	767	160	117
N/A	N/A	BR_AMPs_146	Hylodes phyllodes	10/11/23	Brazil	Boraceia	t5	NA	Adult	N/A	26.6	1.49		243	448	2.43E+04	4480	0.18436214	298	274	10	10	4	1.19E+05	1.10E+05	0.919463087	0.080536913	69237	79820	84334	63066	24476	31955	59349	58280.33333	1.01833666	5.14E+05	9.18E+06	1.36E+07	7.75E+06	1	TRUE	24.94189453	72.144	130446.5931	-83815.59435	130446.5931		20.1	-23.64029	-45.84747	17.02499962	8.899999619	53.61445618	254.4646912	24.60000038	8	16.60000038	19.98333359	13.83333302	20.11666679	13.83333302	2038	286	71	45.60791016	817	250	783	250	800
N/A	N/A	BR_186_amp	Hylodes phyllodes	10/17/24	Brazil	Santa Virginia	s4	NA	Adult	N/A	26.6	1.71		151	532	1.51E+04	5320	0.352317881	386	288	10	10	4	1.54E+05	1.15E+05	0.74611399	0.25388601	52361	84475	78979	85927	82098	89222	71146	86541.33333	0.822104274	2.72E+05	9.50E+06	1.16E+07	7.12E+06	1	NA	NA	NA	234347.3284	-83816.31579	234347.3284	0	20.2	-23.33646	-45.14643	17.05833244	10.1833334	56.26151276	251.918396	25.29999924	7.199999809	18.09999847	19.98333359	13.86666679	20.10000038	13.86666679	1778	278	42	60.12615585	800	160	767	160	117
N/A	N/A	BR_AMPs_94	Hylodes phyllodes	10/3/23	Brazil	Santa Virginia	s2	NA	Adult	N/A	18.05	0.54		215	460	2.15E+04	4600	0.213953488	393	298	10	10	4	1.57E+05	1.19E+05	0.75826972	0.24173028	31873	34593	92690	38877	33768	68313	52777	47261	1.116713569	6.54E+05	9.38E+06	2.69E+06	4.24E+06	1	NA	NA	NA	89934.33824	-83815.23267	89934.33824	0	20.3	-23.33646	-45.14643	17.05833244	10.1833334	56.26151276	251.918396	25.29999924	7.199999809	18.09999847	19.98333359	13.86666679	20.10000038	13.86666679	1778	278	42	60.12615585	800	160	767	160	117
N/A	N/A	BR_228_amp	Hylodes phyllodes	10/19/24	Brazil	Santa Virginia	s5	NA	Adult	N/A	23.75	1.07		520	101	5.20E+04	1010	0.019423077	327	315	10	10	4	1.31E+05	1.26E+05	0.963302752	0.036697248	38279	48796	51821	85622	46144	58649	45414.66667	64355.66667	0.705682483	5.13E+05	9.68E+06	9.42E+06	6.54E+06	1	NA	NA	NA	152782.3775	-83816.74381	152782.3775	0	20.3	-23.33646	-45.14643	17.05833244	10.1833334	56.26151276	251.918396	25.29999924	7.199999809	18.09999847	19.98333359	13.86666679	20.10000038	13.86666679	1778	278	42	60.12615585	800	160	767	160	117
N/A	N/A	BR_202_amp	Hylodes phyllodes	10/18/24	Brazil	Santa Virginia	s2	NA	Adult	N/A	26.6	1.74		167	79	1.67E+04	790	0.047305389	300	328	10	10	4	1.20E+05	1.31E+05	1.093333333	-0.093333333	80791	22078	67989	47227	81350	46693	76710	38666	1.983913516	4.36E+05	9.32E+06	7.38E+05	3.50E+06	1	NA	NA	55.11	58335.07353	-83812.04444	58335.07353	0	20.4	-23.33646	-45.14643	17.05833244	10.1833334	56.26151276	251.918396	25.29999924	7.199999809	18.09999847	19.98333359	13.86666679	20.10000038	13.86666679	1778	278	42	60.12615585	800	160	767	160	117
N/A	N/A	BR_231_amp	Hylodes phyllodes	10/19/24	Brazil	Santa Virginia	s5	NA	Adult	N/A	24.7	1.35		232	544	2.32E+04	5440	0.234482759	349	330	10	10	4	1.40E+05	1.32E+05	0.945558739	0.054441261	46169	62320	53962	30463	63081	77222	54404	56668.33333	0.960042352	1.07E+05	9.31E+06	5.61E+06	5.01E+06	1	NA	NA	NA	124520.1225	-83815.80867	124520.1225	0	20.8	-23.33646	-45.14643	17.05833244	10.1833334	56.26151276	251.918396	25.29999924	7.199999809	18.09999847	19.98333359	13.86666679	20.10000038	13.86666679	1778	278	42	60.12615585	800	160	767	160	117
N/A	N/A	BR_260_amp	Hylodes phyllodes	11/2/24	Brazil	Boraceia	t4	NA	Adult	N/A	29.45	2.03		188	119	1.88E+04	1190	0.063297872	327	363	10	10	4	1.31E+05	1.45E+05	1.110091743	-0.110091743	42738	39738	68632	87520	19418	25139	43596	50799	0.85820587	8.52E+05	9.45E+06	5.40E+06	5.23E+06	1	FALSE	0	69.612	102941.6912	-83816.18307	102941.6912		20.8	-23.64029	-45.84747	17.02499962	8.899999619	53.61445618	254.4646912	24.60000038	8	16.60000038	19.98333359	13.83333302	20.11666679	13.83333302	2038	286	71	45.60791016	817	250	783	250	800
N/A	N/A	BR_217_amp	Hylodes phyllodes	10/18/24	Brazil	Santa Virginia	s2	NA	Adult	N/A	28.5	1.9		248	552	2.48E+04	5520	0.222580645	402	293	10	10	4	1.61E+05	1.17E+05	0.728855721	0.271144279	39974	34131	87237	54643	47980	73469	58397	54081	1.079806217	6.06E+05	9.30E+06	8.26E+06	6.06E+06	1	NA	NA	87.474	115007.8676	-83815.36836	115007.8676	0	21.1	-23.33646	-45.14643	17.05833244	10.1833334	56.26151276	251.918396	25.29999924	7.199999809	18.09999847	19.98333359	13.86666679	20.10000038	13.86666679	1778	278	42	60.12615585	800	160	767	160	117
N/A	N/A	BR_AMPs_141	Hylodes phyllodes	10/11/23	Brazil	Boraceia	t5	NA	Adult	N/A	29.45	2.11		372	47	3.72E+04	470	0.012634409	295	312	10	10	4	1.18E+05	1.25E+05	1.057627119	-0.057627119	24964	51110	80862	42062	48717	84077	51514.33333	59083	0.871897726	8.26E+05	9.27E+06	1.19E+07	7.33E+06	1	FALSE	0	240.798	133397.5735	-83816.13273	133397.5735		21.1	-23.64029	-45.84747	17.02499962	8.899999619	53.61445618	254.4646912	24.60000038	8	16.60000038	19.98333359	13.83333302	20.11666679	13.83333302	2038	286	71	45.60791016	817	250	783	250	800
N/A	N/A	BR_220_amp	Hylodes phyllodes	10/18/24	Brazil	Santa Virginia	s2	NA	Adult	N/A	16.15	0.39		141	181	1.41E+04	1810	0.128368794	315	257	10	10	4	1.26E+05	1.03E+05	0.815873016	0.184126984	50144	69273	40457	27829	37235	73932	42612	57011.33333	0.747430335	8.04E+05	9.49E+06	1.37E+07	7.99E+06	1	NA	NA	62.694	125781.152	-83816.59033	125781.152	0	21.4	-23.33646	-45.14643	17.05833244	10.1833334	56.26151276	251.918396	25.29999924	7.199999809	18.09999847	19.98333359	13.86666679	20.10000038	13.86666679	1778	278	42	60.12615585	800	160	767	160	117
N/A	N/A	BR_230_amp	Hylodes phyllodes	10/19/24	Brazil	Santa Virginia	s5	NA	Adult	N/A	27.55	1.92		162	77	1.62E+04	770	0.047530864	381	380	10	10	4	1.52E+05	1.52E+05	0.997375328	0.002624672	84280	27515	32885	60027	34066	46029	50410.33333	44523.66667	1.132214328	1.08E+05	9.39E+06	9.16E+05	3.47E+06	1	NA	NA	NA	79870.61275	-83815.17568	79870.61275	0	21.4	-23.33646	-45.14643	17.05833244	10.1833334	56.26151276	251.918396	25.29999924	7.199999809	18.09999847	19.98333359	13.86666679	20.10000038	13.86666679	1778	278	42	60.12615585	800	160	767	160	117
N/A	N/A	BR_267_amp	Hylodes phyllodes	11/2/24	Brazil	Boraceia	t6	NA	Adult	N/A	36.1	5.13		541	623	5.41E+04	6230	0.115157116	397	260	10	10	4	1.59E+05	1.04E+05	0.654911839	0.345088161	21484	69805	90011	72346	21321	55767	44272	65972.66667	0.671065795	4.89E+05	9.51E+06	1.46E+07	8.21E+06	1	FALSE	0	44.07	158727.2304	-83816.87108	158727.2304		21.5	-23.64029	-45.84747	17.02499962	8.899999619	53.61445618	254.4646912	24.60000038	8	16.60000038	19.98333359	13.83333302	20.11666679	13.83333302	2038	286	71	45.60791016	817	250	783	250	800
N/A	N/A	BR_269_amp	Hylodes phyllodes	11/2/24	Brazil	Boraceia	t6	NA	Adult	N/A	28.5	1.94		177	519	1.77E+04	5190	0.293220339	423	280	10	10	4	1.69E+05	1.12E+05	0.661938534	0.338061466	36523	55644	36597	48838	56023	31116	43047.66667	45199.33333	0.952396053	1.57E+05	9.43E+06	6.79E+05	3.42E+06	1	FALSE	0	304.32	82354.68137	-83815.83678	82354.68137		21.6	-23.64029	-45.84747	17.02499962	8.899999619	53.61445618	254.4646912	24.60000038	8	16.60000038	19.98333359	13.83333302	20.11666679	13.83333302	2038	286	71	45.60791016	817	250	783	250	800
N/A	N/A	BR_268_amp	Hylodes phyllodes	11/2/24	Brazil	Boraceia	t6	NA	Adult	N/A	28.5	1.6		377	586	3.77E+04	5860	0.155437666	414	356	10	10	4	1.66E+05	1.42E+05	0.859903382	0.140096618	87716	26886	57545	93692	32727	31526	59329.33333	50701.33333	1.170173039	5.31E+05	9.52E+06	4.30E+06	4.78E+06	1	TRUE	221.8130035	77.682	102582.6225	-83815.03613	102582.6225		21.8	-23.64029	-45.84747	17.02499962	8.899999619	53.61445618	254.4646912	24.60000038	8	16.60000038	19.98333359	13.83333302	20.11666679	13.83333302	2038	286	71	45.60791016	817	250	783	250	800
N/A	N/A	BR_252_amp	Hylodes phyllodes	11/2/24	Brazil	Boraceia	t4	NA	Adult	N/A	19.95	0.76		385	372	3.85E+04	3720	0.096623377	287	228	10	10	4	1.15E+05	9.12E+04	0.794425087	0.205574913	44856	79148	24968	73891	43310	68960	37711.33333	73999.66667	0.509614908	5.78E+05	9.67E+06	1.27E+07	7.64E+06	1	FALSE	0	67.044	188238.2598	-83817.46465	188238.2598		21.9	-23.64029	-45.84747	17.02499962	8.899999619	53.61445618	254.4646912	24.60000038	8	16.60000038	19.98333359	13.83333302	20.11666679	13.83333302	2038	286	71	45.60791016	817	250	783	250	800
N/A	N/A	BR_AMPs_152	Hylodes phyllodes	10/11/23	Brazil	Boraceia	t5	NA	Adult	N/A	23.75	0.95		477	515	4.77E+04	5150	0.107966457	377	351	10	10	4	1.51E+05	1.40E+05	0.931034483	0.068965517	22503	41678	37093	80124	54138	44323	37911.33333	55375	0.684629044	8.41E+05	9.25E+06	6.54E+06	5.54E+06	1	FALSE	0	28.548	119765.2206	-83816.82122	119765.2206		22.1	-23.64029	-45.84747	17.02499962	8.899999619	53.61445618	254.4646912	24.60000038	8	16.60000038	19.98333359	13.83333302	20.11666679	13.83333302	2038	286	71	45.60791016	817	250	783	250	800
N/A	N/A	BR_266_amp	Hylodes phyllodes	11/2/24	Brazil	Boraceia	t6	NA	Adult	N/A	26.6	1.45		115	436	1.15E+04	4360	0.379130435	356	339	10	10	4	1.42E+05	1.36E+05	0.952247191	0.047752809	44668	51648	33873	28886	81980	68127	53507	49553.66667	1.079778826	8.61E+05	9.51E+06	2.64E+06	4.34E+06	1	FALSE	0	38.892	98363.2598	-83815.36846	98363.2598		22.1	-23.64029	-45.84747	17.02499962	8.899999619	53.61445618	254.4646912	24.60000038	8	16.60000038	19.98333359	13.83333302	20.11666679	13.83333302	2038	286	71	45.60791016	817	250	783	250	800
N/A	N/A	BR_AMPs_155	Hylodes phyllodes	10/11/23	Brazil	Boraceia	t5	NA	Adult	N/A	23.75	1.4		286	417	2.86E+04	4170	0.145804196	298	249	10	10	4	1.19E+05	9.96E+04	0.83557047	0.16442953	21055	22647	88128	24544	67840	31445	59007.66667	26212	2.251169948	1.32E+05	9.34E+06	5.27E+06	4.91E+06	1	TRUE	18867.19922	119.334	12548.30882	-83811.06188	12548.30882		22.1	-23.64029	-45.84747	17.02499962	8.899999619	53.61445618	254.4646912	24.60000038	8	16.60000038	19.98333359	13.83333302	20.11666679	13.83333302	2038	286	71	45.60791016	817	250	783	250	800
N/A	N/A	BR_264_amp	Hylodes phyllodes	11/2/24	Brazil	Boraceia	t6	NA	Adult	N/A	25.65	1.88		498	51	4.98E+04	510	0.010240964	383	342	10	10	4	1.53E+05	1.37E+05	0.892950392	0.107049608	45904	30433	88238	80418	78013	42596	70718.33333	51149	1.382594642	4.88E+05	9.65E+06	2.71E+06	4.28E+06	1	NA	NA	64.302	104228.4559	-83814.25517	104228.4559		22.2	-23.64029	-45.84747	17.02499962	8.899999619	53.61445618	254.4646912	24.60000038	8	16.60000038	19.98333359	13.83333302	20.11666679	13.83333302	2038	286	71	45.60791016	817	250	783	250	800
N/A	N/A	BR_270_amp	Hylodes phyllodes	11/2/24	Brazil	Boraceia	t6	NA	Adult	N/A	26.6	1.77		427	281	4.27E+04	2810	0.065807963	336	344	10	10	4	1.34E+05	1.38E+05	1.023809524	-0.023809524	65986	54695	45515	42340	74838	35767	62113	44267.33333	1.403133989	7.65E+05	9.47E+06	6.07E+06	5.43E+06	1	FALSE	0	269.802	78928.21078	-83814.17965	78928.21078		22.2	-23.64029	-45.84747	17.02499962	8.899999619	53.61445618	254.4646912	24.60000038	8	16.60000038	19.98333359	13.83333302	20.11666679	13.83333302	2038	286	71	45.60791016	817	250	783	250	800
N/A	N/A	BR_265_amp	Hylodes phyllodes	11/2/24	Brazil	Boraceia	t6	NA	Adult	N/A	26.6	1.52		504	45	5.04E+04	450	0.008928571	365	243	10	10	4	1.46E+05	9.72E+04	0.665753425	0.334246575	33275	25862	59145	58350	63128	61898	51849.33333	48703.33333	1.064595168	2.92E+05	9.48E+06	1.18E+07	7.20E+06	1	FALSE	0	23.922	95237.03431	-83815.42428	95237.03431		2.23E+01	-23.64029	-45.84747	17.02499962	8.899999619	53.61445618	254.4646912	24.60000038	8	16.60000038	19.98333359	13.83333302	20.11666679	13.83333302	2038	286	71	45.60791016	817	250	783	250	800
N/A	N/A	BR_259_amp	Hylodes phyllodes	11/2/24	Brazil	Boraceia	t4	NA	Adult	N/A	18.05	0.45		146	553	1.46E+04	5530	0.378767123	330	246	10	10	4	1.32E+05	9.84E+04	0.745454545	0.254545455	24691	66593	39807	78468	24998	77362	29832	74141	0.40236846	3.19E+05	9.25E+06	6.01E+06	5.19E+06	1	TRUE	831.9417725	27.564	188757.8676	-83817.85894	188757.8676		22.4	-23.64029	-45.84747	17.02499962	8.899999619	53.61445618	254.4646912	24.60000038	8	16.60000038	19.98333359	13.83333302	20.11666679	13.83333302	2038	286	71	45.60791016	817	250	783	250	800
N/A	N/A	BR_257_amp	Hylodes phyllodes	11/2/24	Brazil	Boraceia	t4	NA	Adult	N/A	22.8	1.28		279	365	2.79E+04	3650	0.130824373	294	388	10	10	4	1.18E+05	1.55E+05	1.319727891	-0.319727891	48397	32054	57583	93941	25033	76974	43671	67656.33333	0.645482808	1.15E+05	9.31E+06	4.20E+06	4.54E+06	1	FALSE	0	123.486	164917.1814	-83816.96514	164917.1814		22.4	-23.64029	-45.84747	17.02499962	8.899999619	53.61445618	254.4646912	24.60000038	8	16.60000038	19.98333359	13.83333302	20.11666679	13.83333302	2038	286	71	45.60791016	817	250	783	250	800
N/A	N/A	BR_256_amp	Hylodes phyllodes	11/2/24	Brazil	Boraceia	t4	NA	Adult	N/A	19	0.7		149	210	1.49E+04	2100	0.140939597	298	287	10	10	4	1.19E+05	1.15E+05	0.963087248	0.036912752	39480	47496	84129	43749	63440	20641	62349.66667	37295.33333	1.671781992	2.94E+05	9.20E+06	1.92E+06	3.81E+06	1	FALSE	0	75.696	53295.85784	-83813.19198	53295.85784		22.5	-23.64029	-45.84747	17.02499962	8.899999619	53.61445618	254.4646912	24.60000038	8	16.60000038	19.98333359	13.83333302	20.11666679	13.83333302	2038	286	71	45.60791016	817	250	783	250	800
N/A	N/A	BR_258_amp	Hylodes phyllodes	11/2/24	Brazil	Boraceia	t4	NA	Adult	N/A	18.05	0.56		285	432	2.85E+04	4320	0.151578947	399	273	10	10	4	1.60E+05	1.09E+05	0.684210526	0.315789474	37676	30419	25551	36466	59546	75325	40924.33333	47403.33333	0.863321848	7.10E+05	9.40E+06	5.09E+06	5.07E+06	1	TRUE	44.59590912	34.452	90457.62255	-83816.16426	90457.62255		22.7	-23.64029	-45.84747	17.02499962	8.899999619	53.61445618	254.4646912	24.60000038	8	16.60000038	19.98333359	13.83333302	20.11666679	13.83333302	2038	286	71	45.60791016	817	250	783	250	800
N/A	N/A	BR_255_amp	Hylodes phyllodes	11/2/24	Brazil	Boraceia	t4	NA	Adult	N/A	23.75	1.33		237	57	2.37E+04	570	0.024050633	405	364	10	10	4	1.62E+05	1.46E+05	0.898765432	0.101234568	27199	25326	80958	90441	79351	46934	62502.66667	54233.66667	1.152469868	8.91E+05	9.32E+06	1.34E+07	7.85E+06	1	FALSE	0	62.202	115569.1422	-83815.10121	115569.1422		22.9	-23.64029	-45.84747	17.02499962	8.899999619	53.61445618	254.4646912	24.60000038	8	16.60000038	19.98333359	13.83333302	20.11666679	13.83333302	2038	286	71	45.60791016	817	250	783	250	800
N/A	N/A	BR_262_amp	Hylodes phyllodes	11/2/24	Brazil	Boraceia	t4	NA	Adult	N/A	19	0.75		174	429	1.74E+04	4290	0.246551724	328	379	10	10	4	1.31E+05	1.52E+05	1.155487805	-0.155487805	73125	62491	24905	56675	87073	32248	61701	50471.33333	1.222495938	5.25E+05	9.50E+06	1.36E+07	7.87E+06	1	FALSE	0	100.212	101737.0343	-83814.84376	101737.0343		23.2	-23.64029	-45.84747	17.02499962	8.899999619	53.61445618	254.4646912	24.60000038	8	16.60000038	19.98333359	13.83333302	20.11666679	13.83333302	2038	286	71	45.60791016	817	250	783	250	800
N/A	N/A	BR_263_amp	Hylodes phyllodes	11/2/24	Brazil	Boraceia	t4	NA	Adult	N/A	17.1	0.5		445	306	4.45E+04	3060	0.068764045	392	261	10	10	4	1.57E+05	1.04E+05	0.665816327	0.334183673	36497	29449	26188	56749	22288	37349	28324.33333	41182.33333	0.68777874	2.91E+05	9.15E+06	4.05E+06	4.50E+06	1	TRUE	2214.506836	333.48	67586.29902	-83816.80964	67586.29902		23.2	-23.64029	-45.84747	17.02499962	8.899999619	53.61445618	254.4646912	24.60000038	8	16.60000038	19.98333359	13.83333302	20.11666679	13.83333302	2038	286	71	45.60791016	817	250	783	250	800
N/A	N/A	BR_251_amp	Hylodes phyllodes	11/2/24	Brazil	Boraceia	t4	NA	Adult	N/A	30.4	2.92		555	174	5.55E+04	1740	0.031351351	350	246	10	10	4	1.40E+05	9.84E+04	0.702857143	0.297142857	49140	74080	26293	61972	85711	63151	53714.66667	66401	0.80894364	3.94E+05	9.38E+06	9.03E+06	6.27E+06	1	FALSE	0	11.4	160301.9853	-83816.36418	160301.9853		24	-23.64029	-45.84747	17.02499962	8.899999619	53.61445618	254.4646912	24.60000038	8	16.60000038	19.98333359	13.83333302	20.11666679	13.83333302	2038	286	71	45.60791016	817	250	783	250	800
BR21	BR21	BRBac021	Ischnocnema henselii	11/11/22	Brazil	Boraceia	B3T	night	Adult	NA	23	0.97		182	74	1.82E+04	740	0.040659341	290	243	10	10	4	1.16E+05	9.72E+04	0.837931034	0.162068966	62006	61386	65107	64456	60766	60159	62626.33333	62000.33333	1.01009672	1.08E+05	1.31E+05	1.19E+05	1.19E+05	1	FALSE	0	29.082	144123.0637	-83815.62464	144123.0637	0	21.6	-23.64029	-45.84747	17.02499962	8.899999619	53.61445618	254.4646912	24.60000038	8	16.60000038	19.98333359	13.83333302	20.11666679	13.83333302	2038	286	71	45.60791016	817	250	783	250	800
BR26	BR26	BRBac026	Ischnocnema henselii	11/12/22	Brazil	Boraceia	B4T	night	Adult	NA	23	1.26		182	21	1.82E+04	210	0.011538462	290	246	10	10	4	1.16E+05	9.84E+04	0.848275862	0.151724138	63821	63183	67013	66343	62545	61920	64459.66667	63815.33333	1.010096842	1.01E+05	1.11E+05	1.07E+05	1.06E+05	1	FALSE	0	47.634	150795.8578	-83815.62464	150795.8578	0	24.1	-23.64029	-45.84747	17.02499962	8.899999619	53.61445618	254.4646912	24.60000038	8	16.60000038	19.98333359	13.83333302	20.11666679	13.83333302	2038	286	71	45.60791016	817	250	783	250	800
BR25	BR25	BRBac025	Ischnocnema henselii	11/11/22	Brazil	Boraceia	B3T	night	Adult	Female	36	4.81		196	21	1.96E+04	210	0.010714286	291	225	10	10	4	1.16E+05	9.00E+04	0.773195876	0.226804124	56188	55627	58998	58409	55065	54515	56750.33333	56183.66667	1.010085968	1.04E+05	1.31E+05	1.17E+05	1.17E+05	1	FALSE	0	194.478	122738.2598	-83815.62468	122738.2598	0	21	-23.64029	-45.84747	17.02499962	8.899999619	53.61445618	254.4646912	24.60000038	8	16.60000038	19.98333359	13.83333302	20.11666679	13.83333302	2038	286	71	45.60791016	817	250	783	250	800
BR48	BR48	BRBac048	Ischnocnema henselii	10/31/22	Brazil	Santa Virginia	Olho_de_agua	night	Adult	NA	29	2.64		190	46	1.90E+04	460	0.024210526	291	265	10	10	4	1.16E+05	1.06E+05	0.910652921	0.089347079	63305	62672	66471	65806	62039	61419	63938.33333	63299	1.010100212	1.17E+05	1.14E+05	1.09E+05	1.13E+05	1	TRUE	12.15980625	127.914	148897.5735	-83815.62463	148897.5735	0	21.7	-23.34332	-45.14438	17.10833359	10.10000038	56.1111145	252.125824	25.29999924	7.300000191	18	20.04999924	13.91666603	20.14999962	13.91666603	1790	279	43	59.7257576	803	163	770	163	117
BR56	BR56	BRBac056	Ischnocnema henselii	11/9/22	Brazil	Santa Virginia	Olho_de_agua	night	Subadult	NA	19	0.47		187	46	1.87E+04	460	0.02459893	291	231	10	10	4	1.16E+05	9.24E+04	0.793814433	0.206185567	69807	69109	73298	72565	68411	67727	70505.33333	69800.33333	1.010100238	1.06E+05	1.10E+05	1.12E+05	1.09E+05	1	FALSE	0	19.152	172799.5343	-83815.62463	172799.5343	0	22	-23.34122	-45.11756	16.85416603	10.17500019	55.90658951	252.7886047	25.20000076	7	18.20000076	19.79999924	13.66666698	19.91666603	13.66666698	1775	278	41	60.30778122	800	159	765	159	117
BR47	BR47	BRBac047	Ischnocnema henselii	10/31/22	Brazil	Santa Virginia	Olho_de_agua	night	Subadult	NA	22	0.9		180	17	1.80E+04	170	0.009444444	291	267	10	10	4	1.16E+05	1.07E+05	0.917525773	0.082474227	78889	78101	82834	82007	77312	76539	79678.33333	78882.33333	1.010090979	1.04E+05	1.16E+05	1.03E+05	1.08E+05	1	TRUE	11.69658375	46.182	206189.2402	-83815.62467	206189.2402	0	22.6	-23.34332	-45.14438	17.10833359	10.10000038	56.1111145	252.125824	25.29999924	7.300000191	18	20.04999924	13.91666603	20.14999962	13.91666603	1790	279	43	59.7257576	803	163	770	163	117
BR7	BR7	BRBac007	Ischnocnema henselii	11/11/22	Brazil	Boraceia	B3W	night	Adult	NA	25	1.39		174	63	1.74E+04	630	0.036206897	292	226	10	10	4	1.17E+05	9.04E+04	0.773972603	0.226027397	59703	59106	62689	62062	58509	57924	60300.33333	59697.33333	1.010100954	1.18E+05	1.16E+05	1.01E+05	1.12E+05	1	FALSE	0	49.302	135656.152	-83815.62463	135656.152	0	23.9	-23.64673	-45.91349	17.26250076	8.741666794	53.62985611	251.1801605	24.70000076	8.399999619	16.30000114	20.18333244	14.11666679	20.31666756	14.11666679	2095	283	78	42.87940598	818	273	788	273	800
BR10	BR10	BRBac010	Ischnocnema henselii	11/27/22	Brazil	Boraceia	B3T	night	Adult	NA	26	1.63		184	65	1.84E+04	650	0.035326087	293	251	10	10	4	1.17E+05	1.00E+05	0.85665529	0.14334471	61674	61058	65468	64814	60441	59837	62527.66667	61903	1.010091056	1.34E+05	1.06E+05	1.05E+05	1.15E+05	1	FALSE	0	108.498	143765.2206	-83815.62467	143765.2206	0	23.1	-23.64673	-45.91349	17.26250076	8.741666794	53.62985611	251.1801605	24.70000076	8.399999619	16.30000114	20.18333244	14.11666679	20.31666756	14.11666679	2095	283	78	42.87940598	818	273	788	273	800
BR49	BR49	BRBac049	Ischnocnema henselii	10/31/22	Brazil	Santa Virginia	Olho_de_agua	night	Adult	NA	36	4.03		200	24	2.00E+04	240	0.012	295	239	10	10	4	1.18E+05	9.56E+04	0.810169492	0.189830508	78753	77966	82691	81865	77178	76407	79540.66667	78746	1.010091518	1.36E+05	1.23E+05	1.09E+05	1.23E+05	1	FALSE	0	407.364	205688.0147	-83815.62466	205688.0147	0	20.3	-23.34332	-45.14438	17.10833359	10.10000038	56.1111145	252.125824	25.29999924	7.300000191	18	20.04999924	13.91666603	20.14999962	13.91666603	1790	279	43	59.7257576	803	163	770	163	117
BR51	BR51	BRBac051	Ischnocnema henselii	10/31/22	Brazil	Santa Virginia	Olho_de_agua	night	Subadult	NA	20	0.73		180	68	1.80E+04	680	0.037777778	295	251	10	10	4	1.18E+05	1.00E+05	0.850847458	0.149152542	77044	76274	80897	80088	75504	74749	77815	77037	1.010099043	1.11E+05	1.21E+05	1.05E+05	1.12E+05	1	FALSE	0	52.5	199404.9265	-83815.62464	199404.9265	0	22.1	-23.34122	-45.11756	16.85416603	10.17500019	55.90658951	252.7886047	25.20000076	7	18.20000076	19.79999924	13.66666698	19.91666603	13.66666698	1775	278	41	60.30778122	800	159	765	159	117
BR27	BR27	BRBac027	Ischnocnema henselii	11/12/22	Brazil	Boraceia	B4T	night	Adult	NA	27	1.53		192	32	1.92E+04	320	0.016666667	296	284	10	10	4	1.18E+05	1.14E+05	0.959459459	0.040540541	63829	63191	67021	66351	62553	61928	64467.66667	63823.33333	1.010095576	1.22E+05	1.01E+05	1.28E+05	1.17E+05	1	TRUE	940.7962036	33.342	150825.2696	-83815.62465	150825.2696	0	23.1	-23.64029	-45.84747	17.02499962	8.899999619	53.61445618	254.4646912	24.60000038	8	16.60000038	19.98333359	13.83333302	20.11666679	13.83333302	2038	286	71	45.60791016	817	250	783	250	800
BR28	BR28	BRBac028	Ischnocnema henselii	11/12/22	Brazil	Boraceia	B4T	night	Adult	NA	20	0.66		184	27	1.84E+04	270	0.014673913	296	273	10	10	4	1.18E+05	1.09E+05	0.922297297	0.077702703	67587	66912	70967	70258	66236	65574	68263.33333	67581.33333	1.010091544	1.05E+05	1.18E+05	1.24E+05	1.16E+05	1	FALSE	0	29.178	164641.4461	-83815.62466	164641.4461	0	23.9	-23.64029	-45.84747	17.02499962	8.899999619	53.61445618	254.4646912	24.60000038	8	16.60000038	19.98333359	13.83333302	20.11666679	13.83333302	2038	286	71	45.60791016	817	250	783	250	800
BR11	BR11	BRBac011	Ischnocnema henselii	11/27/22	Brazil	Boraceia	B3T	night	Adult	NA	26	1.42		197	55	1.97E+04	550	0.027918782	298	241	10	10	4	1.19E+05	9.64E+04	0.808724832	0.191275168	65254	64602	69292	68600	63949	63310	66165	65504	1.010090987	1.03E+05	1.23E+05	1.25E+05	1.17E+05	1	FALSE	0	148.398	157004.1912	-83815.62467	157004.1912	0	20.8	-23.64673	-45.91349	17.26250076	8.741666794	53.62985611	251.1801605	24.70000076	8.399999619	16.30000114	20.18333244	14.11666679	20.31666756	14.11666679	2095	283	78	42.87940598	818	273	788	273	800
BR54	BR54	BRBac054	Ischnocnema henselii	11/9/22	Brazil	Santa Virginia	Olho_de_agua	night	Subadult	NA	19	0.58		210	63	2.10E+04	630	0.03	298	239	10	10	4	1.19E+05	9.56E+04	0.802013423	0.197986577	64158	63517	67366	66693	62875	62247	64799.66667	64152.33333	1.010090566	1.36E+05	1.08E+05	1.16E+05	1.20E+05	1	FALSE	0	28.344	152034.8284	-83815.62467	152034.8284	0	21.3	-23.34122	-45.11756	16.85416603	10.17500019	55.90658951	252.7886047	25.20000076	7	18.20000076	19.79999924	13.66666698	19.91666603	13.66666698	1775	278	41	60.30778122	800	159	765	159	117
BR46	BR46	BRBac046	Ischnocnema henselii	10/31/22	Brazil	Santa Virginia	Olho_de_agua	night	Adult	NA	26	1.6		194	32	1.94E+04	320	0.016494845	298	236	10	10	4	1.19E+05	9.44E+04	0.791946309	0.208053691	58958	58369	61906	61288	57779	57202	59547.66667	58953	1.010087132	1.11E+05	1.33E+05	1.28E+05	1.24E+05	1	FALSE	0	52.458	132919.6324	-83815.62468	132919.6324	0	21.8	-23.34332	-45.14438	17.10833359	10.10000038	56.1111145	252.125824	25.29999924	7.300000191	18	20.04999924	13.91666603	20.14999962	13.91666603	1790	279	43	59.7257576	803	163	770	163	117
BR22	BR22	BRBac022	Ischnocnema henselii	11/11/22	Brazil	Boraceia	B3T	night	Adult	NA	24	1.19		192	68	1.92E+04	680	0.035416667	299	231	10	10	4	1.20E+05	9.24E+04	0.772575251	0.227424749	58122	57541	61029	60419	56960	56391	58703.66667	58117	1.010094579	1.09E+05	1.23E+05	1.16E+05	1.16E+05	1	FALSE	0	48.096	129846.1029	-83815.62465	129846.1029	0	21.3	-23.64029	-45.84747	17.02499962	8.899999619	53.61445618	254.4646912	24.60000038	8	16.60000038	19.98333359	13.83333302	20.11666679	13.83333302	2038	286	71	45.60791016	817	250	783	250	800
BR41	BR41	BRBac041	Ischnocnema henselii	10/31/22	Brazil	Santa Virginia	Olho_de_agua	night	Adult	NA	24	1.34		207	62	2.07E+04	620	0.029951691	299	261	10	10	4	1.20E+05	1.04E+05	0.872909699	0.127090301	55702	55145	58488	57903	54588	54043	56259.33333	55697	1.010096295	1.19E+05	1.03E+05	1.20E+05	1.14E+05	1	FALSE	0	72.906	120949.0441	-83815.62465	120949.0441	0	22.4	-23.34394	-45.12866	16.94583321	10.14166641	56.03130341	252.6087494	25.20000076	7.099999905	18.10000038	19.88333321	13.75	20	13.75	1785	279	43	59.89416885	802	162	768	162	117
BR42	BR42	BRBac042	Ischnocnema henselii	10/31/22	Brazil	Santa Virginia	Olho_de_agua	night	Adult	NA	20	0.78		189	20	1.89E+04	200	0.010582011	300	285	10	10	4	1.20E+05	1.14E+05	0.95	0.05	71386	70673	74956	74207	69959	69260	72100.33333	71380	1.010091529	1.28E+05	1.17E+05	1.30E+05	1.25E+05	1	TRUE	64.77602386	93.984	178607.1324	-83815.62466	178607.1324	0	20.4	-23.34394	-45.12866	16.94583321	10.14166641	56.03130341	252.6087494	25.20000076	7.099999905	18.10000038	19.88333321	13.75	20	13.75	1785	279	43	59.89416885	802	162	768	162	117
BR57	BR57	BRBac057	Ischnocnema henselii	10/31/22	Brazil	Santa Virginia	A4W	night	Adult	NA	27	1.97		190	53	1.90E+04	530	0.027894737	300	268	10	10	4	1.20E+05	1.07E+05	0.893333333	0.106666667	71777	71060	75366	74613	70342	69639	72495	71770.66667	1.010092331	1.04E+05	1.11E+05	1.09E+05	1.08E+05	1	FALSE	0	122.898	180043.4069	-83815.62466	180043.4069	0	22.8	-23.34067	-45.14935	17.05833244	10.1833334	56.26151276	251.918396	25.29999924	7.199999809	18.09999847	19.98333359	13.86666679	20.10000038	13.86666679	1778	278	42	60.12615585	800	160	767	160	117
BR50	BR50	BRBac050	Ischnocnema henselii	10/31/22	Brazil	Santa Virginia	Olho_de_agua	night	Adult	NA	34	3.38		195	62	1.95E+04	620	0.031794872	301	274	10	10	4	1.20E+05	1.10E+05	0.910299003	0.089700997	57194	56623	60054	59455	56051	55491	57766.33333	57189.66667	1.010083407	1.19E+05	1.23E+05	1.23E+05	1.22E+05	1	FALSE	0	50.028	126436.7892	-83815.62469	126436.7892	0	21.1	-23.34321	-45.1443	17.10833359	10.10000038	56.1111145	252.125824	25.29999924	7.300000191	18	20.04999924	13.91666603	20.14999962	13.91666603	1790	279	43	59.7257576	803	163	770	163	117
BR53	BR53	BRBac053	Ischnocnema henselii	10/31/22	Brazil	Santa Virginia	Olho_de_agua	night	Subadult	NA	21	0.79		200	16	2.00E+04	160	0.008	302	232	10	10	4	1.21E+05	9.28E+04	0.768211921	0.231788079	74451	73707	78174	77393	72962	72233	75195.66667	74444.33333	1.010092552	1.17E+05	1.30E+05	1.37E+05	1.28E+05	1	FALSE	0	44.97	189873.0637	-83815.62466	189873.0637	0	20.5	-23.34122	-45.11756	16.85416603	10.17500019	55.90658951	252.7886047	25.20000076	7	18.20000076	19.79999924	13.66666698	19.91666603	13.66666698	1775	278	41	60.30778122	800	159	765	159	117
BR24	BR24	BRBac024	Ischnocnema henselii	11/11/22	Brazil	Boraceia	B3T	night	Adult	NA	27	1.58		187	23	1.87E+04	230	0.012299465	302	281	10	10	4	1.21E+05	1.12E+05	0.930463576	0.069536424	61660	61044	64743	64097	60427	59824	62276.66667	61655	1.010082989	1.28E+05	1.35E+05	1.28E+05	1.30E+05	1	TRUE	171.1800842	95.82	142853.4559	-83815.62469	142853.4559	0	24	-23.64029	-45.84747	17.02499962	8.899999619	53.61445618	254.4646912	24.60000038	8	16.60000038	19.98333359	13.83333302	20.11666679	13.83333302	2038	286	71	45.60791016	817	250	783	250	800
BR23	BR23	BRBac023	Ischnocnema henselii	11/11/22	Brazil	Boraceia	B3T	night	Subadult	NA	17	0.41		191	72	1.91E+04	720	0.037696335	303	253	10	10	4	1.21E+05	1.01E+05	0.834983498	0.165016502	62778	62151	65917	65259	61523	60908	63406	62772.66667	1.010089317	1.14E+05	1.22E+05	1.08E+05	1.15E+05	1	FALSE	0	36.948	146962.5245	-83815.62467	146962.5245	0	20.4	-23.64029	-45.84747	17.02499962	8.899999619	53.61445618	254.4646912	24.60000038	8	16.60000038	19.98333359	13.83333302	20.11666679	13.83333302	2038	286	71	45.60791016	817	250	783	250	800
BR52	BR52	BRBac052	Ischnocnema henselii	10/31/22	Brazil	Santa Virginia	Olho_de_agua	night	Adult	NA	32	3.07		199	56	1.99E+04	560	0.028140704	303	246	10	10	4	1.21E+05	9.84E+04	0.811881188	0.188118812	78308	77525	82224	81402	76742	75975	79091.33333	78300.66667	1.010097828	1.22E+05	1.25E+05	1.33E+05	1.27E+05	1	FALSE	0	215.16	204050.7598	-83815.62464	204050.7598	0	21.8	-23.34122	-45.11756	16.85416603	10.17500019	55.90658951	252.7886047	25.20000076	7	18.20000076	19.79999924	13.66666698	19.91666603	13.66666698	1775	278	41	60.30778122	800	159	765	159	117
BR79	BR79	BRBac079	Ischnocnema henselii	11/9/22	Brazil	Santa Virginia	Olho_de_agua	day	Adult	NA	38	5.4		205	32	2.05E+04	320	0.015609756	305	256	10	10	4	1.22E+05	1.02E+05	0.839344262	0.160655738	65824	65166	69116	68425	64508	63863	66482.66667	65818	1.010098555	1.28E+05	1.27E+05	1.06E+05	1.20E+05	1	FALSE	0	78.702	158158.6029	-83815.62464	158158.6029	0	19.5	-23.33646	-45.14643	17.05833244	10.1833334	56.26151276	251.918396	25.29999924	7.199999809	18.09999847	19.98333359	13.86666679	20.10000038	13.86666679	1778	278	42	60.12615585	800	160	767	160	117
BR16	BR16	BRBac016	Ischnocnema henselii	11/27/22	Brazil	Boraceia	B3T	night	Subadult	NA	21	1.05		204	114	2.04E+04	1140	0.055882353	307	295	10	10	4	1.23E+05	1.18E+05	0.960912052	0.039087948	64779	64132	61366	60753	63484	62850	63209.66667	62578.33333	1.010088689	1.16E+05	1.20E+05	1.13E+05	1.16E+05	1	TRUE	112.8878555	27.894	146248.0637	-83815.62467	146248.0637	0	20.8	-23.64029	-45.84747	17.02499962	8.899999619	53.61445618	254.4646912	24.60000038	8	16.60000038	19.98333359	13.83333302	20.11666679	13.83333302	2038	286	71	45.60791016	817	250	783	250	800
BR44	BR44	BRBac044	Ischnocnema henselii	10/31/22	Brazil	Santa Virginia	Olho_de_agua	night	Subadult	NA	22	0.94		184	59	1.84E+04	590	0.032065217	308	271	10	10	4	1.23E+05	1.08E+05	0.87987013	0.12012987	60189	59588	63199	62568	58986	58397	60791.33333	60184.33333	1.010085681	1.06E+05	1.05E+05	1.23E+05	1.11E+05	1	FALSE	0	53.76	137446.5931	-83815.62468	137446.5931	0	23.3	-23.34332	-45.14438	17.10833359	10.10000038	56.1111145	252.125824	25.29999924	7.300000191	18	20.04999924	13.91666603	20.14999962	13.91666603	1790	279	43	59.7257576	803	163	770	163	117
BR43	BR43	BRBac043	Ischnocnema henselii	10/31/22	Brazil	Santa Virginia	Olho_de_agua	night	Subadult	NA	14	0.68		201	35	2.01E+04	350	0.017412935	309	259	10	10	4	1.24E+05	1.04E+05	0.838187702	0.161812298	74838	74090	78580	77795	73342	72609	75586.66667	74831.33333	1.010093811	1.15E+05	1.23E+05	1.06E+05	1.15E+05	1	FALSE	0	46.842	191295.8578	-83815.62466	191295.8578	0	21.4	-23.34332	-45.14438	17.10833359	10.10000038	56.1111145	252.125824	25.29999924	7.300000191	18	20.04999924	13.91666603	20.14999962	13.91666603	1790	279	43	59.7257576	803	163	770	163	117
BR58	BR58	BRBac058	Ischnocnema henselii	10/31/22	Brazil	Santa Virginia	A4W	night	Adult	Female	28	1.86		195	73	1.95E+04	730	0.037435897	309	262	10	10	4	1.24E+05	1.05E+05	0.84789644	0.15210356	72074	71354	75678	74922	70633	69927	72795	72067.66667	1.010092367	1.16E+05	1.30E+05	1.36E+05	1.27E+05	1	FALSE	0	124.554	181135.3186	-83815.62466	181135.3186	0	22.7	-23.34067	-45.14935	17.05833244	10.1833334	56.26151276	251.918396	25.29999924	7.199999809	18.09999847	19.98333359	13.86666679	20.10000038	13.86666679	1778	278	42	60.12615585	800	160	767	160	117
BR12	BR12	BRBac012	Ischnocnema henselii	11/27/22	Brazil	Boraceia	B3T	night	Adult	NA	26	1.91		183	29	1.83E+04	290	0.015846995	310	261	10	10	4	1.24E+05	1.04E+05	0.841935484	0.158064516	79427	78633	60906	60297	77839	77061	72724	71997	1.010097643	1.14E+05	1.33E+05	1.29E+05	1.25E+05	1	FALSE	0	47.856	180875.5147	-83815.62464	180875.5147	0	20.7	-23.64029	-45.84747	17.02499962	8.899999619	53.61445618	254.4646912	24.60000038	8	16.60000038	19.98333359	13.83333302	20.11666679	13.83333302	2038	286	71	45.60791016	817	250	783	250	800
BR55	BR55	BRBac055	Ischnocnema henselii	11/9/22	Brazil	Santa Virginia	Olho_de_agua	night	Subadult	NA	18	0.52		213	29	2.13E+04	290	0.013615023	310	263	10	10	4	1.24E+05	1.05E+05	0.848387097	0.151612903	70980	70271	74529	73785	69561	68866	71690	70974	1.010088201	1.08E+05	1.27E+05	1.25E+05	1.20E+05	1	FALSE	0	55.236	177114.4853	-83815.62468	177114.4853	0	21.5	-23.34122	-45.11756	16.85416603	10.17500019	55.90658951	252.7886047	25.20000076	7	18.20000076	19.79999924	13.66666698	19.91666603	13.66666698	1775	278	41	60.30778122	800	159	765	159	117
BR18	BR18	BRBac018	Ischnocnema henselii	11/29/22	Brazil	Boraceia	B3T	night	Adult	NA	26	1.65		210	25	2.10E+04	250	0.011904762	310	259	10	10	4	1.24E+05	1.04E+05	0.835483871	0.164516129	63077	62447	66231	65570	61816	61199	63708	63072	1.010083714	1.26E+05	1.16E+05	1.41E+05	1.28E+05	1	FALSE	0	60.066	148063.0147	-83815.62469	148063.0147	0	21.7	-23.64029	-45.84747	17.02499962	8.899999619	53.61445618	254.4646912	24.60000038	8	16.60000038	19.98333359	13.83333302	20.11666679	13.83333302	2038	286	71	45.60791016	817	250	783	250	800
BR45	BR45	BRBac045	Ischnocnema henselii	10/31/22	Brazil	Santa Virginia	Olho_de_agua	night	Adult	NA	27	1.54		188	28	1.88E+04	280	0.014893617	310	299	10	10	4	1.24E+05	1.20E+05	0.964516129	0.035483871	63679	63043	66863	66196	62406	61783	64316	63674	1.010082608	1.29E+05	1.34E+05	1.25E+05	1.29E+05	1	TRUE	656.836792	159.498	150276.25	-83815.6247	150276.25	0	22	-23.34332	-45.14438	17.10833359	10.10000038	56.1111145	252.125824	25.29999924	7.300000191	18	20.04999924	13.91666603	20.14999962	13.91666603	1790	279	43	59.7257576	803	163	770	163	117
BR13	BR13	BRBac013	Ischnocnema henselii	11/27/22	Brazil	Boraceia	B3T	night	Subadult	NA	22	1.15		193	14	1.93E+04	140	0.007253886	313	300	10	10	4	1.25E+05	1.20E+05	0.958466454	0.041533546	79988	79189	78485	77701	78389	77606	78954	78165.33333	1.010089724	1.35E+05	1.23E+05	1.33E+05	1.30E+05	1	TRUE	391.5096741	129.378	203553.2108	-83815.62467	203553.2108	0	21.6	-23.64029	-45.84747	17.02499962	8.899999619	53.61445618	254.4646912	24.60000038	8	16.60000038	19.98333359	13.83333302	20.11666679	13.83333302	2038	286	71	45.60791016	817	250	783	250	800
BR14	BR14	BRBac014	Ischnocnema henselii	11/27/22	Brazil	Boraceia	B3T	night	Subadult	NA	19	0.56		199	52	1.99E+04	520	0.026130653	315	250	10	10	4	1.26E+05	1.00E+05	0.793650794	0.206349206	69572	68877	65833	65175	68181	67500	67862	67184	1.010091688	1.15E+05	1.32E+05	1.30E+05	1.26E+05	1	FALSE	0	27.732	163180.6618	-83815.62466	163180.6618	0	21.5	-23.64029	-45.84747	17.02499962	8.899999619	53.61445618	254.4646912	24.60000038	8	16.60000038	19.98333359	13.83333302	20.11666679	13.83333302	2038	286	71	45.60791016	817	250	783	250	800
BR15	BR15	BRBac015	Ischnocnema henselii	11/27/22	Brazil	Boraceia	B3T	night	Adult	NA	26	1.64		220	112	2.20E+04	1120	0.050909091	315	302	10	10	4	1.26E+05	1.21E+05	0.958730159	0.041269841	60746	60139	64804	64156	59532	58937	61694	61077.33333	1.01009649	1.31E+05	1.30E+05	1.17E+05	1.26E+05	1	TRUE	108.2058792	57.132	140729.6814	-83815.62465	140729.6814	0	21.8	-23.64029	-45.84747	17.02499962	8.899999619	53.61445618	254.4646912	24.60000038	8	16.60000038	19.98333359	13.83333302	20.11666679	13.83333302	2038	286	71	45.60791016	817	250	783	250	800
BR80	BR80	BRBac080	Ischnocnema henselii	10/31/22	Brazil	Santa Virginia	Alojamento	night	Adult	NA	28	1.59		207	55	2.07E+04	550	0.026570048	319	266	10	10	4	1.28E+05	1.06E+05	0.833855799	0.166144201	74213	73471	77924	77145	72729	72002	74955.33333	74206	1.010098015	1.37E+05	1.47E+05	1.17E+05	1.34E+05	1	FALSE	0	41.646	188996.8382	-83815.62464	188996.8382	0	22.3	-23.33646	-45.14643	17.05833244	10.1833334	56.26151276	251.918396	25.29999924	7.199999809	18.09999847	19.98333359	13.86666679	20.10000038	13.86666679	1778	278	42	60.12615585	800	160	767	160	117
BR19	BR19	BRBac019	Ischnocnema henselii	11/29/22	Brazil	Boraceia	B3T	night	Adult	NA	25	1.45		223	23	2.23E+04	230	0.010313901	321	259	10	10	4	1.28E+05	1.04E+05	0.806853583	0.193146417	62582	61957	65712	65055	61331	60718	63208.33333	62576.66667	1.010094284	1.41E+05	1.45E+05	1.33E+05	1.40E+05	1	FALSE	0	66.054	146241.9363	-83815.62465	146241.9363	0	20.4	-23.64029	-45.84747	17.02499962	8.899999619	53.61445618	254.4646912	24.60000038	8	16.60000038	19.98333359	13.83333302	20.11666679	13.83333302	2038	286	71	45.60791016	817	250	783	250	800
BR20	BR20	BRBac020	Ischnocnema henselii	11/29/22	Brazil	Boraceia	B3T	night	Subadult	NA	22	0.88		213	10	2.13E+04	100	0.004694836	321	288	10	10	4	1.28E+05	1.15E+05	0.897196262	0.102803738	64036	63396	67238	66566	62756	62129	64676.66667	64030.33333	1.010094174	1.29E+05	1.23E+05	1.45E+05	1.32E+05	1	TRUE	28.53313446	38.952	151586.299	-83815.62465	151586.299	0	21.5	-23.64029	-45.84747	17.02499962	8.899999619	53.61445618	254.4646912	24.60000038	8	16.60000038	19.98333359	13.83333302	20.11666679	13.83333302	2038	286	71	45.60791016	817	250	783	250	800
BR17	BR17	BRBac017	Ischnocnema henselii	11/29/22	Brazil	Boraceia	B3T	night	Subadult	NA	21	0.72		208	11	2.08E+04	110	0.005288462	324	250	10	10	4	1.30E+05	1.00E+05	0.771604938	0.228395062	55045	54495	57798	57220	53945	53406	55596	55040.33333	1.010095627	1.19E+05	1.48E+05	1.15E+05	1.27E+05	1	FALSE	0	65.16	118534.8284	-83815.62465	118534.8284	0	20.75	-23.64029	-45.84747	17.02499962	8.899999619	53.61445618	254.4646912	24.60000038	8	16.60000038	19.98333359	13.83333302	20.11666679	13.83333302	2038	286	71	45.60791016	817	250	783	250	800
N/A	N/A	BR_AMPs_87	Ischnocnema henselii	10/2/23	Brazil	Santa Virginia	Olho_de_agua	NA	Adult	N/A	20.9	0.86		488	543	4.88E+04	5430	0.111270492	362	253	10	10	4	1.45E+05	1.01E+05	0.698895028	0.301104972	65738	63045	51213	81105	76465	22055	64472	55401.66667	1.163719503	7.59E+05	9.51E+06	5.48E+06	5.25E+06	NA	NA	NA	62.256	119863.2598	-83815.05985	119863.2598		14.5	-23.34211	-45.1435	17.10833359	10.10000038	56.1111145	252.125824	25.29999924	7.300000191	18	20.04999924	13.91666603	20.14999962	13.91666603	1790	279	43	59.7257576	803	163	770	163	117
N/A	N/A	BR_AMPs_88	Ischnocnema henselii	10/2/23	Brazil	Santa Virginia	Olho_de_agua	NA	Adult	N/A	28.5	1.64		243	176	2.43E+04	1760	0.072427984	341	361	10	10	4	1.36E+05	1.44E+05	1.058651026	-0.058651026	25288	47490	35173	76352	46224	82504	35561.66667	68782	0.517019957	3.53E+05	9.64E+06	3.91E+06	4.63E+06	NA	NA	NA	NA	169055.6618	-83817.43743	169055.6618		15.5	-23.34277	-45.14398	17.10833359	10.10000038	56.1111145	252.125824	25.29999924	7.300000191	18	20.04999924	13.91666603	20.14999962	13.91666603	1790	279	43	59.7257576	803	163	770	163	117
		BR_AMPs_136	Ischnocnema henselii	10/10/23	Brazil	Boraceia	t6	NA	Adult	N/A	27.98	2.48		139	456	1.39E+04	4560	0.328057554	310	239	10	10		0.00E+00	0.00E+00	#DIV/0!	#DIV/0!	32342	51675	31313	66689	77051	58306	46902	58890	0.79643403	7.34E+05	9.64E+06	6.92E+06	5.77E+06	1	TRUE	5375.711426	29.004	132688.0147	-83816.41017	132688.0147		16.2	-23.64029	-45.84747	17.02499962	8.899999619	53.61445618	254.4646912	24.60000038	8	16.60000038	19.98333359	13.83333302	20.11666679	13.83333302	2038	286	71	45.60791016	817	250	783	250	800
		BR_AMPs_134	Ischnocnema henselii	10/10/23	Brazil	Boraceia	t6	NA	Adult	N/A	26.18	1.83		146	380	1.46E+04	3800	0.260273973	314	307	10	10		0.00E+00	0.00E+00	#DIV/0!	#DIV/0!	41837	45473	43127	38905	33212	24959	39392	36445.66667	1.080841801	2.88E+05	9.61E+06	1.76E+06	3.89E+06	1	TRUE	5019.693359	NA	50172.08333	-83815.36455	50172.08333		16.3	-23.64029	-45.84747	17.02499962	8.899999619	53.61445618	254.4646912	24.60000038	8	16.60000038	19.98333359	13.83333302	20.11666679	13.83333302	2038	286	71	45.60791016	817	250	783	250	800
N/A	N/A	BR_AMPs_85	Ischnocnema henselii	10/2/23	Brazil	Santa Virginia	Olho_de_agua	NA	Adult	N/A	24.7	1.52		333	472	3.33E+04	4720	0.141741742	405	323	10	10	4	1.62E+05	1.29E+05	0.797530864	0.202469136	77156	73621	56912	45268	20627	53010	51565	57299.66667	0.899917975	4.22E+05	9.42E+06	1.53E+07	8.39E+06	NA	NA	NA	71.826	126841.201	-83816.02971	126841.201		16.4	-23.34222	-45.14358	17.10833359	10.10000038	56.1111145	252.125824	25.29999924	7.300000191	18	20.04999924	13.91666603	20.14999962	13.91666603	1790	279	43	59.7257576	803	163	770	163	117
		BR_AMPs_137	Ischnocnema henselii	10/10/23	Brazil	Boraceia	t6	NA	Adult	N/A	18.05	0.67		160	594	1.60E+04	5940	0.37125	417	345	10	10		0.00E+00	0.00E+00	#DIV/0!	#DIV/0!	47439	20005	42450	85547	37648	37950	42512.33333	47834	0.888747195	5.42E+05	9.33E+06	1.16E+07	7.15E+06	1	FALSE	0	NA	92040.95588	-83816.07078	92040.95588	0	16.5	-23.64029	-45.84747	17.02499962	8.899999619	53.61445618	254.4646912	24.60000038	8	16.60000038	19.98333359	13.83333302	20.11666679	13.83333302	2038	286	71	45.60791016	817	250	783	250	800
		BR_AMPs_133	Ischnocnema henselii	10/10/23	Brazil	Boraceia	t6	NA	Adult	N/A	27.08	1.6		393	335	3.93E+04	3350	0.08524173	417	238	10	10		0.00E+00	0.00E+00	#DIV/0!	#DIV/0!	29052	71650	37127	75514	65731	68052	43970	71738.66667	0.612919114	9.07E+05	9.31E+06	1.17E+07	7.30E+06	1	FALSE	0	NA	179925.7598	-83817.08486	179925.7598	0	16.7	-23.64029	-45.84747	17.02499962	8.899999619	53.61445618	254.4646912	24.60000038	8	16.60000038	19.98333359	13.83333302	20.11666679	13.83333302	2038	286	71	45.60791016	817	250	783	250	800
		BR_AMPs_131	Ischnocnema henselii	10/10/23	Brazil	Boraceia	t6	NA	Adult	N/A	24.37	1.73		181	352	1.81E+04	3520	0.194475138	345	293	10	10		0.00E+00	0.00E+00	#DIV/0!	#DIV/0!	86548	42019	40344	53942	87839	81315	71577	59092	1.211280715	5.33E+05	9.55E+06	4.82E+06	4.97E+06	1	FALSE	0	NA	133430.6618	-83814.885	133430.6618	0	16.8	-23.64029	-45.84747	17.02499962	8.899999619	53.61445618	254.4646912	24.60000038	8	16.60000038	19.98333359	13.83333302	20.11666679	13.83333302	2038	286	71	45.60791016	817	250	783	250	800
		BR_AMPs_124	Ischnocnema henselii	10/10/23	Brazil	Boraceia	t6	NA	Adult	N/A	22.57	1.27		499	604	4.99E+04	6040	0.121042084	384	315	10	10		0.00E+00	0.00E+00	#DIV/0!	#DIV/0!	48073	25035	22423	51573	28942	22448	33146	33018.66667	1.003856404	1.28E+05	9.64E+06	1.80E+06	3.86E+06	1	FALSE	0	NA	37572.81863	-83815.64759	37572.81863	0	16.9	-23.64029	-45.84747	17.02499962	8.899999619	53.61445618	254.4646912	24.60000038	8	16.60000038	19.98333359	13.83333302	20.11666679	13.83333302	2038	286	71	45.60791016	817	250	783	250	800
		BR_AMPs_125	Ischnocnema henselii	10/10/23	Brazil	Boraceia	t6	NA	Adult	N/A	22.57	1.02		435	361	4.35E+04	3610	0.082988506	320	259	10	10		0.00E+00	0.00E+00	#DIV/0!	#DIV/0!	25134	55444	65455	73248	87117	26337	59235.33333	51676.33333	1.146275858	3.27E+05	9.39E+06	8.56E+06	6.09E+06	1	TRUE	1641.905151	34.344	106167.1814	-83815.12399	106167.1814		17	-23.64029	-45.84747	17.02499962	8.899999619	53.61445618	254.4646912	24.60000038	8	16.60000038	19.98333359	13.83333302	20.11666679	13.83333302	2038	286	71	45.60791016	817	250	783	250	800
		BR_AMPs_129	Ischnocnema henselii	10/10/23	Brazil	Boraceia	t6	NA	Adult	N/A	23.47	1.23		223	71	2.23E+04	710	0.031838565	279	364	10	10		0.00E+00	0.00E+00	#DIV/0!	#DIV/0!	38455	59410	24830	54929	58408	77353	40564.33333	63897.33333	0.634836091	4.49E+05	9.27E+06	1.32E+07	7.63E+06	1	FALSE	0	NA	151097.3284	-83817.00428	151097.3284	0	17.2	-23.64029	-45.84747	17.02499962	8.899999619	53.61445618	254.4646912	24.60000038	8	16.60000038	19.98333359	13.83333302	20.11666679	13.83333302	2038	286	71	45.60791016	817	250	783	250	800
		BR_AMPs_123	Ischnocnema henselii	10/10/23	Brazil	Boraceia	t6	NA	Adult	N/A	23.47	1.48		104	18	1.04E+04	180	0.017307692	318	333	10	10		0.00E+00	0.00E+00	#DIV/0!	#DIV/0!	64034	59069	35918	87906	77458	64663	59136.66667	70546	0.83827101	5.65E+05	9.20E+06	3.14E+06	4.30E+06	1	FALSE	0	NA	175540.9559	-83816.25636	175540.9559	0	17.3	-23.64029	-45.84747	17.02499962	8.899999619	53.61445618	254.4646912	24.60000038	8	16.60000038	19.98333359	13.83333302	20.11666679	13.83333302	2038	286	71	45.60791016	817	250	783	250	800
N/A	N/A	BR_AMPs_90	Ischnocnema henselii	10/2/23	Brazil	Santa Virginia	Olho_de_agua	NA	Adult	N/A	25.65	1.47		339	226	3.39E+04	2260	0.066666667	299	358	10	10	4	1.20E+05	1.43E+05	1.197324415	-0.197324415	77375	32217	32477	74710	37020	28232	48957.33333	45053	1.086660896	2.01E+05	9.34E+06	5.84E+06	5.13E+06	NA	NA	NA	140.004	81816.69118	-83815.34316	81816.69118		17.3	-23.34233	-45.14366	17.10833359	10.10000038	56.1111145	252.125824	25.29999924	7.300000191	18	20.04999924	13.91666603	20.14999962	13.91666603	1790	279	43	59.7257576	803	163	770	163	117
		BR_AMPs_127	Ischnocnema henselii	10/10/23	Brazil	Boraceia	t6	NA	Adult	N/A	23.47	1.29		254	61	2.54E+04	610	0.024015748	420	280	10	10		0.00E+00	0.00E+00	#DIV/0!	#DIV/0!	70930	37499	56814	30020	68863	35709	65535.66667	34409.33333	1.90458984	2.12E+05	9.57E+06	2.08E+06	3.95E+06	1	FALSE	0	NA	42685.56373	-83812.33607	42685.56373	0	17.4	-23.64029	-45.84747	17.02499962	8.899999619	53.61445618	254.4646912	24.60000038	8	16.60000038	19.98333359	13.83333302	20.11666679	13.83333302	2038	286	71	45.60791016	817	250	783	250	800
N/A	N/A	BR_AMPs_89	Ischnocnema henselii	10/2/23	Brazil	Santa Virginia	Olho_de_agua	NA	Adult	N/A	27.55	1.67		478	139	4.78E+04	1390	0.029079498	345	285	10	10	4	1.38E+05	1.14E+05	0.826086957	0.173913043	30472	62187	81558	75864	36624	23555	49551.33333	53868.66667	0.919854461	8.96E+05	9.47E+06	2.54E+06	4.30E+06	NA	NA	NA	NA	114227.2304	-83815.95642	114227.2304		17.5	-23.3431	-45.14422	17.10833359	10.10000038	56.1111145	252.125824	25.29999924	7.300000191	18	20.04999924	13.91666603	20.14999962	13.91666603	1790	279	43	59.7257576	803	163	770	163	117
N/A	N/A	BR_AMPs_81	Ischnocnema henselii	10/2/23	Brazil	Santa Virginia	Olho_de_agua	NA	Adult	N/A	28.5	1.74		179	128	1.79E+04	1280	0.07150838	334	326	10	10	4	1.34E+05	1.30E+05	0.976047904	0.023952096	71411	24342	56991	62372	55007	45318	61136.33333	44010.66667	1.389125364	5.47E+05	9.50E+06	6.83E+05	3.58E+06	NA	NA	NA	NA	77984.58333	-83814.23116	77984.58333		17.5	-23.34299	-45.14414	17.10833359	10.10000038	56.1111145	252.125824	25.29999924	7.300000191	18	20.04999924	13.91666603	20.14999962	13.91666603	1790	279	43	59.7257576	803	163	770	163	117
N/A	N/A	BR_168_amp	Ischnocnema henselii	10/15/24	Brazil	Santa Virginia	Olho_de_agua	NA	Adult	N/A	23.47	1.5		495	337	4.95E+04	3370	0.068080808	423	375	10	10	4	1.69E+05	1.50E+05	0.886524823	0.113475177	54687	36091	30219	25423	33052	46118	39319.33333	35877.33333	1.095938011	8.36E+05	9.68E+06	7.63E+06	6.05E+06	NA	NA	NA	NA	48082.62255	-83815.30905	48082.62255		17.5	-23.34156	-45.1431	17.10833359	10.10000038	56.1111145	252.125824	25.29999924	7.300000191	18	20.04999924	13.91666603	20.14999962	13.91666603	1790	279	43	59.7257576	803	163	770	163	117
N/A	N/A	BR_178_amp	Ischnocnema henselii	10/15/24	Brazil	Santa Virginia	Olho_de_agua	NA	Adult	N/A	21.66	1.09		148	240	1.48E+04	2400	0.162162162	359	230	10	10	4	1.44E+05	9.20E+04	0.640668524	0.359331476	32713	36552	25334	77029	39587	28812	32544.66667	47464.33333	0.685665728	1.24E+05	9.28E+06	1.45E+07	7.96E+06	NA	NA	NA	NA	90681.88725	-83816.81741	90681.88725		17.5	-23.34112	-45.14278	17.10833359	10.10000038	56.1111145	252.125824	25.29999924	7.300000191	18	20.04999924	13.91666603	20.14999962	13.91666603	1790	279	43	59.7257576	803	163	770	163	117
N/A	N/A	BR_AMPs_86	Ischnocnema henselii	10/2/23	Brazil	Santa Virginia	Olho_de_agua	NA	Adult	N/A	25.65	1.58		550	461	5.50E+04	4610	0.083818182	392	291	10	10	4	1.57E+05	1.16E+05	0.742346939	0.257653061	37324	45784	57872	86040	67715	32889	54303.66667	54904.33333	0.989059758	7.73E+05	9.43E+06	5.16E+06	5.12E+06	NA	NA	NA	51.654	118034.8284	-83815.70199	118034.8284		17.6	-23.34266	-45.1439	17.10833359	10.10000038	56.1111145	252.125824	25.29999924	7.300000191	18	20.04999924	13.91666603	20.14999962	13.91666603	1790	279	43	59.7257576	803	163	770	163	117
N/A	N/A	BR_AMPs_82	Ischnocnema henselii	10/2/23	Brazil	Santa Virginia	Olho_de_agua	NA	Adult	N/A	13.3	0.65		234	156	2.34E+04	1560	0.066666667	412	244	10	10	4	1.65E+05	9.76E+04	0.59223301	0.40776699	85007	27978	51112	79510	77721	32998	71280	46828.66667	1.522144555	7.82E+05	9.31E+06	7.53E+06	5.88E+06	NA	NA	NA	43.212	88344.87745	-83813.74212	88344.87745		17.9	-23.34255	-45.14382	17.10833359	10.10000038	56.1111145	252.125824	25.29999924	7.300000191	18	20.04999924	13.91666603	20.14999962	13.91666603	1790	279	43	59.7257576	803	163	770	163	117
N/A	N/A	BR_AMPs_110	Ischnocnema henselii	10/3/23	Brazil	Santa Virginia	s1	NA	Adult	N/A	28.88	2.28		217	351	2.17E+04	3510	0.161751152	365	249	10	10	4	1.46E+05	9.96E+04	0.682191781	0.317808219	26558	85980	19957	43865	36915	35219	27810	55021.33333	0.505440314	5.95E+05	9.15E+06	5.72E+06	5.15E+06	1	NA	NA	NA	118464.9755	-83817.48	118464.9755	0	18	-23.33646	-45.14643	17.05833244	10.1833334	56.26151276	251.918396	25.29999924	7.199999809	18.09999847	19.98333359	13.86666679	20.10000038	13.86666679	1778	278	42	60.12615585	800	160	767	160	117
N/A	N/A	BR_AMPs_105	Ischnocnema henselii	10/3/23	Brazil	Santa Virginia	s1	NA	Adult	N/A	25.27	1.66		469	637	4.69E+04	6370	0.135820896	373	362	10	10	4	1.49E+05	1.45E+05	0.970509383	0.029490617	43334	63973	77492	60312	28526	54440	49784	59575	0.835652539	7.85E+05	9.49E+06	1.03E+07	6.87E+06	1	NA	NA	NA	135206.3971	-83816.26598	135206.3971	0	18.4	-23.33646	-45.14643	17.05833244	10.1833334	56.26151276	251.918396	25.29999924	7.199999809	18.09999847	19.98333359	13.86666679	20.10000038	13.86666679	1778	278	42	60.12615585	800	160	767	160	117
N/A	N/A	BR_176_amp	Ischnocnema henselii	10/15/24	Brazil	Santa Virginia	Olho_de_agua	NA	Adult	N/A	15.35	0.38		303	108	3.03E+04	1080	0.035643564	326	332	10	10	4	1.30E+05	1.33E+05	1.018404908	-0.018404908	80562	37172	64950	38688	86793	47803	77435	41221	1.878532787	2.65E+05	9.38E+06	7.10E+06	5.58E+06	NA	NA	NA	NA	67728.45588	-83812.43186	67728.45588		18.6	-23.34101	-45.1427	17.10833359	10.10000038	56.1111145	252.125824	25.29999924	7.300000191	18	20.04999924	13.91666603	20.14999962	13.91666603	1790	279	43	59.7257576	803	163	770	163	117
N/A	N/A	BR_172_amp	Ischnocnema henselii	10/15/24	Brazil	Santa Virginia	Olho_de_agua	NA	Adult	N/A	32.3	3.22		254	237	2.54E+04	2370	0.093307087	301	228	10	10	4	1.20E+05	9.12E+04	0.757475083	0.242524917	71242	56032	35424	85255	71933	54232	59533	65173	0.913461096	5.63E+05	9.53E+06	1.72E+06	3.94E+06	NA	NA	NA	37.41	155787.2794	-83815.97992	155787.2794		18.7	-23.34178	-45.14326	17.10833359	10.10000038	56.1111145	252.125824	25.29999924	7.300000191	18	20.04999924	13.91666603	20.14999962	13.91666603	1790	279	43	59.7257576	803	163	770	163	117
N/A	N/A	BR_AMPs_112	Ischnocnema henselii	10/3/23	Brazil	Santa Virginia	s1	NA	Adult	N/A	27.08	1.87		216	572	2.16E+04	5720	0.264814815	421	348	10	10	4	1.68E+05	1.39E+05	0.826603325	0.173396675	44821	29093	32851	89882	91462	75555	56378	64843.33333	0.869449442	7.25E+05	9.18E+06	7.61E+06	5.84E+06	1	NA	NA	NA	154575.2696	-83816.14173	154575.2696	0	18.9	-23.33646	-45.14643	17.05833244	10.1833334	56.26151276	251.918396	25.29999924	7.199999809	18.09999847	19.98333359	13.86666679	20.10000038	13.86666679	1778	278	42	60.12615585	800	160	767	160	117
N/A	N/A	BR_174_amp	Ischnocnema henselii	10/15/24	Brazil	Santa Virginia	Olho_de_agua	NA	Adult	N/A	20.76	0.89		210	496	2.10E+04	4960	0.236190476	350	373	10	10	4	1.40E+05	1.49E+05	1.065714286	-0.065714286	80631	50326	33789	65687	83390	19509	65936.66667	45174	1.459615413	4.04E+05	9.55E+06	3.59E+05	3.44E+06	NA	NA	NA	NA	82261.54412	-83813.972	82261.54412		19	-23.34123	-45.14286	17.10833359	10.10000038	56.1111145	252.125824	25.29999924	7.300000191	18	20.04999924	13.91666603	20.14999962	13.91666603	1790	279	43	59.7257576	803	163	770	163	117
N/A	N/A	BR_161_amp	Ischnocnema henselii	10/15/24	Brazil	Santa Virginia	Olho_de_agua	NA	Adult	N/A	34.2	3.83		366	81	3.66E+04	810	0.022131148	419	344	10	10	4	1.68E+05	1.38E+05	0.821002387	0.178997613	55197	73189	47986	23426	49536	84161	50906.33333	60258.66667	0.844796876	8.36E+05	9.14E+06	6.86E+06	5.61E+06	NA	NA	NA	51.576	137719.8775	-83816.23236	137719.8775		19.1	-23.34189	-45.14334	17.10833359	10.10000038	56.1111145	252.125824	25.29999924	7.300000191	18	20.04999924	13.91666603	20.14999962	13.91666603	1790	279	43	59.7257576	803	163	770	163	117
		BR_274_amp	Ischnocnema henselii	11/3/24	Brazil	Boraceia	t4	NA	Adult	N/A	24.37	1.39		268	242	2.68E+04	2420	0.090298507	366	270	10	10		0.00E+00	0.00E+00	#DIV/0!	#DIV/0!	68223	24434	69804	52531	88770	62483	75599	46482.66667	1.6263912	2.96E+05	9.64E+06	1.02E+07	6.73E+06	1	TRUE	852.8630371	NA	87072.81863	-83813.35886	87072.81863		19.1	-23.64029	-45.84747	17.02499962	8.899999619	53.61445618	254.4646912	24.60000038	8	16.60000038	19.98333359	13.83333302	20.11666679	13.83333302	2038	286	71	45.60791016	817	250	783	250	800
		BR_273_amp	Ischnocnema henselii	11/3/24	Brazil	Boraceia	t4	NA	Adult	N/A	18.05	0.6		450	336	4.50E+04	3360	0.074666667	340	322	10	10		0.00E+00	0.00E+00	#DIV/0!	#DIV/0!	80790	73638	44616	76775	44720	78291	56708.66667	76234.66667	0.743869806	5.49E+05	9.55E+06	6.85E+06	5.65E+06	1	FALSE	0	NA	196455.1716	-83816.60342	196455.1716	0	19.2	-23.64029	-45.84747	17.02499962	8.899999619	53.61445618	254.4646912	24.60000038	8	16.60000038	19.98333359	13.83333302	20.11666679	13.83333302	2038	286	71	45.60791016	817	250	783	250	800
		BR_279_amp	Ischnocnema henselii	11/3/24	Brazil	Boraceia	t4	NA	Adult	N/A	27.08	1.87		245	634	2.45E+04	6340	0.25877551	324	300	10	10		0.00E+00	0.00E+00	#DIV/0!	#DIV/0!	81427	59429	26268	32506	39467	24465	49054	38800	1.264278351	8.76E+05	9.35E+06	1.15E+07	7.25E+06	1	FALSE	0	NA	58827.72059	-83814.69015	58827.72059	0	19.2	-23.64029	-45.84747	17.02499962	8.899999619	53.61445618	254.4646912	24.60000038	8	16.60000038	19.98333359	13.83333302	20.11666679	13.83333302	2038	286	71	45.60791016	817	250	783	250	800
N/A	N/A	BR_AMPs_117	Ischnocnema henselii	10/3/23	Brazil	Santa Virginia	s1	NA	Adult	N/A	26.18	1.91		165	515	1.65E+04	5150	0.312121212	380	233	10	10	4	1.52E+05	9.32E+04	0.613157895	0.386842105	82632	29300	81922	52045	66944	66350	77166	49231.66667	1.567405802	4.49E+05	9.18E+06	8.89E+06	6.17E+06	1	NA	NA	NA	97179.43627	-83813.57571	97179.43627	0	19.2	-23.33646	-45.14643	17.05833244	10.1833334	56.26151276	251.918396	25.29999924	7.199999809	18.09999847	19.98333359	13.86666679	20.10000038	13.86666679	1778	278	42	60.12615585	800	160	767	160	117
N/A	N/A	BR_AMPs_120	Ischnocnema henselii	10/3/23	Brazil	Santa Virginia	s1	NA	Adult	N/A	27.08	1.81		424	162	4.24E+04	1620	0.038207547	302	297	10	10	4	1.21E+05	1.19E+05	0.983443709	0.016556291	62380	59987	61072	51051	71075	81126	64842.33333	64054.66667	1.012296788	4.56E+05	9.36E+06	5.35E+06	5.06E+06	1	NA	NA	NA	151675.7598	-83815.61656	151675.7598	0	19.2	-23.33646	-45.14643	17.05833244	10.1833334	56.26151276	251.918396	25.29999924	7.199999809	18.09999847	19.98333359	13.86666679	20.10000038	13.86666679	1778	278	42	60.12615585	800	160	767	160	117
N/A	N/A	BR_173_amp	Ischnocnema henselii	10/15/24	Brazil	Santa Virginia	Olho_de_agua	NA	Adult	N/A	27.55	2.51		101	364	1.01E+04	3640	0.36039604	348	289	10	10	4	1.39E+05	1.16E+05	0.83045977	0.16954023	81885	81948	40164	71184	84128	35822	68725.66667	62984.66667	1.091149169	3.72E+05	9.38E+06	5.04E+06	4.93E+06	NA	NA	NA	39.228	147741.9363	-83815.32666	147741.9363		19.2	-23.342	-45.14342	17.10833359	10.10000038	56.1111145	252.125824	25.29999924	7.300000191	18	20.04999924	13.91666603	20.14999962	13.91666603	1790	279	43	59.7257576	803	163	770	163	117
		BR_282_amp	Ischnocnema henselii	11/3/24	Brazil	Boraceia	t4	NA	Adult	N/A	26.63	1.58		458	114	4.58E+04	1140	0.02489083	321	316	10	10		0.00E+00	0.00E+00	#DIV/0!	#DIV/0!	19856	38052	94650	39153	65400	65909	59968.66667	47704.66667	1.257081767	4.78E+05	9.45E+06	1.13E+07	7.09E+06	1	TRUE	1828.183594	NA	91565.46569	-83814.71661	91565.46569		19.2	-23.64029	-45.84747	17.02499962	8.899999619	53.61445618	254.4646912	24.60000038	8	16.60000038	19.98333359	13.83333302	20.11666679	13.83333302	2038	286	71	45.60791016	817	250	783	250	800
		BR_272_amp	Ischnocnema henselii	11/3/24	Brazil	Boraceia	t4	NA	Adult	N/A	25.27	1.79		154	275	1.54E+04	2750	0.178571429	293	286	10	10		0.00E+00	0.00E+00	#DIV/0!	#DIV/0!	83547	25971	69649	33577	23477	58751	58891	39433	1.493444577	8.76E+05	9.37E+06	2.59E+06	4.28E+06	1	TRUE	735.0192871	NA	61154.92647	-83813.84763	61154.92647		19.3	-23.64029	-45.84747	17.02499962	8.899999619	53.61445618	254.4646912	24.60000038	8	16.60000038	19.98333359	13.83333302	20.11666679	13.83333302	2038	286	71	45.60791016	817	250	783	250	800
		BR_285_amp	Ischnocnema henselii	11/3/24	Brazil	Boraceia	t4	NA	Adult	N/A	20.76	1.14		108	447	1.08E+04	4470	0.413888889	410	297	10	10		0.00E+00	0.00E+00	#DIV/0!	#DIV/0!	41326	81175	74335	31337	85735	73893	67132	62135	1.080421663	1.93E+05	9.62E+06	7.87E+06	5.90E+06	1	FALSE	0	NA	144618.1618	-83815.3661	144618.1618	0	19.4	-23.64029	-45.84747	17.02499962	8.899999619	53.61445618	254.4646912	24.60000038	8	16.60000038	19.98333359	13.83333302	20.11666679	13.83333302	2038	286	71	45.60791016	817	250	783	250	800
N/A	N/A	BR_165_amp	Ischnocnema henselii	10/15/24	Brazil	Santa Virginia	Olho_de_agua	NA	Adult	N/A	22.57	1.32		320	161	3.20E+04	1610	0.0503125	346	377	10	10	4	1.38E+05	1.51E+05	1.089595376	-0.089595376	63855	49431	43842	32569	78628	25118	62108.33333	35706	1.739436883	5.47E+05	9.16E+06	1.23E+06	3.65E+06	NA	NA	NA	NA	47452.72059	-83812.94325	47452.72059		19.5	-23.34145	-45.14302	17.10833359	10.10000038	56.1111145	252.125824	25.29999924	7.300000191	18	20.04999924	13.91666603	20.14999962	13.91666603	1790	279	43	59.7257576	803	163	770	163	117
N/A	N/A	BR_167_amp	Ischnocnema henselii	10/15/24	Brazil	Santa Virginia	Olho_de_agua	NA	Adult	N/A	19.86	0.8		190	205	1.90E+04	2050	0.107894737	313	254	10	10	4	1.25E+05	1.02E+05	0.811501597	0.188498403	73875	72695	35128	41771	34370	71703	47791	62056.33333	0.770122845	6.50E+05	9.33E+06	1.18E+06	3.72E+06	NA	NA	NA	NA	144328.9461	-83816.5069	144328.9461		19.5	-23.34134	-45.14294	17.10833359	10.10000038	56.1111145	252.125824	25.29999924	7.300000191	18	20.04999924	13.91666603	20.14999962	13.91666603	1790	279	43	59.7257576	803	163	770	163	117
		BR_280_amp	Ischnocnema henselii	11/3/24	Brazil	Boraceia	t4	NA	Adult	N/A	25.27	1.63		482	433	4.82E+04	4330	0.089834025	301	269	10	10		0.00E+00	0.00E+00	#DIV/0!	#DIV/0!	57820	76732	58132	38339	91223	39629	69058.33333	51566.66667	1.339204913	3.35E+05	9.17E+06	1.12E+07	6.89E+06	1	TRUE	242.5713196	NA	105763.9951	-83814.41469	105763.9951		19.7	-23.64029	-45.84747	17.02499962	8.899999619	53.61445618	254.4646912	24.60000038	8	16.60000038	19.98333359	13.83333302	20.11666679	13.83333302	2038	286	71	45.60791016	817	250	783	250	800
N/A	N/A	BR_AMPs_119	Ischnocnema henselii	10/3/23	Brazil	Santa Virginia	s1	NA	Adult	N/A	24.37	1.44		293	497	2.93E+04	4970	0.169624573	367	310	10	10	4	1.47E+05	1.24E+05	0.844686649	0.155313351	84677	54149	53052	78959	24942	43642	54223.66667	58916.66667	0.92034512	7.21E+05	9.70E+06	3.92E+06	4.78E+06	1	NA	NA	NA	132786.0539	-83815.95461	132786.0539	0	19.8	-23.33646	-45.14643	17.05833244	10.1833334	56.26151276	251.918396	25.29999924	7.199999809	18.09999847	19.98333359	13.86666679	20.10000038	13.86666679	1778	278	42	60.12615585	800	160	767	160	117
N/A	N/A	BR_166_amp	Ischnocnema henselii	10/15/24	Brazil	Santa Virginia	Olho_de_agua	NA	Adult	N/A	18.96	0.66		559	334	5.59E+04	3340	0.059749553	350	258	10	10	4	1.40E+05	1.03E+05	0.737142857	0.262857143	72979	75672	90267	30423	60652	60295	74632.66667	55463.33333	1.345621732	5.78E+05	9.25E+06	5.35E+06	5.06E+06	NA	NA	NA	NA	120089.9755	-83814.3911	120089.9755		19.8	-23.34167	-45.14318	17.10833359	10.10000038	56.1111145	252.125824	25.29999924	7.300000191	18	20.04999924	13.91666603	20.14999962	13.91666603	1790	279	43	59.7257576	803	163	770	163	117
		BR_287_amp	Ischnocnema henselii	11/3/24	Brazil	Boraceia	t4	NA	Adult	N/A	20.76	1.51		153	375	1.53E+04	3750	0.245098039	289	361	10	10		0.00E+00	0.00E+00	#DIV/0!	#DIV/0!	75024	38004	94430	43248	80502	20309	83318.66667	33853.66667	2.46114158	4.18E+05	9.61E+06	5.55E+06	5.19E+06	1	FALSE	0	NA	40642.67157	-83810.28992	40642.67157	0	19.9	-23.64029	-45.84747	17.02499962	8.899999619	53.61445618	254.4646912	24.60000038	8	16.60000038	19.98333359	13.83333302	20.11666679	13.83333302	2038	286	71	45.60791016	817	250	783	250	800
		BR_277_amp	Ischnocnema henselii	11/3/24	Brazil	Boraceia	t4	NA	Adult	N/A	28.44	2.28		166	425	1.66E+04	4250	0.256024096	301	226	10	10		0.00E+00	0.00E+00	#DIV/0!	#DIV/0!	67537	40107	57083	39275	56705	21372	60441.66667	33584.66667	1.79968041	5.75E+05	9.59E+06	1.35E+07	7.88E+06	1	TRUE	12781.02637	NA	39653.70098	-83812.72176	39653.70098		19.9	-23.64029	-45.84747	17.02499962	8.899999619	53.61445618	254.4646912	24.60000038	8	16.60000038	19.98333359	13.83333302	20.11666679	13.83333302	2038	286	71	45.60791016	817	250	783	250	800
N/A	N/A	BR_AMPs_116	Ischnocnema henselii	10/3/23	Brazil	Santa Virginia	s1	NA	Adult	N/A	27.08	1.49		518	204	5.18E+04	2040	0.039382239	330	303	10	10	4	1.32E+05	1.21E+05	0.918181818	0.081818182	33970	29076	72804	83906	70760	33728	59178	48903.33333	1.210101561	8.12E+05	9.55E+06	6.23E+06	5.53E+06	1	NA	NA	NA	95972.32843	-83814.88933	95972.32843	0	20.1	-23.33646	-45.14643	17.05833244	10.1833334	56.26151276	251.918396	25.29999924	7.199999809	18.09999847	19.98333359	13.86666679	20.10000038	13.86666679	1778	278	42	60.12615585	800	160	767	160	117
		BR_286_amp	Ischnocnema henselii	11/3/24	Brazil	Boraceia	t4	NA	Adult	N/A	26.18	1.64		155	140	1.55E+04	1400	0.090322581	373	355	10	10	4	1.49E+05	1.42E+05	0.951742627	0.048257373	31198	75291	57508	59878	78692	88003	55799.33333	74390.66667	0.750085136	2.84E+05	9.67E+06	7.41E+06	5.79E+06	1	TRUE	241.5906372	NA	189675.7598	-83816.58057	189675.7598		20.7	-23.64029	-45.84747	17.02499962	8.899999619	53.61445618	254.4646912	24.60000038	8	16.60000038	19.98333359	13.83333302	20.11666679	13.83333302	2038	286	71	45.60791016	817	250	783	250	800
N/A	N/A	BR_AMPs_83	Ischnocnema henselii	10/2/23	Brazil	Santa Virginia	Olho_de_agua	NA	Adult	N/A	20.9	0.9		305	234	3.05E+04	2340	0.076721311	288	249	10	10	4	1.15E+05	9.96E+04	0.864583333	0.135416667	65848	81708	36288	37792	54516	72552	52217.33333	64017.33333	0.815674921	2.41E+05	9.15E+06	2.88E+06	4.09E+06	NA	NA	NA	56.01	151538.5049	-83816.33943	151538.5049		21.1	-23.34244	-45.14374	17.10833359	10.10000038	56.1111145	252.125824	25.29999924	7.300000191	18	20.04999924	13.91666603	20.14999962	13.91666603	1790	279	43	59.7257576	803	163	770	163	117
N/A	N/A	BR_AMPs_118	Ischnocnema henselii	10/3/23	Brazil	Santa Virginia	s1	NA	Adult	N/A	32.49	4.35		446	38	4.46E+04	380	0.008520179	342	233	10	10	4	1.37E+05	9.32E+04	0.68128655	0.31871345	30706	49132	67901	70780	28299	74512	42302	64808	0.652728058	4.15E+05	9.18E+06	1.17E+07	7.10E+06	1	NA	NA	NA	154445.3676	-83816.9385	154445.3676	0	NA	-23.33646	-45.14643	17.05833244	10.1833334	56.26151276	251.918396	25.29999924	7.199999809	18.09999847	19.98333359	13.86666679	20.10000038	13.86666679	1778	278	42	60.12615585	800	160	767	160	117
N/A	N/A	BR_AMPs_109	Ischnocnema henselii	10/3/23	Brazil	Santa Virginia	s1	NA	Adult	N/A	26.18	1.73		260	645	2.60E+04	6450	0.248076923	285	266	10	10	4	1.14E+05	1.06E+05	0.933333333	0.066666667	78609	39015	84489	84443	68467	76152	77188.33333	66536.66667	1.16008717	4.31E+05	9.23E+06	1.40E+07	7.87E+06	1	NA	NA	NA	160800.7598	-83815.07321	160800.7598	0	NA	-23.33646	-45.14643	17.05833244	10.1833334	56.26151276	251.918396	25.29999924	7.199999809	18.09999847	19.98333359	13.86666679	20.10000038	13.86666679	1778	278	42	60.12615585	800	160	767	160	117
N/A	N/A	BR_AMPs_84	Ischnocnema henselii	10/2/23	Brazil	Santa Virginia	Olho_de_agua	NA	Adult	N/A	27.55	1.84		246	86	2.46E+04	860	0.03495935	398	358	10	10	4	1.59E+05	1.43E+05	0.899497487	0.100502513	78660	55377	19714	31312	72573	50417	56982.33333	45702	1.246823626	7.04E+05	9.19E+06	7.56E+06	5.82E+06	NA	NA	NA	100.224	84202.72059	-83814.75432	84202.72059	0	NA	-23.34288	-45.14406	17.10833359	10.10000038	56.1111145	252.125824	25.29999924	7.300000191	18	20.04999924	13.91666603	20.14999962	13.91666603	1790	279	43	59.7257576	803	163	770	163	117
Pan9	221212014	221212_014	Lithobates warzsewitschii	11/18/22	Panama	El Valle	Campestre	N/A	Adult	NA	N/A	N/A		122	40	1.22E+04	400	0.032786885	280	262	10	10	4	1.12E+05	1.05E+05	0.935714286	0.064285714	79189	79988	83149	83988	87307	88188	83215	84054.66667	0.990010469	1.29E+05	1.27E+05	1.31E+05	1.29E+05	1	TRUE	4038.981201	270.528	225205.1716	-83815.69849	225205.1716	0	22.4	8.61304	-80.59042	24.5041656	8.00833321	80.8922577	57.1464462	29.8999996	20	9.89999962	24.0333328	24.5333328	25.3666668	23.9500008	2293	401	16	67.6412506	981	69	394	804	170
Pan29	221127J013	221127_J013	Lithobates warzsewitschii	11/22/22	Panama	Santa Fe	Altos de Piedra	N/A	Adult	NA	N/A	N/A		124	10	1.24E+04	100	0.008064516	282	261	10	10	4	1.13E+05	1.04E+05	0.925531915	0.074468085	22469	22695	23593	23830	24773	25022	23611.66667	23849	0.9900485	1.30E+05	1.27E+05	1.31E+05	1.29E+05	2	TRUE	2450.998375	147.096	3860.808824	-83815.69835	3860.808824	0	20.4	8.5128	-81.12274	21.4750004	8.25	80.0970764	44.7975426	26.7000008	16.3999996	10.3000011	21.1499996	21.7166672	22.083334	21.0166664	3425	445	69	41.3896484	1178	348	561	998	751
Pan21	221127J014	221127_J014	Lithobates warzsewitschii	11/22/22	Panama	Santa Fe	Altos de Piedra	N/A	Adult	NA	N/A	N/A		190	52	1.90E+04	520	0.027368421	285	271	10	10	4	1.14E+05	1.08E+05	0.950877193	0.049122807	54495	55045	57220	57798	60081	60688	57265.33333	57843.66667	0.990001786	1.33E+05	1.30E+05	1.34E+05	1.32E+05	2	TRUE	3680.665377	101.214	128841.201	-83815.69852	128841.201	0	20.4	8.5128	-81.12274	21.4750004	8.25	80.0970764	44.7975426	26.7000008	16.3999996	10.3000011	21.1499996	21.7166672	22.083334	21.0166664	3425	445	69	41.3896484	1178	348	561	998	751
Pan42	221212018	221212_018	Lithobates warzsewitschii	11/19/22	Panama	El Valle	Campestre	N/A	Adult	NA	N/A	N/A		230	60	2.30E+04	600	0.026086957	288	258	10	10	4	1.15E+05	1.03E+05	0.895833333	0.104166667	63183	63821	66343	67013	69661	70364	66395.66667	67066	0.990004871	1.32E+05	1.29E+05	1.33E+05	1.31E+05	1	TRUE	563.4546509	21.222	162746.8382	-83815.69851	162746.8382	0	23.2	8.61304	-80.59042	24.5041656	8.00833321	80.8922577	57.1464462	29.8999996	20	9.89999962	24.0333328	24.5333328	25.3666668	23.9500008	2293	401	16	67.6412506	981	69	394	804	170
Pan41	221127J018	221127_J018	Lithobates warzsewitschii	12/12/22	Panama	Santa Fe	Altos de Piedra	N/A	Adult	NA	N/A	N/A		113	25	1.13E+04	250	0.022123894	290	263	10	10	4	1.16E+05	1.05E+05	0.906896552	0.093103448	63191	63829	66351	67021	69669	70373	66403.66667	67074.33333	0.990001143	1.28E+05	1.25E+05	1.29E+05	1.27E+05	1	TRUE	137.1129456	467.616	162777.4755	-83815.69853	162777.4755	0	19.2	8.5128	-81.12274	21.4750004	8.25	80.0970764	44.7975426	26.7000008	16.3999996	10.3000011	21.1499996	21.7166672	22.083334	21.0166664	3425	445	69	41.3896484	1178	348	561	998	751
Pan25	221212015	221212_015	Lithobates warzsewitschii	11/19/22	Panama	El Valle	Campestre	N/A	Adult	NA	N/A	N/A		110	10	1.10E+04	100	0.009090909	290	273	10	10	4	1.16E+05	1.09E+05	0.94137931	0.05862069	20999	21211	22049	22272	23152	23386	22066.66667	22289.66667	0.989995364	1.31E+05	1.28E+05	1.32E+05	1.31E+05	1	TRUE	67.39846039	493.92	-1872.034314	-83815.69855	0	0	19.2	8.61304	-80.59042	24.5041656	8.00833321	80.8922577	57.1464462	29.8999996	20	9.89999962	24.0333328	24.5333328	25.3666668	23.9500008	2293	401	16	67.6412506	981	69	394	804	170
Pan14	221129002	221129_002	Lithobates warzsewitschii	12/12/22	Panama	Santa Fe	Altos de Piedra	N/A	Adult	NA	N/A	N/A		123	10	1.23E+04	100	0.008130081	291	257	10	10	4	1.16E+05	1.03E+05	0.883161512	0.116838488	21680	21898	22764	22993	23903	24143	22782.33333	23011.33333	0.990048382	1.32E+05	1.29E+05	1.33E+05	1.32E+05	1	TRUE	594.5473022	919.992	781.1519608	-83815.69835	781.1519608	0	19	8.5128	-81.12274	21.4750004	8.25	80.0970764	44.7975426	26.7000008	16.3999996	10.3000011	21.1499996	21.7166672	22.083334	21.0166664	3425	445	69	41.3896484	1178	348	561	998	751
Pan5	221127J016	221127_J016	Lithobates warzsewitschii	12/12/22	Panama	Santa Fe	Altos de Piedra	N/A	Adult	NA	N/A	N/A		124	10	1.24E+04	100	0.008064516	294	274	10	10	4	1.18E+05	1.10E+05	0.931972789	0.068027211	23751	23990	24939	25190	26186	26450	24958.66667	25210	0.990030411	1.34E+05	1.31E+05	1.35E+05	1.33E+05	1	TRUE	138.8769379	860.352	8864.485294	-83815.69842	8864.485294	0	20.4	8.5128	-81.12274	21.4750004	8.25	80.0970764	44.7975426	26.7000008	16.3999996	10.3000011	21.1499996	21.7166672	22.083334	21.0166664	3425	445	69	41.3896484	1178	348	561	998	751
Pan1	221212016	221212_016	Lithobates warzsewitschii	11/19/22	Panama	El Valle	Campestre	N/A	Adult	NA	N/A	N/A		129	10	1.29E+04	100	0.007751938	298	236	10	10	4	1.19E+05	9.44E+04	0.791946309	0.208053691	61044	61660	64097	64743	67302	67981	64147.66667	64794.66667	0.99001461	1.34E+05	1.32E+05	1.36E+05	1.34E+05	1	FALSE	0	806.52	154396.348	-83815.69848	154396.348	0	19.9	8.61304	-80.59042	24.5041656	8.00833321	80.8922577	57.1464462	29.8999996	20	9.89999962	24.0333328	24.5333328	25.3666668	23.9500008	2293	401	16	67.6412506	981	69	394	804	170
Pan2	221129003	221129_003	Lithobates warzsewitschii	12/12/22	Panama	Santa Fe	Altos de Piedra	N/A	Adult	NA	N/A	N/A		202	30	2.02E+04	300	0.014851485	298	285	10	10	4	1.19E+05	1.14E+05	0.956375839	0.043624161	62670	63303	65804	66469	69095	69793	65856.33333	66521.66667	0.989998246	1.34E+05	1.32E+05	1.36E+05	1.34E+05	1	TRUE	181.5312958	111.624	160745.6127	-83815.69854	160745.6127	0	21	8.61304	-80.59042	24.5041656	8.00833321	80.8922577	57.1464462	29.8999996	20	9.89999962	24.0333328	24.5333328	25.3666668	23.9500008	2293	401	16	67.6412506	981	69	394	804	751
Pan33	221212004	221212_004	Lithobates warzsewitschii	11/18/22	Panama	El Valle	Campestre	N/A	Adult	NA	N/A	N/A		160	10	1.60E+04	100	0.00625	298	254	10	10	4	1.19E+05	1.02E+05	0.852348993	0.147651007	62526	63157	65653	66315	68936	69631	65705	66367.66667	0.990015218	1.33E+05	1.30E+05	1.34E+05	1.32E+05	1	FALSE	0	NA	160179.4363	-83815.69847	160179.4363	0	22.2	8.61304	-80.59042	24.5041656	8.00833321	80.8922577	57.1464462	29.8999996	20	9.89999962	24.0333328	24.5333328	25.3666668	23.9500008	2293	401	16	67.6412506	981	69	394	804	170
Pan19	221212020	221212_020	Lithobates warzsewitschii	11/19/22	Panama	El Valle	Campestre	N/A	Adult	NA	N/A	N/A		119	10	1.19E+04	100	0.008403361	299	251	10	10	4	1.20E+05	1.00E+05	0.839464883	0.160535117	64602	65254	67833	68517	71225	71943	67886.66667	68571.33333	0.990015264	1.33E+05	1.31E+05	1.35E+05	1.33E+05	1	FALSE	0	65.91	168281.152	-83815.69847	168281.152	0	19.4	8.61304	-80.59042	24.5041656	8.00833321	80.8922577	57.1464462	29.8999996	20	9.89999962	24.0333328	24.5333328	25.3666668	23.9500008	2293	401	16	67.6412506	981	69	394	804	170
Pan37	221212026	221212_026	Lithobates warzsewitschii	11/21/22	Panama	El Valle	Campestre	N/A	Adult	NA	N/A	N/A		111	7	1.11E+04	70	0.006306306	300	274	10	10	4	1.20E+05	1.10E+05	0.913333333	0.086666667	62345	61989	65463	65089	68737	68344	65515	65140.66667	1.005746538	1.34E+05	1.32E+05	1.36E+05	1.34E+05	1	TRUE	529.147583	258.078	155668.4069	-83815.64064	155668.4069	0	19.2	8.68678	-79.92707	22.9041672	7.4083333	81.4102707	53.8287926	27.7999992	18.7000008	9.09999847	22.5333328	23.0499992	23.7166672	22.416666	2589	435	22	66.59021	1064	84	448	924	170
Pan48	221212024	221212_024	Lithobates warzsewitschii	11/21/22	Panama	El Valle	Campestre	N/A	Adult	NA	N/A	N/A		108	50	1.08E+04	500	0.046296296	302	293	10	10	4	1.21E+05	1.17E+05	0.970198675	0.029801325	63396	64036	66566	67238	69895	70600	66619	67291.33333	0.990008619	1.33E+05	1.30E+05	1.34E+05	1.32E+05	1	TRUE	8.582420349	66.924	163575.2696	-83815.6985	163575.2696	0	19.7	8.65217	-80.59049	23.8875008	7.6583333	81.4716339	54.3191261	28.8999996	19.5	9.39999962	23.4833336	24.3166656	24.7000008	23.3833332	2496	446	25	60.0795937	1027	162	344	593	170
Pan17	221127J017	221127_J017	Lithobates warzsewitschii	12/12/22	Panama	Santa Fe	Altos de Piedra	N/A	Adult	NA	N/A	N/A		352	11	3.52E+04	110	0.003125	302	269	10	10	4	1.21E+05	1.08E+05	0.890728477	0.109271523	62507	63138	65633	66295	68915	69610	65685	66347.66667	0.990012208	1.39E+05	1.36E+05	1.40E+05	1.38E+05	1	TRUE	761.8165894	1278.42	160105.9069	-83815.69848	160105.9069	0	20	8.5128	-81.12274	21.4750004	8.25	80.0970764	44.7975426	26.7000008	16.3999996	10.3000011	21.1499996	21.7166672	22.083334	21.0166664	3425	445	69	41.3896484	1178	348	561	998	751
Pan26	221127J019	221127_J019	Lithobates warzsewitschii	12/12/22	Panama	Santa Fe	Altos de Piedra	N/A	Adult	NA	N/A	N/A		202	24	2.02E+04	240	0.011881188	305	302	10	10	4	1.22E+05	1.21E+05	0.990163934	0.009836066	57541	58122	60419	61029	63440	64081	60466.66667	61077.33333	0.990001746	1.36E+05	1.34E+05	1.38E+05	1.36E+05	1	TRUE	1524.117432	307.656	140729.6814	-83815.69852	140729.6814	0	NA	8.5128	-81.12274	21.4750004	8.25	80.0970764	44.7975426	26.7000008	16.3999996	10.3000011	21.1499996	21.7166672	22.083334	21.0166664	3425	445	69	41.3896484	1178	348	561	998	751
Pan3	221212022	221212_022	Lithobates warzsewitschii	11/19/22	Panama	El Valle	Campestre	N/A	Adult	NA	N/A	N/A		145	10	1.45E+04	100	0.006896552	307	256	10	10	4	1.23E+05	1.02E+05	0.833876221	0.166123779	57072	57648	59926	60531	62923	63558	59973.66667	60579	0.990007538	1.36E+05	1.33E+05	1.37E+05	1.35E+05	1	FALSE	0	82.548	138897.5735	-83815.6985	138897.5735	0	20.8	8.61304	-80.59042	24.5041656	8.00833321	80.8922577	57.1464462	29.8999996	20	9.89999962	24.0333328	24.5333328	25.3666668	23.9500008	2293	401	16	67.6412506	981	69	394	804	170
Pan10	221129004	221129_004	Lithobates warzsewitschii	12/12/22	Panama	Santa Fe	Altos de Piedra	N/A	Adult	NA	N/A	N/A		550	23	5.50E+04	230	0.004181818	309	279	10	10	4	1.24E+05	1.12E+05	0.902912621	0.097087379	78633	79427	82565	83399	86694	87569	82630.66667	83465	0.990003794	1.36E+05	1.33E+05	1.37E+05	1.35E+05	1	TRUE	1410.510376	147.096	223037.2794	-83815.69852	223037.2794	0	20.2	8.61304	-80.59042	24.5041656	8.00833321	80.8922577	57.1464462	29.8999996	20	9.89999962	24.0333328	24.5333328	25.3666668	23.9500008	2293	401	16	67.6412506	981	69	394	804	751
Pan18	221212025	221212_025	Lithobates warzsewitschii	11/21/22	Panama	El Valle	Campestre	N/A	Adult	NA	N/A	N/A		113	10	1.13E+04	100	0.008849558	309	288	10	10	4	1.24E+05	1.15E+05	0.932038835	0.067961165	61386	62006	64456	65107	67679	68363	64507	65158.66667	0.989998772	1.34E+05	1.31E+05	1.35E+05	1.33E+05	1	TRUE	23.1230526	1333.008	155734.5833	-83815.69853	155734.5833	0	20.8	8.65217	-80.59049	23.8875008	7.6583333	81.4716339	54.3191261	28.8999996	19.5	9.39999962	23.4833336	24.3166656	24.7000008	23.3833332	2496	446	25	60.0795937	1027	162	344	593	170
Pan11	221212017	221212_017	Lithobates warzsewitschii	11/19/22	Panama	El Valle	Campestre	N/A	Adult	NA	N/A	N/A		140	10	1.40E+04	100	0.007142857	310	288	10	10	4	1.24E+05	1.15E+05	0.929032258	0.070967742	66912	67587	70258	70967	73771	74516	70313.66667	71023.33333	0.990007979	1.35E+05	1.32E+05	1.36E+05	1.35E+05	1	TRUE	8.136879921	1221.396	177295.8578	-83815.6985	177295.8578	0	19.7	8.61304	-80.59042	24.5041656	8.00833321	80.8922577	57.1464462	29.8999996	20	9.89999962	24.0333328	24.5333328	25.3666668	23.9500008	2293	401	16	67.6412506	981	69	394	804	170
Pan34	221212019	221212_019	Lithobates warzsewitschii	11/19/22	Panama	El Valle	Campestre	N/A	Adult	NA	N/A	N/A		320	10	3.20E+04	100	0.003125	311	284	10	10	4	1.24E+05	1.14E+05	0.91318328	0.08681672	22123	22346	23230	23464	24392	24638	23248.33333	23482.66667	0.990021008	1.36E+05	1.34E+05	1.38E+05	1.36E+05	1	TRUE	7.822592735	31.614	2513.995098	-83815.69845	2513.995098	0	20.7	8.61304	-80.59042	24.5041656	8.00833321	80.8922577	57.1464462	29.8999996	20	9.89999962	24.0333328	24.5333328	25.3666668	23.9500008	2293	401	16	67.6412506	981	69	394	804	170
Pan45	221127J015	221127_J015	Lithobates warzsewitschii	12/12/22	Panama	Santa Fe	Altos de Piedra	N/A	Adult	NA	N/A	N/A		525	10	5.25E+04	100	0.001904762	315	285	10	10	4	1.26E+05	1.14E+05	0.904761905	0.095238095	71700	72424	75285	76046	79050	79849	75345	76106.33333	0.989996452	1.38E+05	1.35E+05	1.39E+05	1.37E+05	2	TRUE	6444.767939	286.392	195983.3578	-83815.69854	195983.3578	0	20.4	8.5128	-81.12274	21.4750004	8.25	80.0970764	44.7975426	26.7000008	16.3999996	10.3000011	21.1499996	21.7166672	22.083334	21.0166664	3425	445	69	41.3896484	1178	348	561	998	751
Pan13	221212021	221212_021	Lithobates warzsewitschii	11/19/22	Panama	El Valle	Campestre	N/A	Adult	NA	N/A	N/A		363	10	3.63E+04	100	0.002754821	319	312	10	10	4	1.28E+05	1.25E+05	0.978056426	0.021943574	20884	21094	21929	22149	23026	23257	21946.33333	22166.66667	0.99006015	1.41E+05	1.38E+05	1.43E+05	1.41E+05	1	TRUE	4.674055099	333.744	-2324.240196	-83815.69831	0	0	21.8	8.61304	-80.59042	24.5041656	8.00833321	80.8922577	57.1464462	29.8999996	20	9.89999962	24.0333328	24.5333328	25.3666668	23.9500008	2293	401	16	67.6412506	981	69	394	804	170
Pan36	221129005	221129_005	Lithobates warzsewitschii	12/12/22	Panama	Santa Fe	Altos de Piedra	N/A	Adult	NA	N/A	N/A		116	30	1.16E+04	300	0.025862069	321	302	10	10	4	1.28E+05	1.21E+05	0.940809969	0.059190031	71146	71864	74704	75458	78440	79231	74763.33333	75517.66667	0.990011167	1.33E+05	1.30E+05	1.34E+05	1.32E+05	1	TRUE	102.100708	950.424	193819.1422	-83815.69849	193819.1422	0	20	8.61304	-80.59042	24.5041656	8.00833321	80.8922577	57.1464462	29.8999996	20	9.89999962	24.0333328	24.5333328	25.3666668	23.9500008	2293	401	16	67.6412506	981	69	394	804	751
Pan30	221212023	221212_023	Lithobates warzsewitschii	11/21/22	Panama	El Valle	Campestre	N/A	Adult	NA	N/A	N/A		420	10	4.20E+04	100	0.002380952	324	299	10	10	4	1.30E+05	1.20E+05	0.922839506	0.077160494	22540	22767	23667	23906	24851	25102	23686	23925	0.990010449	1.41E+05	1.38E+05	1.43E+05	1.41E+05	1	TRUE	43.68417358	149.736	4140.220588	-83815.69849	4140.220588	0	19.9	8.61304	-80.59042	24.5041656	8.00833321	80.8922577	57.1464462	29.8999996	20	9.89999962	24.0333328	24.5333328	25.3666668	23.9500008	2293	401	16	67.6412506	981	69	394	804	170
N/A	N/A	241203_005	Lithobates warzsewitschii	12/3/24	Panama	Santa Fe	Altos de Piedra	N/A	Adult	N/A	N/A	N/A		145	467	1.45E+04	4670	0.322068966	278	247	10	10	4	1.11E+05	9.88E+04	0.888489209	0.111510791	70020	47884	48842	18858	48078	54337	55646.66667	40359.66667	1.378769233	2.99E+05	9.25E+06	1.11E+07	6.88E+06	1	TRUE	11863.02344	NA	64561.78922	-83814.26923	64561.78922	0	18	8.61304	-80.59042	24.5041656	8.00833321	80.8922577	57.1464462	29.8999996	20	9.89999962	24.0333328	24.5333328	25.3666668	23.9500008	2293	401	16	67.6412506	981	69	394	804	751
N/A	N/A	241203_011	Lithobates warzsewitschii	12/3/24	Panama	Santa Fe	Altos de Piedra	N/A	Adult	N/A	N/A	N/A		119	534	1.19E+04	5340	0.448739496	376	261	10	10	4	1.50E+05	1.04E+05	0.694148936	0.305851064	57048	25830	81464	67268	29423	63270	55978.33333	52122.66667	1.073972936	8.93E+05	9.57E+06	7.65E+06	6.04E+06	1	TRUE	2578.820557	NA	107808.1127	-83815.38981	107808.1127	0	19	8.5128	-81.12274	21.4750004	8.25	80.0970764	44.7975426	26.7000008	16.3999996	10.3000011	21.1499996	21.7166672	22.083334	21.0166664	3425	445	69	41.3896484	1178	348	561	998	751
N/A	N/A	241203_002	Lithobates warzsewitschii	12/3/24	Panama	Santa Fe	Altos de Piedra	N/A	Adult	N/A	N/A	N/A		345	636	3.45E+04	6360	0.184347826	286	379	10	10	4	1.14E+05	1.52E+05	1.325174825	-0.325174825	58708	24759	61667	67769	73444	24408	64606.33333	38978.66667	1.657479305	1.35E+05	9.59E+06	1.39E+07	7.86E+06	1	FALSE	0	NA	59484.58333	-83813.24456	59484.58333	0	19.4	8.61304	-80.59042	24.5041656	8.00833321	80.8922577	57.1464462	29.8999996	20	9.89999962	24.0333328	24.5333328	25.3666668	23.9500008	2293	401	16	67.6412506	981	69	394	804	751
N/A	N/A	241203_004	Lithobates warzsewitschii	12/3/24	Panama	Santa Fe	Altos de Piedra	N/A	Adult	N/A	N/A	N/A		512	463	5.12E+04	4630	0.090429688	290	280	10	10	4	1.16E+05	1.12E+05	0.965517241	0.034482759	55782	76598	93368	67247	19175	33427	56108.33333	59090.66667	0.949529537	2.51E+05	9.28E+06	5.80E+05	3.37E+06	1	TRUE	64.26541901	NA	133425.7598	-83815.84732	133425.7598	0	19.5	8.5128	-81.12274	21.4750004	8.25	80.0970764	44.7975426	26.7000008	16.3999996	10.3000011	21.1499996	21.7166672	22.083334	21.0166664	3425	445	69	41.3896484	1178	348	561	998	751
N/A	N/A	231206_S006	Lithobates warzsewitschii	12/6/23	Panama	Santa Fe	Altos de Piedra	N/A	Adult	N/A	N/A	N/A		374	207	3.74E+04	2070	0.055347594	418	360	10	10	4	1.67E+05	1.44E+05	0.861244019	0.138755981	31763	27824	41269	44612	65461	36000	46164.33333	36145.33333	1.277186543	3.37E+05	9.63E+06	2.94E+05	3.42E+06	1	TRUE	332.3919678	NA	49067.91667	-83814.6427	49067.91667	0	19.7	8.5128	-81.12274	21.4750004	8.25	80.0970764	44.7975426	26.7000008	16.3999996	10.3000011	21.1499996	21.7166672	22.083334	21.0166664	3425	445	69	41.3896484	1178	348	561	998	751
N/A	N/A	231120_K025	Lithobates warzsewitschii	11/20/23	Panama	El Cope	Guabal	N/A	Adult	N/A	N/A	N/A		479	178	4.79E+04	1780	0.037160752	349	338	10	10	4	1.40E+05	1.35E+05	0.968481375	0.031518625	52876	69943	28165	60739	64117	20054	48386	50245.33333	0.962994905	8.25E+05	9.24E+06	1.29E+07	7.66E+06	1	TRUE	5.700954437	4220.28	100906.152	-83815.79781	100906.152	0	20.1	8.61304	-80.59042	24.5041656	8.00833321	80.8922577	57.1464462	29.8999996	20	9.89999962	24.0333328	24.5333328	25.3666668	23.9500008	2293	401	16	67.6412506	981	69	394	804	552
N/A	N/A	241201_008	Lithobates warzsewitschii	12/1/24	Panama	El Valle	Hotel Campestre		Adult	N/A	N/A	N/A		533	342	5.33E+04	3420	0.064165103	352	269	10	10	4	1.41E+05	1.08E+05	0.764204545	0.235795455	36267	34544	34984	71315	83625	75505	51625.33333	60454.66667	0.85395117	7.97E+05	9.34E+06	8.90E+06	6.34E+06	1	TRUE	1145.095581	NA	138440.4657	-83816.19871	138440.4657	0	20.2	8.61304	-80.59042	24.50416565	8.008333206	80.89225769	57.14644623	29.89999962	20	9.899999619	24.03333282	24.53333282	25.36666679	23.95000076	2293	401	16	67.64125061	981	69	394	804	615
N/A	N/A	231206_S009	Lithobates warzsewitschii	12/6/23	Panama	Santa Fe	Altos de Piedra	N/A	Adult	N/A	N/A	N/A		396	609	3.96E+04	6090	0.153787879	317	318	10	10	4	1.27E+05	1.27E+05	1.003154574	-0.003154574	46506	68497	85327	52992	76369	24632	69400.66667	48707	1.424860219	3.52E+05	9.31E+06	1.05E+07	6.72E+06	1	TRUE	2215.697021	NA	95250.51471	-83814.09978	95250.51471	0	20.2	8.61304	-80.59042	24.5041656	8.00833321	80.8922577	57.1464462	29.8999996	20	9.89999962	24.0333328	24.5333328	25.3666668	23.9500008	2293	401	16	67.6412506	981	69	394	804	751
N/A	N/A	241203_009	Lithobates warzsewitschii	12/3/24	Panama	Santa Fe	Altos de Piedra	N/A	Adult	N/A	N/A	N/A		126	158	1.26E+04	1580	0.125396825	309	305	10	10	4	1.24E+05	1.22E+05	0.987055016	0.012944984	87551	60645	80035	25652	45451	71268	71012.33333	52521.66667	1.352057881	2.73E+05	9.17E+06	3.15E+06	4.20E+06	1	TRUE	3936.630859	NA	109275.0245	-83814.36743	109275.0245	0	20.2	8.61304	-80.59042	24.5041656	8.00833321	80.8922577	57.1464462	29.8999996	20	9.89999962	24.0333328	24.5333328	25.3666668	23.9500008	2293	401	16	67.6412506	981	69	394	804	751
N/A	N/A	241203_012	Lithobates warzsewitschii	12/3/24	Panama	Santa Fe	Altos de Piedra	N/A	Adult	N/A	N/A	N/A		348	565	3.48E+04	5650	0.162356322	279	283	10	100	4	1.12E+06	1.13E+06	1.014336918	-0.014336918	69382	57947	23271	46777	45712	31427	46121.66667	45383.66667	1.016261357	7.17E+05	9.53E+06	3.78E+06	4.68E+06	1	FALSE	0	NA	83032.37745	-83815.60198	83032.37745	0	20.3	8.5128	-81.12274	21.4750004	8.25	80.0970764	44.7975426	26.7000008	16.3999996	10.3000011	21.1499996	21.7166672	22.083334	21.0166664	3425	445	69	41.3896484	1178	348	561	998	751
N/A	N/A	231206_S001	Lithobates warzsewitschii	12/6/23	Panama	Santa Fe	Altos de Piedra	N/A	Adult	N/A	N/A	N/A		151	230	1.51E+04	2300	0.152317881	294	336	10	100	4	1.18E+06	1.34E+06	1.142857143	-0.142857143	33215	45659	60439	21817	34776	85285	42810	50920.33333	0.840725054	7.47E+05	9.39E+06	5.45E+06	5.19E+06	1	TRUE	56.84374619	NA	103387.7696	-83816.24733	103387.7696	0	20.4	8.61304	-80.59042	24.5041656	8.00833321	80.8922577	57.1464462	29.8999996	20	9.89999962	24.0333328	24.5333328	25.3666668	23.9500008	2293	401	16	67.6412506	981	69	394	804	751
N/A	N/A	241203_003	Lithobates warzsewitschii	12/3/24	Panama	Santa Fe	Altos de Piedra	N/A	Adult	N/A	N/A	N/A		328	616	3.28E+04	6160	0.187804878	333	229	10	100	4	1.33E+06	9.16E+05	0.687687688	0.312312312	81996	53440	54269	24753	44902	21830	60389	33341	1.811253412	3.24E+05	9.68E+06	1.34E+07	7.82E+06	1	FALSE	0	NA	38757.86765	-83812.67922	38757.86765	0	20.5	8.5128	-81.12274	21.4750004	8.25	80.0970764	44.7975426	26.7000008	16.3999996	10.3000011	21.1499996	21.7166672	22.083334	21.0166664	3425	445	69	41.3896484	1178	348	561	998	751
N/A	N/A	231206_S002	Lithobates warzsewitschii	12/6/23	Panama	Santa Fe	Altos de Piedra	N/A	Adult	N/A	N/A	N/A		404	285	4.04E+04	2850	0.070544554	377	363	10	100	4	1.51E+06	1.45E+06	0.962864721	0.037135279	28079	22455	32690	35926	35217	30511	31995.33333	29630.66667	1.079804707	2.52E+05	9.43E+06	1.10E+07	6.89E+06	1	FALSE	0	NA	25116.93627	-83815.36837	25116.93627	0	20.6	8.5128	-81.12274	21.4750004	8.25	80.0970764	44.7975426	26.7000008	16.3999996	10.3000011	21.1499996	21.7166672	22.083334	21.0166664	3425	445	69	41.3896484	1178	348	561	998	751
N/A	N/A	231120_K024	Lithobates warzsewitschii	11/20/23	Panama	El Cope	Guabal	N/A	Adult	N/A	N/A	N/A		505	516	5.05E+04	5160	0.102178218	284	270	10	100	4	1.14E+06	1.08E+06	0.950704225	0.049295775	79881	40406	19269	57459	66919	64230	55356.33333	54031.66667	1.024516487	3.13E+05	9.10E+06	1.41E+07	7.86E+06	1	FALSE	0	3126.12	114826.4951	-83815.57163	114826.4951	0	20.9	8.61304	-80.59042	24.5041656	8.00833321	80.8922577	57.1464462	29.8999996	20	9.89999962	24.0333328	24.5333328	25.3666668	23.9500008	2293	401	16	67.6412506	981	69	394	804	552
N/A	N/A	241201_002	Lithobates warzsewitschii	12/1/24	Panama	El Valle	Hotel Campestre		Adult	N/A	N/A	N/A		297	233	2.97E+04	2330	0.078451178	369	282	10	100	4	1.48E+06	1.13E+06	0.764227642	0.235772358	74612	60992	58802	80999	20348	40678	51254	60889.66667	0.841752021	2.54E+05	9.15E+06	9.31E+06	6.24E+06	1	TRUE	284.3734741	NA	140039.7304	-83816.24356	140039.7304	0	21	8.61304	-80.59042	24.50416565	8.008333206	80.89225769	57.14644623	29.89999962	20	9.899999619	24.03333282	24.53333282	25.36666679	23.95000076	2293	401	16	67.64125061	981	69	394	804	615
N/A	N/A	241201_007	Lithobates warzsewitschii	12/1/24	Panama	El Valle	Hotel Campestre		Adult	N/A	N/A	N/A		377	147	3.77E+04	1470	0.038992042	283	384	10	100	4	1.13E+06	1.54E+06	1.356890459	-0.356890459	79792	73214	24002	76876	38229	83625	47341	77905	0.607676016	5.44E+05	9.28E+06	1.18E+07	7.21E+06	1	FALSE	0	NA	202596.1029	-83817.10413	202596.1029	0	21.2	8.61304	-80.59042	24.50416565	8.008333206	80.89225769	57.14644623	29.89999962	20	9.899999619	24.03333282	24.53333282	25.36666679	23.95000076	2293	401	16	67.64125061	981	69	394	804	615
N/A	N/A	241201_006	Lithobates warzsewitschii	12/1/24	Panama	El Valle	Hotel Campestre		Adult	N/A	N/A	N/A		517	275	5.17E+04	2750	0.053191489	372	239	10	100	4	1.49E+06	9.56E+05	0.642473118	0.357526882	52171	70420	86760	88941	41740	25875	60223.66667	61745.33333	0.975355762	5.01E+05	9.67E+06	1.19E+07	7.34E+06	1	TRUE	12802.53809	NA	143185.5637	-83815.75237	143185.5637	0	21.3	8.61304	-80.59042	24.50416565	8.008333206	80.89225769	57.14644623	29.89999962	20	9.899999619	24.03333282	24.53333282	25.36666679	23.95000076	2293	401	16	67.64125061	981	69	394	804	615
N/A	N/A	231115_001	Lithobates warzsewitschii	11/15/23	Panama	El Valle	Rio Maria		Adult	N/A	N/A	N/A		450	184	4.50E+04	1840	0.040888889	333	348	10	100	4	1.33E+06	1.39E+06	1.045045045	-0.045045045	23403	65622	54568	82686	38949	72182	38973.33333	73496.66667	0.530273482	6.47E+05	9.66E+06	1.03E+07	6.86E+06	1	TRUE	102.0058746	NA	186388.9951	-83817.3887	186388.9951	0	21.4	8.64065	-80.59039	24.50416565	8.008333206	80.89225769	57.14644623	29.89999962	20	9.899999619	24.03333282	24.53333282	25.36666679	23.95000076	2293	401	16	67.64125061	981	69	394	804	819
N/A	N/A	241203_008	Lithobates warzsewitschii	12/3/24	Panama	Santa Fe	Altos de Piedra	N/A	Adult	N/A	N/A	N/A		504	185	5.04E+04	1850	0.036706349	402	285	10	100	4	1.61E+06	1.14E+06	0.708955224	0.291044776	27239	48841	57368	41554	40923	44956	41843.33333	45117	0.927440507	4.79E+05	9.64E+06	1.37E+07	7.93E+06	1	FALSE	0	NA	82051.98529	-83815.92853	82051.98529	0	21.7	8.5128	-81.12274	21.4750004	8.25	80.0970764	44.7975426	26.7000008	16.3999996	10.3000011	21.1499996	21.7166672	22.083334	21.0166664	3425	445	69	41.3896484	1178	348	561	998	751
N/A	N/A	241203_001	Lithobates warzsewitschii	12/3/24	Panama	Santa Fe	Altos de Piedra	N/A	Adult	N/A	N/A	N/A		404	455	4.04E+04	4550	0.112623762	303	329	10	100	4	1.21E+06	1.32E+06	1.085808581	-0.085808581	35815	61049	70423	63669	70683	59185	58973.66667	61301	0.962034333	1.78E+05	9.25E+06	6.64E+06	5.36E+06	1	FALSE	0	NA	141551.9853	-83815.80134	141551.9853	0	21.7	8.5128	-81.12274	21.4750004	8.25	80.0970764	44.7975426	26.7000008	16.3999996	10.3000011	21.1499996	21.7166672	22.083334	21.0166664	3425	445	69	41.3896484	1178	348	561	998	751
N/A	N/A	231117_001	Lithobates warzsewitschii	11/17/23	Panama	El Valle	Rio Maria		Adult	N/A	N/A	N/A		263	390	2.63E+04	3900	0.148288973	340	257	10	100	4	1.36E+06	1.03E+06	0.755882353	0.244117647	60631	55326	84824	87399	62047	84657	69167.33333	75794	0.912570036	6.94E+05	9.37E+06	1.49E+07	8.33E+06	1	FALSE	0	NA	194835.0735	-83815.9832	194835.0735	0	21.8	8.64065	-80.59039	24.50416565	8.008333206	80.89225769	57.14644623	29.89999962	20	9.899999619	24.03333282	24.53333282	25.36666679	23.95000076	2293	401	16	67.64125061	981	69	394	804	819
N/A	N/A	231127_K002	Lithobates warzsewitschii	11/27/23	Panama	El Cope	Rio Tigrero		Adult	N/A	N/A	N/A		396	594	3.96E+04	5940	0.15	419	246	10	100	4	1.68E+06	9.84E+05	0.587112172	0.412887828	41306	39175	92841	62926	32351	57003	55499.33333	53034.66667	1.046472747	6.16E+05	9.16E+06	1.42E+07	8.01E+06	1	FALSE	0	NA	111161.0539	-83815.49091	111161.0539	0	21.9	8.60359	-80.68257	23.67083359	7.924999714	80.86735535	52.84877014	28.89999962	19.10000038	9.799999237	23.28333282	23.63333321	24.48333359	23.20000076	2634	483	19	68.12210846	1212	97	353	623	467
N/A	N/A	241203_007	Lithobates warzsewitschii	12/3/24	Panama	Santa Fe	Altos de Piedra	N/A	Adult	N/A	N/A	N/A		216	310	2.16E+04	3100	0.143518519	408	295	10	100	4	1.63E+06	1.18E+06	0.723039216	0.276960784	44685	48204	73763	47462	72883	69706	63777	55124	1.156973369	5.18E+05	9.62E+06	1.36E+07	7.92E+06	1	TRUE	204.324707	NA	118842.4265	-83815.08466	118842.4265	0	22	8.61304	-80.59042	24.5041656	8.00833321	80.8922577	57.1464462	29.8999996	20	9.89999962	24.0333328	24.5333328	25.3666668	23.9500008	2293	401	16	67.6412506	981	69	394	804	751
N/A	N/A	241201_009	Lithobates warzsewitschii	12/1/24	Panama	El Valle	Hotel Campestre		Adult	N/A	N/A	N/A		427	406	4.27E+04	4060	0.095081967	316	354	10	100	4	1.26E+06	1.42E+06	1.120253165	-0.120253165	70158	78657	69240	28977	39869	47436	59755.66667	51690	1.156039208	4.51E+05	9.31E+06	2.04E+06	3.93E+06	1	TRUE	3785.509766	NA	106217.4265	-83815.08809	106217.4265	0	22.4	8.61304	-80.59042	24.50416565	8.008333206	80.89225769	57.14644623	29.89999962	20	9.899999619	24.03333282	24.53333282	25.36666679	23.95000076	2293	401	16	67.64125061	981	69	394	804	615
N/A	N/A	230804_D022	Lithobates warzsewitschii	8/4/23	Panama	Santa Fe	Altos de Piedra	N/A	Adult	N/A	N/A	N/A		204	272	2.04E+04	2720	0.133333333	290	256	10	100	4	1.16E+06	1.02E+06	0.882758621	0.117241379	50295	78695	93435	55271	23311	36445	55680.33333	56803.66667	0.980224281	3.40E+05	9.51E+06	1.36E+07	7.82E+06	1	FALSE	0	26.034	125017.6716	-83815.73447	125017.6716	0	22.6	8.5128	-81.12274	21.4750004	8.25	80.0970764	44.7975426	26.7000008	16.3999996	10.3000011	21.1499996	21.7166672	22.083334	21.0166664	3425	445	69	41.3896484	1178	348	561	998	751
N/A	N/A	230804_D021	Lithobates warzsewitschii	8/4/23	Panama	Santa Fe	Altos de Piedra	N/A	Adult	N/A	N/A	N/A		107	248	1.07E+04	2480	0.231775701	407	300	10	100	4	1.63E+06	1.20E+06	0.737100737	0.262899263	36113	58479	19634	55182	30946	41639	28897.66667	51766.66667	0.558229234	7.94E+05	9.53E+06	5.07E+06	5.13E+06	1	TRUE	285.4039612	435.018	106499.2892	-83817.28592	106499.2892	0	22.7	8.5128	-81.12274	21.4750004	8.25	80.0970764	44.7975426	26.7000008	16.3999996	10.3000011	21.1499996	21.7166672	22.083334	21.0166664	3425	445	69	41.3896484	1178	348	561	998	751
N/A	N/A	230804_D025	Lithobates warzsewitschii	8/4/23	Panama	Santa Fe	Altos de Piedra	N/A	Adult	N/A	N/A	N/A		514	595	5.14E+04	5950	0.115758755	415	341	10	100	4	1.66E+06	1.36E+06	0.821686747	0.178313253	60456	68014	69354	47684	28934	64644	52914.66667	60114	0.880238658	7.24E+05	9.28E+06	9.65E+06	6.55E+06	1	FALSE	0	3.621	137188.0147	-83816.10206	137188.0147	0	22.8	8.5128	-81.12274	21.4750004	8.25	80.0970764	44.7975426	26.7000008	16.3999996	10.3000011	21.1499996	21.7166672	22.083334	21.0166664	3425	445	69	41.3896484	1178	348	561	998	751
N/A	N/A	230804_D023	Lithobates warzsewitschii	8/4/23	Panama	Santa Fe	Altos de Piedra	N/A	Adult	N/A	N/A	N/A		235	618	2.35E+04	6180	0.262978723	360	324	10	100	4	1.44E+06	1.30E+06	0.9	0.1	30326	58681	50163	41813	73175	78895	51221.33333	59796.33333	0.856596558	6.09E+05	9.65E+06	5.61E+06	5.29E+06	1	FALSE	0	194.796	136020.1225	-83816.18898	136020.1225	0	22.9	8.5128	-81.12274	21.4750004	8.25	80.0970764	44.7975426	26.7000008	16.3999996	10.3000011	21.1499996	21.7166672	22.083334	21.0166664	3425	445	69	41.3896484	1178	348	561	998	751
N/A	N/A	231128_S021	Lithobates warzsewitschii	11/28/23	Panama	El Cope	Sophia Stream		Adult	N/A	N/A	N/A		297	329	2.97E+04	3290	0.110774411	362	247	10	100	4	1.45E+06	9.88E+05	0.682320442	0.317679558	85641	20620	27283	50907	63073	35766	58665.66667	35764.33333	1.640340004	5.67E+05	9.67E+06	2.46E+06	4.23E+06	1	FALSE	0	NA	47667.18137	-83813.30757	47667.18137	0	23.1	8.5987	-80.68389	24.35000038	7.866666794	80.27210236	54.93798065	29.60000038	19.79999924	9.800001144	23.93333435	24.33333397	25.20000076	23.86666679	2502	446	26	59.2995491	1011	148	439	918	347
N/A	N/A	231128_S022	Lithobates warzsewitschii	11/28/23	Panama	El Cope	Sophia Stream		Adult	N/A	N/A	N/A		326	442	3.26E+04	4420	0.135582822	411	377	10	100	4	1.64E+06	1.51E+06	0.917274939	0.082725061	22025	21863	54876	54108	84356	44045	53752.33333	40005.33333	1.343629183	7.82E+05	9.22E+06	1.31E+07	7.71E+06	1	FALSE	0	NA	63259.09314	-83814.39842	63259.09314	0	23.4	8.5987	-80.68389	24.35000038	7.866666794	80.27210236	54.93798065	29.60000038	19.79999924	9.800001144	23.93333435	24.33333397	25.20000076	23.86666679	2502	446	26	59.2995491	1011	148	439	918	347
N/A	N/A	231127_K003	Lithobates warzsewitschii	11/27/23	Panama	El Cope	Rio Tigrero		Adult	N/A	N/A	N/A		517	277	5.17E+04	2770	0.053578337	344	302	10	100	4	1.38E+06	1.21E+06	0.877906977	0.122093023	78610	61758	35455	51290	66960	42084	60341.66667	51710.66667	1.166909471	9.09E+05	9.44E+06	4.54E+06	4.96E+06	1	FALSE	0	NA	106293.4069	-83815.04813	106293.4069	0	23.6	8.60359	-80.68257	23.67083359	7.924999714	80.86735535	52.84877014	28.89999962	19.10000038	9.799999237	23.28333282	23.63333321	24.48333359	23.20000076	2634	483	19	68.12210846	1212	97	353	623	467
N/A	N/A	230804_D024	Lithobates warzsewitschii	8/4/23	Panama	Santa Fe	Altos de Piedra	N/A	Adult	N/A	N/A	N/A		275	29	2.75E+04	290	0.010545455	279	266	10	100	4	1.12E+06	1.06E+06	0.953405018	0.046594982	80237	38171	43494	73117	79928	88668	67886.33333	66652	1.018519074	6.18E+05	9.64E+06	1.10E+07	7.10E+06	1	TRUE	229.616745	31.716	161224.7794	-83815.59368	161224.7794	0	24	8.5128	-81.12274	21.4750004	8.25	80.0970764	44.7975426	26.7000008	16.3999996	10.3000011	21.1499996	21.7166672	22.083334	21.0166664	3425	445	69	41.3896484	1178	348	561	998	751
N/A	N/A	230804_D026	Lithobates warzsewitschii	8/4/23	Panama	Santa Fe	Altos de Piedra	N/A	Adult	N/A	N/A	N/A		349	313	3.49E+04	3130	0.089684814	384	244	10	100	4	1.54E+06	9.76E+05	0.635416667	0.364583333	21324	72068	34863	88152	21472	77829	25886.33333	79349.66667	0.326231154	3.13E+05	9.48E+06	9.81E+06	6.53E+06	1	TRUE	225.514267	81.828	207907.3775	-83818.13886	207907.3775	0	24.1	8.5128	-81.12274	21.4750004	8.25	80.0970764	44.7975426	26.7000008	16.3999996	10.3000011	21.1499996	21.7166672	22.083334	21.0166664	3425	445	69	41.3896484	1178	348	561	998	751
N/A	N/A	241201_005	Lithobates warzsewitschii	12/1/24	Panama	El Valle	Hotel Campestre		Adult	N/A	N/A	N/A		462	310	4.62E+04	3100	0.067099567	317	311	10	100	4	1.27E+06	1.24E+06	0.981072555	0.018927445	35436	47834	58728	65962	43789	65366	45984.33333	59720.66667	0.769990288	7.78E+05	9.32E+06	1.92E+06	4.01E+06	1	FALSE	0	NA	135741.9363	-83816.50739	135741.9363	0	26	8.61304	-80.59042	24.50416565	8.008333206	80.89225769	57.14644623	29.89999962	20	9.899999619	24.03333282	24.53333282	25.36666679	23.95000076	2293	401	16	67.64125061	981	69	394	804	615
N/A	N/A	241201_004	Lithobates warzsewitschii	12/1/24	Panama	El Valle	Hotel Campestre		Adult	N/A	N/A	N/A		477	627	4.77E+04	6270	0.131446541	369	384	10	100	4	1.48E+06	1.54E+06	1.040650407	-0.040650407	43696	41940	55156	65736	41371	21606	46741	43094	1.084628951	8.76E+05	9.19E+06	3.60E+05	3.48E+06	1	TRUE	125.4728394	NA	74614.48529	-83815.35063	74614.48529	0	26.3	8.61304	-80.59042	24.50416565	8.008333206	80.89225769	57.14644623	29.89999962	20	9.899999619	24.03333282	24.53333282	25.36666679	23.95000076	2293	401	16	67.64125061	981	69	394	804	615
N/A	N/A	241201_003	Lithobates warzsewitschii	12/1/24	Panama	El Valle	Hotel Campestre		Adult	N/A	N/A	N/A		130	515	1.30E+04	5150	0.396153846	331	255	10	100	4	1.32E+06	1.02E+06	0.770392749	0.229607251	37414	53791	71910	25648	32224	46955	47182.66667	42131.33333	1.119894932	3.12E+05	9.24E+06	9.97E+06	6.51E+06	1	FALSE	0	NA	71075.26961	-83815.22097	71075.26961	0	26.7	8.61304	-80.59042	24.50416565	8.008333206	80.89225769	57.14644623	29.89999962	20	9.899999619	24.03333282	24.53333282	25.36666679	23.95000076	2293	401	16	67.64125061	981	69	394	804	615
N/A	N/A	241201_010	Lithobates warzsewitschii	12/1/24	Panama	El Valle	Hotel Campestre		Adult	N/A	N/A	N/A		365	390	3.65E+04	3900	0.106849315	304	244	10	100	4	1.22E+06	9.76E+05	0.802631579	0.197368421	65591	22718	39260	32778	60557	78523	55136	44673	1.234213059	9.05E+05	9.17E+06	1.48E+07	8.29E+06	1	FALSE	0	NA	80419.63235	-83814.80069	80419.63235	0	26.7	8.61304	-80.59042	24.50416565	8.008333206	80.89225769	57.14644623	29.89999962	20	9.899999619	24.03333282	24.53333282	25.36666679	23.95000076	2293	401	16	67.64125061	981	69	394	804	615
N/A	N/A	241201_001	Lithobates warzsewitschii	12/1/24	Panama	El Valle	Hotel Campestre		Adult	N/A	N/A	N/A		527	604	5.27E+04	6040	0.114611006	331	315	10	100	4	1.32E+06	1.26E+06	0.951661631	0.048338369	52116	19723	77625	91688	42257	47254	57332.66667	52888.33333	1.084032395	5.21E+05	9.37E+06	1.37E+07	7.85E+06	1	FALSE	0	NA	110623.0637	-83815.35282	110623.0637	0	26.7	8.61304	-80.59042	24.50416565	8.008333206	80.89225769	57.14644623	29.89999962	20	9.899999619	24.03333282	24.53333282	25.36666679	23.95000076	2293	401	16	67.64125061	981	69	394	804	615
N/A	N/A	231121_K002	Lithobates warzsewitschii	11/21/23	Panama	El Cope	Guabal	N/A	Adult	N/A	N/A	N/A		265	178	2.65E+04	1780	0.067169811	397	271	10	100	4	1.59E+06	1.08E+06	0.682619647	0.317380353	79690	69426	59809	85666	31440	39130	56979.66667	64740.66667	0.880121716	3.64E+05	9.38E+06	2.58E+06	4.11E+06	1	TRUE	12.59028339	11919.24	154197.8186	-83816.10249	154197.8186	0	NA	8.61304	-80.59042	24.5041656	8.00833321	80.8922577	57.1464462	29.8999996	20	9.89999962	24.0333328	24.5333328	25.3666668	23.9500008	2293	401	16	67.6412506	981	69	394	804	552
N/A	N/A	231115_002	Lithobates warzsewitschii	11/15/23	Panama	El Valle	Rio Maria		Adult	N/A	N/A	N/A		138	304	1.38E+04	3040	0.220289855	407	322	10	100	4	1.63E+06	1.29E+06	0.791154791	0.208845209	80196	32878	39229	89594	61689	80903	60371.33333	67791.66667	0.890542102	5.95E+05	9.15E+06	4.20E+06	4.65E+06	1	TRUE	2545.359863	NA	165414.7304	-83816.06418	165414.7304	0	NA	8.64065	-80.59039	24.50416565	8.008333206	80.89225769	57.14644623	29.89999962	20	9.899999619	24.03333282	24.53333282	25.36666679	23.95000076	2293	401	16	67.64125061	981	69	394	804	819
N/A	N/A	Pe_16S00456	Notophthalmus viridescens	5/28/24	Pennsylvania	Tyron Weber	N/A		Adult	N/A	N/A	N/A		413	47	4.13E+05	4700	0.011380145	278	319	10	100	4	1.11E+06	1.28E+06	1.147482014	-0.147482014	53400	70432	58649	37838	47582	25236	53210.33333	44502	1.195684089	1.06E+05	9.66E+06	1.37E+06	3.71E+06	1	FALSE	0	NA	79790.95588	-83814.94234	79790.95588	0	12.4	41.59313	-80.35629	8.558333397	11.25	30.99173546	928.5028076	27	-9.300000191	36.29999924	19.63333321	-2.316666842	19.63333321	-3.233333349	1078	113	57	19.97618866	325	194	325	202	800
N/A	N/A	Pe_16S00810	Notophthalmus viridescens	10/13/24	Pennsylvania	RV Pond	N/A	NA	Adult	N/A	N/A	N/A		245	42	2.45E+05	4200	0.017142857	277	370	10	100	4	1.11E+06	1.48E+06	1.335740072	-0.335740072	66650	79297	76918	69455	72552	22958	72040	57236.66667	1.258633743	4.11E+06	9.55E+06	4.20E+05	4.69E+06	1	FALSE	0	NA	126609.5833	-83814.71091	126609.5833	0	12.6	41.63888	-80.49512	8.8125	10.74166679	29.51007271	941.782959	27.20000076	-9.199999809	36.40000153	20.03333282	-2.283333302	20.03333282	-3.066666603	1045	108	54	19.86804199	311	186	311	196	800
N/A	N/A	Pe_16S00808	Notophthalmus viridescens	10/13/24	Pennsylvania	RV Pond	N/A	NA	Adult	N/A	N/A	N/A		549	41	5.49E+05	4100	0.007468124	358	321	10	100	4	1.43E+06	1.28E+06	0.896648045	0.103351955	75663	74557	85352	51813	73285	46748	78100	57706	1.353412124	6.67E+06	9.70E+06	1.31E+06	5.89E+06	1	FALSE	0	NA	128335.0735	-83814.36246	128335.0735	0	13.6	41.63888	-80.49512	8.8125	10.74166679	29.51007271	941.782959	27.20000076	-9.199999809	36.40000153	20.03333282	-2.283333302	20.03333282	-3.066666603	1045	108	54	19.86804199	311	186	311	196	800
N/A	N/A	Pe_16S00818	Notophthalmus viridescens	10/13/24	Pennsylvania	RV Pond	N/A	NA	Adult	N/A	N/A	N/A		475	17	4.75E+05	1700	0.003578947	307	276	10	100	4	1.23E+06	1.10E+06	0.899022801	0.100977199	39280	82771	65092	28548	84136	69886	62836	60401.66667	1.04030242	3.11E+05	9.65E+06	7.86E+06	5.94E+06	1	FALSE	0	NA	138245.6127	-83815.51359	138245.6127	0	14.2	41.63888	-80.49512	8.8125	10.74166679	29.51007271	941.782959	27.20000076	-9.199999809	36.40000153	20.03333282	-2.283333302	20.03333282	-3.066666603	1045	108	54	19.86804199	311	186	311	196	800
N/A	N/A	Pe_16S00822	Notophthalmus viridescens	10/13/24	Pennsylvania	RV Pond	N/A	NA	Adult	N/A	N/A	N/A		376	5	3.76E+05	500	0.001329787	304	338	10	100	4	1.22E+06	1.35E+06	1.111842105	-0.111842105	49677	64135	79884	93668	21528	74459	50363	77420.66667	0.650511061	2.46E+06	9.49E+06	7.61E+06	6.52E+06	1	FALSE	0	NA	200815.4657	-83816.94665	200815.4657	0	14.4	41.63888	-80.49512	8.8125	10.74166679	29.51007271	941.782959	27.20000076	-9.199999809	36.40000153	20.03333282	-2.283333302	20.03333282	-3.066666603	1045	108	54	19.86804199	311	186	311	196	800
N/A	N/A	Pe_16S00816	Notophthalmus viridescens	10/13/24	Pennsylvania	RV Pond	N/A	NA	Adult	N/A	N/A	N/A		545	79	5.45E+05	7900	0.014495413	415	277	10	100	4	1.66E+06	1.11E+06	0.66746988	0.33253012	56385	82168	45133	47026	24405	49826	41974.33333	59673.33333	0.703401855	7.06E+06	9.67E+06	1.15E+06	5.96E+06	1	FALSE	0	NA	135567.9167	-83816.7522	135567.9167	0	14.4	41.63888	-80.49512	8.8125	10.74166679	29.51007271	941.782959	27.20000076	-9.199999809	36.40000153	20.03333282	-2.283333302	20.03333282	-3.066666603	1045	108	54	19.86804199	311	186	311	196	800
N/A	N/A	Pe_16S00458	Notophthalmus viridescens	5/28/24	Pennsylvania	Tyron Weber	N/A	NA	Adult	N/A	N/A	N/A		525	249	5.25E+05	24900	0.047428571	345	371	10	100	4	1.38E+06	1.48E+06	1.075362319	-0.075362319	21847	63839	70581	56863	45969	61738	46132.33333	60813.33333	0.758589125	5.53E+06	9.53E+06	7.04E+06	7.37E+06	1	FALSE	0	NA	139759.0931	-83816.5493	139759.0931	0	14.4	41.59313	-80.35629	8.558333397	11.25	30.99173546	928.5028076	27	-9.300000191	36.29999924	19.63333321	-2.316666842	19.63333321	-3.233333349	1078	113	57	19.97618866	325	194	325	202	800
N/A	N/A	Pe_16S00820	Notophthalmus viridescens	10/13/24	Pennsylvania	RV Pond	N/A	NA	Adult	N/A	N/A	N/A		275	70	2.75E+05	7000	0.025454545	265	371	10	100	4	1.06E+06	1.48E+06	1.4	-0.4	66400	24615	64634	76277	75633	29491	68889	43461	1.585076275	7.13E+05	9.64E+06	6.05E+06	5.47E+06	1	FALSE	0	NA	75963.75	-83813.51075	75963.75	0	14.5	41.63888	-80.49512	8.8125	10.74166679	29.51007271	941.782959	27.20000076	-9.199999809	36.40000153	20.03333282	-2.283333302	20.03333282	-3.066666603	1045	108	54	19.86804199	311	186	311	196	800
N/A	N/A	BdSwab00027	Notophthalmus viridescens	5/28/22	Pennsylvania	Wood Lab Pond	N/A	NA	Adult	N/A	N/A	N/A		375	63	3.75E+05	6300	0.0168	315	328	10	100	4	1.26E+06	1.31E+06	1.041269841	-0.041269841	25092	45722	47467	81835	57619	45340	43392.66667	57632.33333	0.75292226	8.47E+05	9.55E+06	6.39E+06	5.59E+06	1	FALSE	0	NA	128064.2402	-83816.57014	128064.2402	0	15.3	41.56972	-80.4525	8.516666412	11.20000076	30.51771164	937.7253418	27.10000038	-9.600000381	36.70000076	19.68333435	-2.483333349	19.68333435	-3.383333445	1057	110	54	20.1629982	317	189	317	196	800
N/A	N/A	BdSwab00028	Notophthalmus viridescens	5/28/22	Pennsylvania	Wood Lab Pond	N/A	NA	Adult	N/A	N/A	N/A		488	40	4.88E+05	4000	0.008196721	369	236	10	100	4	1.48E+06	9.44E+05	0.639566396	0.360433604	27656	26873	94693	79194	25868	18743	49405.66667	41603.33333	1.187541062	4.67E+06	9.31E+06	9.42E+06	7.80E+06	1	FALSE	0	NA	69134.09314	-83814.97228	69134.09314	0	16.7	41.56972	-80.4525	8.516666412	11.20000076	30.51771164	937.7253418	27.10000038	-9.600000381	36.70000076	19.68333435	-2.483333349	19.68333435	-3.383333445	1057	110	54	20.1629982	317	189	317	196	800
N/A	N/A	BdSwab00026	Notophthalmus viridescens	5/28/22	Pennsylvania	Wood Lab Pond	N/A	NA	Adult	N/A	N/A	N/A		452	60	4.52E+05	6000	0.013274336	329	226	10	100	4	1.32E+06	9.04E+05	0.686930091	0.313069909	40260	47107	46306	66216	62960	77813	49842	63712	0.782301607	2.34E+06	9.36E+06	7.62E+05	4.15E+06	1	FALSE	0	NA	150415.9559	-83816.46213	150415.9559	0	16.8	41.56972	-80.4525	8.516666412	11.20000076	30.51771164	937.7253418	27.10000038	-9.600000381	36.70000076	19.68333435	-2.483333349	19.68333435	-3.383333445	1057	110	54	20.1629982	317	189	317	196	800
N/A	N/A	Pe_16S00530	Notophthalmus viridescens	6/18/24	Pennsylvania	Tyron Weber	N/A		Adult	N/A	N/A	N/A		263	25	2.63E+05	2500	0.009505703	303	292	10	100	4	1.21E+06	1.17E+06	0.96369637	0.03630363	77235	30296	52116	37376	91621	45220	73657.33333	37630.66667	1.95737519	6.63E+05	9.27E+06	7.23E+06	5.72E+06	1	FALSE	0	NA	54528.70098	-83812.142	54528.70098	0	19.2	41.59313	-80.35629	8.558333397	11.25	30.99173546	928.5028076	27	-9.300000191	36.29999924	19.63333321	-2.316666842	19.63333321	-3.233333349	1078	113	57	19.97618866	325	194	325	202	800
N/A	N/A	Pe_16S00532	Notophthalmus viridescens	6/18/24	Pennsylvania	Tyron Weber	N/A		Adult	N/A	N/A	N/A		426	19	4.26E+05	1900	0.004460094	290	308	10	100	4	1.16E+06	1.23E+06	1.062068966	-0.062068966	44146	47229	94334	26387	34516	58457	57665.33333	44024.33333	1.30985137	5.26E+05	9.42E+06	5.18E+06	5.04E+06	1	FALSE	0	NA	78034.82843	-83814.52261	78034.82843	0	21.3	41.59313	-80.35629	8.558333397	11.25	30.99173546	928.5028076	27	-9.300000191	36.29999924	19.63333321	-2.316666842	19.63333321	-3.233333349	1078	113	57	19.97618866	325	194	325	202	800
N/A	N/A	DrySwab00242	Notophthalmus viridescens	9/10/22	Pennsylvania	RV Pond	N/A	NA	Adult	N/A	N/A	N/A		451	70	4.51E+05	7000	0.015521064	344	358	10	100	4	1.38E+06	1.43E+06	1.040697674	-0.040697674	46810	72974	50881	91299	75285	75613	57658.66667	79962	0.721075844	2.27E+05	9.68E+06	8.18E+06	6.03E+06	1	FALSE	0	NA	210158.6029	-83816.68722	210158.6029	0	NA	41.63888	-80.49512	8.8125	10.74166679	29.51007271	941.782959	27.20000076	-9.199999809	36.40000153	20.03333282	-2.283333302	20.03333282	-3.066666603	1045	108	54	19.86804199	311	186	311	196	800
N/A	N/A	BdSwab00035	Plethodon cinereus	5/28/22	Pennsylvania	Wood Lab Pond	N/A	NA	Adult	N/A	N/A	N/A		288	265	2.88E+05	26500	0.092013889	289	355	10	100	4	1.16E+06	1.42E+06	1.228373702	-0.228373702	44318	41286	47683	34745	37845	75952	43282	50661	0.854345552	8.80E+06	9.31E+06	1.52E+06	6.54E+06	1	FALSE	0	NA	102434.3382	-83816.19726	102434.3382	0	14.3	41.56972	-80.4525	8.516666412	11.20000076	30.51771164	937.7253418	27.10000038	-9.600000381	36.70000076	19.68333435	-2.483333349	19.68333435	-3.383333445	1057	110	54	20.1629982	317	189	317	196	800
N/A	N/A	BdSwab00033	Plethodon cinereus	5/28/22	Pennsylvania	Wood Lab Pond	N/A	NA	Adult	N/A	N/A	N/A		238	195	2.38E+05	19500	0.081932773	211	230	10	100	4	8.44E+05	9.20E+05	1.090047393	-0.090047393	84963	35500	27795	77158	85975	69647	66244.33333	60768.33333	1.090112723	8.07E+05	9.65E+06	1.52E+06	3.99E+06	1	FALSE	0	NA	139593.652	-83815.33047	139593.652	0	14.7	41.56972	-80.4525	8.516666412	11.20000076	30.51771164	937.7253418	27.10000038	-9.600000381	36.70000076	19.68333435	-2.483333349	19.68333435	-3.383333445	1057	110	54	20.1629982	317	189	317	196	800
N/A	N/A	BdSwab00032	Plethodon cinereus	5/28/22	Pennsylvania	Wood Lab Pond	N/A	NA	Adult	N/A	N/A	N/A		198	564	1.98E+05	56400	0.284848485	218	298	10	100	4	8.72E+05	1.19E+06	1.366972477	-0.366972477	24031	20584	85292	76789	82776	32609	64033	43327.33333	1.477889246	6.16E+05	9.34E+06	4.21E+06	4.72E+06	1	FALSE	0	NA	75472.32843	-83813.90482	75472.32843	0	15.3	41.56972	-80.4525	8.516666412	11.20000076	30.51771164	937.7253418	27.10000038	-9.600000381	36.70000076	19.68333435	-2.483333349	19.68333435	-3.383333445	1057	110	54	20.1629982	317	189	317	196	800
N/A	N/A	BdSwab00036	Plethodon cinereus	5/28/22	Pennsylvania	Wood Lab Pond	N/A	NA	Adult	N/A	N/A	N/A		429	168	4.29E+05	16800	0.039160839	248	337	10	100	4	9.92E+05	1.35E+06	1.358870968	-0.358870968	49202	37227	59712	61179	45579	62130	51497.66667	53512	0.962357353	9.15E+06	9.41E+06	1.56E+05	6.24E+06	1	FALSE	0	NA	112915.9559	-83815.80016	112915.9559	0	16.3	41.56972	-80.4525	8.516666412	11.20000076	30.51771164	937.7253418	27.10000038	-9.600000381	36.70000076	19.68333435	-2.483333349	19.68333435	-3.383333445	1057	110	54	20.1629982	317	189	317	196	800
N/A	N/A	BdSwab00034	Plethodon cinereus	5/28/22	Pennsylvania	Wood Lab Pond	N/A	NA	Adult	N/A	N/A	N/A		285	60	2.85E+05	6000	0.021052632	209	354	10	100	4	8.36E+05	1.42E+06	1.693779904	-0.693779904	84075	62305	36614	23007	23211	27243	47966.66667	37518.33333	1.278486073	5.34E+05	9.58E+06	1.30E+06	3.80E+06	1	FALSE	0	NA	54115.71078	-83814.63792	54115.71078	0	16.4	41.56972	-80.4525	8.516666412	11.20000076	30.51771164	937.7253418	27.10000038	-9.600000381	36.70000076	19.68333435	-2.483333349	19.68333435	-3.383333445	1057	110	54	20.1629982	317	189	317	196	800
N/A	N/A	BdSwab00031	Plethodon cinereus	5/28/22	Pennsylvania	Wood Lab Pond	N/A	NA	Adult	N/A	N/A	N/A		306	433	3.06E+05	43300	0.141503268	244	255	10	100	4	9.76E+05	1.02E+06	1.045081967	-0.045081967	72710	47483	36306	37188	63150	90011	57388.66667	58227.33333	0.985596684	5.11E+06	9.36E+05	9.45E+06	5.17E+06	1	FALSE	0	NA	130251.7402	-83815.71472	130251.7402	0	18.7	41.56972	-80.4525	8.516666412	11.20000076	30.51771164	937.7253418	27.10000038	-9.600000381	36.70000076	19.68333435	-2.483333349	19.68333435	-3.383333445	1057	110	54	20.1629982	317	189	317	196	800
N/A	N/A	BdSwab00037	Plethodon cinereus	5/28/22	Pennsylvania	Wood Lab Pond	N/A	NA	Adult	N/A	N/A	N/A		231	359	2.31E+05	35900	0.155411255	218	251	10	100	4	8.72E+05	1.00E+06	1.151376147	-0.151376147	83181	67028	49779	43447	22371	57399	51777	55958	0.925283248	9.07E+05	9.17E+06	1.41E+06	3.83E+06	1	FALSE	0	NA	121908.6029	-83815.93646	121908.6029	0	18.9	41.56972	-80.4525	8.516666412	11.20000076	30.51771164	937.7253418	27.10000038	-9.600000381	36.70000076	19.68333435	-2.483333349	19.68333435	-3.383333445	1057	110	54	20.1629982	317	189	317	196	800
N/A	N/A	BdSwab00030	Plethodon cinereus	5/28/22	Pennsylvania	Wood Lab Pond	N/A	NA	Adult	N/A	N/A	N/A		177	622	1.77E+05	62200	0.351412429	192	377	10	100	4	7.68E+05	1.51E+06	1.963541667	-0.963541667	71658	75273	74546	49997	77744	66102	74649.33333	63790.66667	1.170223439	4.34E+05	9.12E+06	2.36E+06	3.97E+06	1	FALSE	0	NA	150705.1716	-83815.03594	150705.1716	0	19.1	41.56972	-80.4525	8.516666412	11.20000076	30.51771164	937.7253418	27.10000038	-9.600000381	36.70000076	19.68333435	-2.483333349	19.68333435	-3.383333445	1057	110	54	20.1629982	317	189	317	196	800
PA24	2022-05-18-admin-pscr19	2022-05-18-admin-pscr19	Pseudacris crucifer	5/18/22	Pennsylvania	Admin Pond	N/A	NA	Adult	Male	25.8	0.7		454	15	4.54E+05	1500	0.003303965	354	311	10	100	4	8.64E+05	1.24E+06	1.439814815	-0.439814815	38633	38247	38247	37865	40565	40160	39148.33333	38757.33333	1.010088413	1.33E+06	6.14E+06	1.21E+06	2.89E+06	1	TRUE	2610.356445	NA	58670.85784	-83815.62467	58670.85784	0	18.2	41.64305	-80.4301	8.75	10.80000019	29.67033005	943.3282471	27.20000076	-9.199999809	36.40000153	20.01666641	-2.349999905	20.01666641	-3.133333206	1056	109	55	19.73647499	315	189	315	199	1230
N/A	N/A	Pe_16S00529	Pseudacris crucifer	6/18/24	Pennsylvania	Tyron Weber	N/A	NA	Adult	N/A	N/A	N/A		497	18	4.97E+05	1800	0.00362173	326	296	10	100	4	1.23E+06	1.18E+06	0.961038961	0.038961039	50638	75272	65490	91573	33007	59443	49711.66667	75429.33333	0.65904953	3.29E+06	9.49E+06	1.49E+06	4.75E+06	1	FALSE	0	NA	193494.3873	-83816.91526	193494.3873	0	19	41.59313	-80.35629	8.558333397	11.25	30.99173546	928.5028076	27	-9.300000191	36.29999924	19.63333321	-2.316666842	19.63333321	-3.233333349	1078	113	57	19.97618866	325	194	325	202	800
N/A	N/A	2022-05-12-rv-pscr16	Pseudacris crucifer	5/12/22	Pennsylvania	RV Pond	N/A	NA	Adult	N/A	N/A	N/A		499	27	4.99E+05	2700	0.005410822	323	318	10	100	4	1.62E+06	1.27E+06	0.783251232	0.216748768	75766	66738	95235	38253	62798	54080	77933	53023.66667	1.469777646	6.91E+06	9.43E+06	6.29E+05	5.66E+06	1	FALSE	0	NA	111120.6127	-83813.93464	111120.6127	0	NA	41.63888	-80.49512	8.8125	10.74166679	29.51007271	941.782959	27.20000076	-9.199999809	36.40000153	20.03333282	-2.283333302	20.03333282	-3.066666603	1045	108	54	19.86804199	311	186	311	196	800
N/A	N/A	Pe_16S00373	Pseudacris crucifer	5/6/24	Pennsylvania	RV Pond	N/A	NA	Adult	N/A	N/A	N/A		509	67	5.09E+05	6700	0.013163065	350	331	10	100	4	1.61E+06	1.32E+06	0.82133995	0.17866005	72816	62474	29427	79259	49383	46450	50542	62727.66667	0.805736969	2.46E+06	9.30E+06	8.62E+06	6.79E+06	1	FALSE	0	NA	146797.0833	-83816.37597	146797.0833	0	14	41.63888	-80.49512	8.8125	10.74166679	29.51007271	941.782959	27.20000076	-9.199999809	36.40000153	20.03333282	-2.283333302	20.03333282	-3.066666603	1045	108	54	19.86804199	311	186	311	196	800
PA258	2022-05-18-admin-pscr20	2022-05-18-admin-pscr20	Pseudacris crucifer	5/18/22	Pennsylvania	Admin Pond	N/A	NA	Adult	Male	29	1.3		330	120	3.30E+05	12000	0.036363636	321	286	10	100	4	1.58E+06	1.14E+06	0.722222222	0.277777778	65025	64375	64375	63732	68277	67594	65892.33333	65233.66667	1.010097036	6.20E+06	1.27E+06	1.26E+06	2.91E+06	1	TRUE	29430.42725	NA	156010.3186	-83815.62464	156010.3186	0	17.8	41.64305	-80.4301	8.75	10.80000019	29.67033005	943.3282471	27.20000076	-9.199999809	36.40000153	20.01666641	-2.349999905	20.01666641	-3.133333206	1056	109	55	19.73647499	315	189	315	199	1230
N/A	N/A	Pe_16S00349	Pseudacris crucifer	3/16/24	Pennsylvania	Phelps Pond	N/A	NA	Adult	N/A	N/A	N/A		202	86	2.02E+05	8600	0.042574257	282	276	10	100	4	1.26E+06	1.10E+06	0.876190476	0.123809524	86906	20161	40456	72890	62783	67822	63381.66667	53624.33333	1.181957196	7.83E+06	9.23E+06	6.12E+06	7.72E+06	1	FALSE	0	NA	113328.9461	-83814.9928	113328.9461	0	9.3	41.69128	-80.51248	8.620833397	10.90833378	30.05050468	935.9450073	27	-9.300000191	36.29999924	19.76666641	-2.400000095	19.76666641	-3.233333349	1054	108	55	19.77835846	313	188	313	198	1230
N/A	N/A	2022-05-12-rv-pscr12	Pseudacris crucifer	5/12/22	Pennsylvania	RV Pond	N/A	NA	Adult	N/A	N/A	N/A		432	60	4.32E+05	6000	0.013888889	310	349	10	100	4	1.17E+06	1.40E+06	1.195205479	-0.195205479	57128	32810	35980	72426	74057	33379	55721.66667	46205	1.205966165	6.79E+05	9.34E+06	1.03E+06	3.68E+06	1	FALSE	0	NA	86051.98529	-83814.90454	86051.98529	0	NA	41.63888	-80.49512	8.8125	10.74166679	29.51007271	941.782959	27.20000076	-9.199999809	36.40000153	20.03333282	-2.283333302	20.03333282	-3.066666603	1045	108	54	19.86804199	311	186	311	196	800
N/A	N/A	Pe_16S00344	Pseudacris crucifer	3/16/24	Pennsylvania	Phelps Pond	N/A	NA	Adult	N/A	N/A	N/A		548	63	5.48E+05	6300	0.01149635	375	286	10	100	4	1.56E+06	1.14E+06	0.733333333	0.266666667	48526	79474	84780	27810	32826	19484	55377.33333	42256	1.310520005	3.16E+05	9.18E+06	1.36E+06	3.62E+06	1	FALSE	0	NA	71533.60294	-83814.52015	71533.60294	0	9.1	41.69128	-80.51248	8.620833397	10.90833378	30.05050468	935.9450073	27	-9.300000191	36.29999924	19.76666641	-2.400000095	19.76666641	-3.233333349	1054	108	55	19.77835846	313	188	313	198	1230
N/A	N/A	Pe_16S00350	Pseudacris crucifer	3/16/24	Pennsylvania	Phelps Pond	N/A	NA	Adult	N/A	N/A	N/A		548	91	5.48E+05	9100	0.016605839	327	235	10	100	4	1.31E+06	9.40E+05	0.718654434	0.281345566	27146	21696	33889	64793	68573	66706	43202.66667	51065	0.846032834	2.86E+05	9.41E+06	1.43E+06	3.71E+06	1	FALSE	0	NA	103919.6324	-83816.22782	103919.6324	0	8.7	41.69128	-80.51248	8.620833397	10.90833378	30.05050468	935.9450073	27	-9.300000191	36.29999924	19.76666641	-2.400000095	19.76666641	-3.233333349	1054	108	55	19.77835846	313	188	313	198	1230
N/A	N/A	Pe_16S00374	Pseudacris crucifer	5/6/24	Pennsylvania	RV Pond	N/A	NA	Adult	N/A	N/A	N/A		249	85	2.49E+05	8500	0.034136546	325	371	10	100	4	1.30E+06	1.48E+06	1.141538462	-0.141538462	42771	63958	40398	23326	64903	89434	49357.33333	58906	0.837899931	3.47E+05	9.43E+06	8.31E+06	6.03E+06	1	TRUE	406.8773804	NA	132746.8382	-83816.25772	132746.8382	0	15.1	41.63888	-80.49512	8.8125	10.74166679	29.51007271	941.782959	27.20000076	-9.199999809	36.40000153	20.03333282	-2.283333302	20.03333282	-3.066666603	1045	108	54	19.86804199	311	186	311	196	800
N/A	N/A	Pe_16S00418	Pseudacris crucifer	5/14/24	Pennsylvania	RV Pond	N/A	NA	Adult	N/A	N/A	N/A		550	88	5.50E+05	8800	0.016	357	317	10	100	4	1.43E+06	1.27E+06	0.887955182	0.112044818	67779	68351	28935	65440	33506	19092	43406.66667	50961	0.851762459	1.55E+06	9.59E+06	8.94E+06	6.70E+06	1	FALSE	0	NA	103537.2794	-83816.20676	103537.2794	0	14.5	41.63888	-80.49512	8.8125	10.74166679	29.51007271	941.782959	27.20000076	-9.199999809	36.40000153	20.03333282	-2.283333302	20.03333282	-3.066666603	1045	108	54	19.86804199	311	186	311	196	800
N/A	N/A	Pe_16S00393	Pseudacris crucifer	5/8/24	Pennsylvania	Tuttle Pond	N/A	NA	Adult	N/A	N/A	N/A		553	37	5.53E+05	3700	0.006690778	328	291	10	100	4	1.31E+06	1.16E+06	0.887195122	0.112804878	75964	36268	57087	49307	50751	83417	61267.33333	56330.66667	1.087637285	4.82E+06	9.33E+06	1.13E+06	5.09E+06	1	TRUE	651.8894043	NA	123278.701	-83815.33957	123278.701	0	15.2	41.69171	-80.50082	8.524999619	10.9333334	30.20257759	935.7143555	26.89999962	-9.300000191	36.20000076	19.66666603	-2.483333349	19.66666603	-3.333333254	1062	109	55	19.7213974	315	189	315	200	800
N/A	N/A	2022-05-12-rv-pscr10	Pseudacris crucifer	5/12/22	Pennsylvania	RV Pond	N/A	NA	Adult	N/A	N/A	N/A	0.401109317	559	26	5.59E+05	2600	0.004651163	373	258	10	100	4	1.49E+06	1.03E+06	0.691689008	0.308310992	42856	61628	68324	27185	75866	87394	62348.66667	58735.66667	1.06151288	6.00E+05	9.61E+06	1.38E+06	3.86E+06	1	TRUE	53210.38574	NA	132120.6127	-83815.43561	132120.6127	0	NA	41.63888	-80.49512	8.8125	10.74166679	29.51007271	941.782959	27.20000076	-9.199999809	36.40000153	20.03333282	-2.283333302	20.03333282	-3.066666603	1045	108	54	19.86804199	311	186	311	196	800
N/A	N/A	Pe_16S00416	Pseudacris crucifer	5/14/24	Pennsylvania	RV Pond	N/A	NA	Adult	N/A	N/A	N/A		395	15	3.95E+05	1500	0.003797468	371	285	10	100	4	1.48E+06	1.14E+06	0.76819407	0.23180593	41667	30371	71728	66048	28426	26167	47273.66667	40862	1.156910251	7.61E+05	9.51E+06	3.79E+06	4.69E+06	1	TRUE	193.5944366	NA	66408.60294	-83815.08489	66408.60294	0	NA	41.63888	-80.49512	8.8125	10.74166679	29.51007271	941.782959	27.20000076	-9.199999809	36.40000153	20.03333282	-2.283333302	20.03333282	-3.066666603	1045	108	54	19.86804199	311	186	311	196	800
N/A	N/A	Pe_16S00526	Pseudacris crucifer	6/18/24	Pennsylvania	Tyron Weber	N/A	NA	Adult	N/A	N/A	N/A		396	643	3.96E+05	64300	0.162373737	361	243	10	100	4	1.44E+06	9.72E+05	0.673130194	0.326869806	87463	56358	73283	48868	76532	84422	79092.66667	63216	1.251149498	8.54E+05	9.55E+06	1.30E+06	3.90E+06	1	FALSE	0	NA	148592.4265	-83814.73842	148592.4265	0	17.6	41.59313	-80.35629	8.558333397	11.25	30.99173546	928.5028076	27	-9.300000191	36.29999924	19.63333321	-2.316666842	19.63333321	-3.233333349	1078	113	57	19.97618866	325	194	325	202	800
N/A	N/A	Pe_16S00754	Pseudacris crucifer	10/9/24	Pennsylvania	Tyron Weber	N/A	NA	Adult	N/A	N/A	N/A		396	76	3.96E+05	7600	0.019191919	359	351	10	100	4	1.44E+06	1.40E+06	0.977715877	0.022284123	19281	37208	76465	85427	53206	27200	49650.66667	49945	0.994106851	1.63E+05	9.68E+06	5.07E+06	4.97E+06	1	FALSE	0	NA	99801.98529	-83815.68343	99801.98529	0	9.2	41.59313	-80.35629	8.558333397	11.25	30.99173546	928.5028076	27	-9.300000191	36.29999924	19.63333321	-2.316666842	19.63333321	-3.233333349	1078	113	57	19.97618866	325	194	325	202	800
PA28	2022-05-19-admin-pscr4	2022-05-19-admin-pscr4	Pseudacris crucifer	5/18/22	Pennsylvania	Admin Pond	N/A	NA	Adult	Male	25.8	1		413	16	4.13E+05	1600	0.003874092	254	268	10	100	4	1.02E+06	1.07E+06	1.05511811	-0.05511811	72917	72188	72188	71467	76563	75798	73889.33333	73151	1.010093277	6.49E+06	1.25E+06	1.55E+06	3.10E+06	1	TRUE	118222.3633	NA	185118.1618	-83815.62466	185118.1618	0	18.2	41.64305	-80.4301	8.75	10.80000019	29.67033005	943.3282471	27.20000076	-9.199999809	36.40000153	20.01666641	-2.349999905	20.01666641	-3.133333206	1056	109	55	19.73647499	315	189	315	199	1230
N/A	N/A	Pe_16S00523	Pseudacris crucifer	6/18/24	Pennsylvania	Tyron Weber	N/A	NA	Adult	N/A	N/A	N/A		417	27	4.17E+05	2700	0.00647482	351	386	10	100	4	1.40E+06	1.54E+06	1.0997151	-0.0997151	43491	25879	73872	88188	79199	73832	65520.66667	62633	1.046104556	3.96E+05	9.17E+06	9.95E+06	6.50E+06	1	FALSE	0	NA	146449.0441	-83815.49226	146449.0441	0	18.9	41.59313	-80.35629	8.558333397	11.25	30.99173546	928.5028076	27	-9.300000191	36.29999924	19.63333321	-2.316666842	19.63333321	-3.233333349	1078	113	57	19.97618866	325	194	325	202	800
N/A	N/A	Pe_16S00402	Pseudacris crucifer	5/8/24	Pennsylvania	Tuttle Pond	N/A	NA	Adult	N/A	N/A	N/A		427	87	4.27E+05	8700	0.020374707	258	380	10	100	4	1.03E+06	1.52E+06	1.472868217	-0.472868217	23641	31804	87826	56101	60777	71552	57414.66667	53152.33333	1.080190898	4.70E+05	9.39E+06	7.86E+06	5.91E+06	1	FALSE	0	NA	111593.652	-83815.36695	111593.652	0	14.6	41.69171	-80.50082	8.524999619	10.9333334	30.20257759	935.7143555	26.89999962	-9.300000191	36.20000076	19.66666603	-2.483333349	19.66666603	-3.333333254	1062	109	55	19.7213974	315	189	315	200	800
N/A	N/A	2022-05-12-rv-pscr17	Pseudacris crucifer	5/12/22	Pennsylvania	RV Pond	N/A	NA	Adult	N/A	N/A	N/A		263	28	2.63E+05	2800	0.010646388	343	334	10	100	4	1.37E+06	1.34E+06	0.973760933	0.026239067	42846	52462	29776	25555	30651	64872	34424.33333	47629.66667	0.722749827	5.15E+05	9.44E+06	9.59E+06	6.51E+06	1	FALSE	0	NA	91289.73039	-83816.68107	91289.73039	0	NA	41.63888	-80.49512	8.8125	10.74166679	29.51007271	941.782959	27.20000076	-9.199999809	36.40000153	20.03333282	-2.283333302	20.03333282	-3.066666603	1045	108	54	19.86804199	311	186	311	196	800
N/A	N/A	Pe_16S00346	Pseudacris crucifer	3/16/24	Pennsylvania	Phelps Pond	N/A	NA	Adult	N/A	N/A	N/A		277	85	2.77E+05	8500	0.030685921	298	335	10	100	4	1.19E+06	1.34E+06	1.124161074	-0.124161074	68080	53225	51981	56471	53008	54290	57689.66667	54662	1.055388875	4.32E+05	9.33E+06	7.78E+05	3.51E+06	1	FALSE	0	NA	117143.8971	-83815.45813	117143.8971	0	9.8	41.69128	-80.51248	8.620833397	10.90833378	30.05050468	935.9450073	27	-9.300000191	36.29999924	19.76666641	-2.400000095	19.76666641	-3.233333349	1054	108	55	19.77835846	313	188	313	198	1230
N/A	N/A	Pe_16S00341	Pseudacris crucifer	3/15/24	Pennsylvania	Phelps Pond	N/A	NA	Adult	N/A	N/A	N/A		277	234	2.77E+05	23400	0.084476534	241	369	10	100	4	9.64E+05	1.48E+06	1.531120332	-0.531120332	66070	67181	67832	72581	42181	18750	58694.33333	52837.33333	1.110849652	5.38E+05	9.39E+06	2.76E+06	4.23E+06	1	TRUE	23.61662674	NA	110435.5637	-83815.25423	110435.5637	0	NA	41.69128	-80.51248	8.620833397	10.90833378	30.05050468	935.9450073	27	-9.300000191	36.29999924	19.76666641	-2.400000095	19.76666641	-3.233333349	1054	108	55	19.77835846	313	188	313	198	1230
N/A	N/A	Pe_16S00379	Pseudacris crucifer	5/6/24	Pennsylvania	RV Pond	N/A	NA	Adult	N/A	N/A	N/A		293	14	2.93E+05	1400	0.004778157	250	321	10	100	4	1.00E+06	1.28E+06	1.284	-0.284	42100	58100	73647	25093	41056	44942	52267.66667	42711.66667	1.223732782	4.72E+05	9.19E+06	1.22E+06	3.63E+06	1	TRUE	5.595345497	NA	73208.84804	-83814.83922	73208.84804	0	15	41.63888	-80.49512	8.8125	10.74166679	29.51007271	941.782959	27.20000076	-9.199999809	36.40000153	20.03333282	-2.283333302	20.03333282	-3.066666603	1045	108	54	19.86804199	311	186	311	196	800
N/A	N/A	Pe_16S00419	Pseudacris crucifer	5/14/24	Pennsylvania	RV Pond	N/A	NA	Adult	N/A	N/A	N/A		295	33	2.95E+05	3300	0.011186441	229	280	10	100	4	9.16E+05	1.12E+06	1.222707424	-0.222707424	53862	52634	60181	66506	51842	60320	55295	59820	0.924356403	8.80E+05	9.13E+06	2.60E+06	4.20E+06	1	FALSE	0	NA	136107.1324	-83815.93987	136107.1324	0	14.6	41.63888	-80.49512	8.8125	10.74166679	29.51007271	941.782959	27.20000076	-9.199999809	36.40000153	20.03333282	-2.283333302	20.03333282	-3.066666603	1045	108	54	19.86804199	311	186	311	196	800
N/A	N/A	2022-05-12-rv-pscr11	Pseudacris crucifer	5/12/22	Pennsylvania	RV Pond	N/A	NA	Adult	N/A	N/A	N/A		322	63	3.22E+05	6300	0.019565217	331	330	10	100	4	1.32E+06	1.32E+06	0.996978852	0.003021148	66050	44953	86865	76059	49267	61369	67394	60793.66667	1.108569423	3.92E+05	9.55E+06	4.96E+06	4.97E+06	1	TRUE	482.6940536	NA	139686.7892	-83815.26261	139686.7892	0	NA	41.63888	-80.49512	8.8125	10.74166679	29.51007271	941.782959	27.20000076	-9.199999809	36.40000153	20.03333282	-2.283333302	20.03333282	-3.066666603	1045	108	54	19.86804199	311	186	311	196	800
N/A	N/A	Pe_16S00521	Pseudacris crucifer	6/18/24	Pennsylvania	Tyron Weber	N/A	NA	Adult	N/A	N/A	N/A		341	103	3.41E+05	10300	0.030205279	216	341	10	100	4	1.50E+06	1.36E+06	0.909333333	0.090666667	56167	40264	52934	23944	35266	47189	48122.33333	37132.33333	1.295968473	3.00E+05	9.30E+06	4.77E+06	4.79E+06	1	FALSE	0	NA	52696.59314	-83814.57365	52696.59314	0	19.4	41.59313	-80.35629	8.558333397	11.25	30.99173546	928.5028076	27	-9.300000191	36.29999924	19.63333321	-2.316666842	19.63333321	-3.233333349	1078	113	57	19.97618866	325	194	325	202	800
N/A	N/A	2022-05-12-rv-pscr2	Pseudacris crucifer	5/12/22	Pennsylvania	RV Pond	N/A	NA	Adult	N/A	N/A	N/A		353	40	3.53E+05	4000	0.011331445	329	282	10	100	4	1.32E+06	1.13E+06	0.857142857	0.142857143	26722	25712	68403	56966	26307	81373	40477.33333	54683.66667	0.740208837	3.31E+05	9.35E+06	7.76E+06	5.81E+06	1	FALSE	0	NA	117223.5539	-83816.61688	117223.5539	0	NA	41.63888	-80.49512	8.8125	10.74166679	29.51007271	941.782959	27.20000076	-9.199999809	36.40000153	20.03333282	-2.283333302	20.03333282	-3.066666603	1045	108	54	19.86804199	311	186	311	196	800
N/A	N/A	2022-05-12-rv-pscr6	Pseudacris crucifer	5/12/22	Pennsylvania	RV Pond	N/A	NA	Adult	N/A	N/A	N/A		367	143	3.67E+05	14300	0.038964578	328	259	10	100	4	1.31E+06	1.04E+06	0.789634146	0.210365854	55536	59950	73716	84660	45101	71308	58117.66667	71972.66667	0.807496364	8.69E+05	9.53E+06	3.62E+06	4.67E+06	1	FALSE	0	NA	180786.0539	-83816.3695	180786.0539	0	NA	41.63888	-80.49512	8.8125	10.74166679	29.51007271	941.782959	27.20000076	-9.199999809	36.40000153	20.03333282	-2.283333302	20.03333282	-3.066666603	1045	108	54	19.86804199	311	186	311	196	800
N/A	N/A	Pe_16S00375	Pseudacris crucifer	5/6/24	Pennsylvania	RV Pond	N/A	NA	Adult	N/A	N/A	N/A		374	30	3.74E+05	3000	0.00802139	327	303	10	100	4	1.31E+06	1.21E+06	0.926605505	0.073394495	50383	46105	31491	58085	88530	89120	56801.33333	64436.66667	0.881506389	7.72E+05	9.18E+06	1.27E+06	3.74E+06	1	TRUE	41.85728455	NA	153080.1716	-83816.0974	153080.1716	0	13	41.63888	-80.49512	8.8125	10.74166679	29.51007271	941.782959	27.20000076	-9.199999809	36.40000153	20.03333282	-2.283333302	20.03333282	-3.066666603	1045	108	54	19.86804199	311	186	311	196	800
N/A	N/A	Pe_16S00397	Pseudacris crucifer	5/8/24	Pennsylvania	Tuttle Pond	N/A	NA	Adult	N/A	N/A	N/A		375	53	3.75E+05	5300	0.014133333	308	369	10	100	4	1.42E+06	1.48E+06	1.042372881	-0.042372881	58710	62603	30549	19567	38930	45818	42729.66667	42662.66667	1.00157046	3.38E+05	9.55E+06	7.61E+06	5.83E+06	1	FALSE	0	NA	73028.70098	-83815.65599	73028.70098	0	14.4	41.69171	-80.50082	8.524999619	10.9333334	30.20257759	935.7143555	26.89999962	-9.300000191	36.20000076	19.66666603	-2.483333349	19.66666603	-3.333333254	1062	109	55	19.7213974	315	189	315	200	800
N/A	N/A	Pe_16S00522	Pseudacris crucifer	6/18/24	Pennsylvania	Tyron Weber	N/A	NA	Adult	N/A	N/A	N/A		394	67	3.94E+05	6700	0.017005076	406	264	10	100	4	1.30E+06	1.06E+06	0.809815951	0.190184049	64708	79438	89463	41589	24109	27347	59426.66667	49458	1.201558224	4.44E+05	9.26E+06	1.04E+06	3.58E+06	1	FALSE	0	NA	98011.54412	-83814.92074	98011.54412	0	20.8	41.59313	-80.35629	8.558333397	11.25	30.99173546	928.5028076	27	-9.300000191	36.29999924	19.63333321	-2.316666842	19.63333321	-3.233333349	1078	113	57	19.97618866	325	194	325	202	800
N/A	N/A	Pe_16S00528	Pseudacris crucifer	6/18/24	Pennsylvania	Tyron Weber	N/A	NA	Adult	N/A	N/A	N/A		195	103	1.95E+05	10300	0.052820513	403	261	10	100	4	1.29E+06	1.04E+06	0.808049536	0.191950464	70661	78684	26826	89775	58259	51650	51915.33333	73369.66667	0.707585787	6.11E+05	9.28E+06	4.35E+06	4.74E+06	1	FALSE	0	NA	185922.0833	-83816.73682	185922.0833	0	18.3	41.59313	-80.35629	8.558333397	11.25	30.99173546	928.5028076	27	-9.300000191	36.29999924	19.63333321	-2.316666842	19.63333321	-3.233333349	1078	113	57	19.97618866	325	194	325	202	800
N/A	N/A	Pe_16S00348	Pseudacris crucifer	3/16/24	Pennsylvania	Phelps Pond	N/A	NA	Adult	N/A	N/A	N/A		107	54	1.07E+05	5400	0.05046729	396	298	10	100	4	1.40E+06	1.19E+06	0.851428571	0.148571429	45179	84289	78105	30195	76394	65305	66559.33333	59929.66667	1.11062412	1.75E+05	9.26E+06	1.24E+06	3.56E+06	1	TRUE	9.486807823	NA	136510.3186	-83815.25506	136510.3186	0	10.8	41.69128	-80.51248	8.620833397	10.90833378	30.05050468	935.9450073	27	-9.300000191	36.29999924	19.76666641	-2.400000095	19.76666641	-3.233333349	1054	108	55	19.77835846	313	188	313	198	1230
N/A	N/A	Pe_16S00421	Pseudacris crucifer	5/14/24	Pennsylvania	RV Pond	N/A	NA	Adult	N/A	N/A	N/A		115	99	1.15E+05	9900	0.086086957	315	232	10	100	4	1.28E+06	9.28E+05	0.722741433	0.277258567	72747	45562	20789	19575	57992	83995	50509.33333	49710.66667	1.016066304	4.54E+05	9.41E+06	9.07E+05	3.59E+06	1	FALSE	0	NA	98940.46569	-83815.6027	98940.46569	0	14	41.63888	-80.49512	8.8125	10.74166679	29.51007271	941.782959	27.20000076	-9.199999809	36.40000153	20.03333282	-2.283333302	20.03333282	-3.066666603	1045	108	54	19.86804199	311	186	311	196	800
N/A	N/A	Pe_16S00372	Pseudacris crucifer	5/6/24	Pennsylvania	RV Pond	N/A	NA	Adult	N/A	N/A	N/A		137	61	1.37E+05	6100	0.044525547	292	287	10	100	4	1.13E+06	1.15E+06	1.017730496	-0.017730496	69795	64886	86438	83438	52730	35311	69654.33333	61211.66667	1.137925777	4.39E+05	9.46E+06	9.98E+06	6.63E+06	1	TRUE	23470.54883	NA	141223.5539	-83815.15468	141223.5539	0	14.7	41.63888	-80.49512	8.8125	10.74166679	29.51007271	941.782959	27.20000076	-9.199999809	36.40000153	20.03333282	-2.283333302	20.03333282	-3.066666603	1045	108	54	19.86804199	311	186	311	196	800
N/A	N/A	Pe_16S00176	Pseudacris crucifer	7/18/23	Pennsylvania	Vorisek Pond	N/A	NA	Adult	N/A	N/A	N/A		147	134	1.47E+05	13400	0.091156463	390	284	10	100	4	1.24E+06	1.14E+06	0.916129032	0.083870968	53114	29521	35680	66552	63704	30706	50832.66667	42259.66667	1.202864828	4.86E+05	9.43E+06	2.46E+06	4.13E+06	1	FALSE	0	NA	71547.08333	-83814.91594	71547.08333	0	16.1	41.59313	-80.35629	8.558333397	11.25	30.99173546	928.5028076	27	-9.300000191	36.29999924	19.63333321	-2.316666842	19.63333321	-3.233333349	1078	113	57	19.97618866	325	194	325	202	180
N/A	N/A	2022-05-12-rv-pscr3	Pseudacris crucifer	5/12/22	Pennsylvania	RV Pond	N/A	NA	Adult	N/A	N/A	N/A		220	34	2.20E+05	3400	0.015454545	309	378	10	100	4	1.24E+06	1.51E+06	1.223300971	-0.223300971	81544	34578	42132	76500	83338	43523	69004.66667	51533.66667	1.339021093	3.59E+05	9.26E+06	1.32E+06	3.65E+06	1	TRUE	307.8970718	NA	105642.6716	-83814.41536	105642.6716	0	NA	41.63888	-80.49512	8.8125	10.74166679	29.51007271	941.782959	27.20000076	-9.199999809	36.40000153	20.03333282	-2.283333302	20.03333282	-3.066666603	1045	108	54	19.86804199	311	186	311	196	800
N/A	N/A	Pe_16S00347	Pseudacris crucifer	3/16/24	Pennsylvania	Phelps Pond	N/A	NA	Adult	N/A	N/A	N/A		234	84	2.34E+05	8400	0.035897436	309	310	10	100	4	1.24E+06	1.24E+06	1.003236246	-0.003236246	32312	78053	89315	61218	77522	89528	66383	76266.33333	0.870410273	2.03E+05	9.65E+06	1.88E+06	3.91E+06	1	FALSE	0	NA	196571.5931	-83816.1382	196571.5931	0	11.6	41.69128	-80.51248	8.620833397	10.90833378	30.05050468	935.9450073	27	-9.300000191	36.29999924	19.76666641	-2.400000095	19.76666641	-3.233333349	1054	108	55	19.77835846	313	188	313	198	1230
N/A	N/A	Pe_16S00793	Pseudacris crucifer	10/12/24	Pennsylvania	Tuttle Pond	N/A	NA	Adult	N/A	N/A	N/A		239	246	2.39E+05	24600	0.10292887	308	238	10	100	4	1.23E+06	9.52E+05	0.772727273	0.227272727	45334	37199	95361	35183	47532	75406	62742.33333	49262.66667	1.273628441	2.61E+05	9.44E+06	9.34E+06	6.35E+06	1	FALSE	0	NA	97293.40686	-83814.65578	97293.40686	0	NA	41.69171	-80.50082	8.524999619	10.9333334	30.20257759	935.7143555	26.89999962	-9.300000191	36.20000076	19.66666603	-2.483333349	19.66666603	-3.333333254	1062	109	55	19.7213974	315	189	315	200	800
N/A	N/A	Pe_16S00520	Pseudacris crucifer	6/18/24	Pennsylvania	Tyron Weber	N/A	NA	Adult	N/A	N/A	N/A		242	56	2.42E+05	5600	0.023140496	307	388	10	100	4	1.23E+06	1.55E+06	1.263843648	-0.263843648	34251	83639	44185	63373	89010	20169	55815.33333	55727	1.001585108	2.62E+05	9.42E+06	5.98E+05	3.43E+06	1	FALSE	0	NA	121059.3382	-83815.65594	121059.3382	0	20.5	41.59313	-80.35629	8.558333397	11.25	30.99173546	928.5028076	27	-9.300000191	36.29999924	19.63333321	-2.316666842	19.63333321	-3.233333349	1078	113	57	19.97618866	325	194	325	202	800
N/A	N/A	Pe_16S00525	Pseudacris crucifer	6/18/24	Pennsylvania	Tyron Weber	N/A	NA	Adult	N/A	N/A	N/A		254	198	2.54E+05	19800	0.077952756	306	347	10	100	4	1.22E+06	1.39E+06	1.133986928	-0.133986928	27580	41842	54698	44401	85363	55018	55880.33333	47087	1.186746519	5.21E+05	9.38E+06	7.64E+06	5.85E+06	1	FALSE	0	NA	89294.63235	-83814.9752	89294.63235	0	18.9	41.59313	-80.35629	8.558333397	11.25	30.99173546	928.5028076	27	-9.300000191	36.29999924	19.63333321	-2.316666842	19.63333321	-3.233333349	1078	113	57	19.97618866	325	194	325	202	800
N/A	N/A	2022-05-12-rv-pscr5	Pseudacris crucifer	5/12/22	Pennsylvania	RV Pond	N/A	NA	Adult	N/A	N/A	N/A		259	24	2.59E+05	2400	0.009266409	303	291	10	100	4	1.21E+06	1.16E+06	0.96039604	0.03960396	33152	57576	90825	38128	21286	55625	48421	50443	0.959915152	1.82E+05	9.24E+06	1.17E+06	3.53E+06	1	TRUE	4394.748535	NA	101632.8676	-83815.80914	101632.8676	0	NA	41.63888	-80.49512	8.8125	10.74166679	29.51007271	941.782959	27.20000076	-9.199999809	36.40000153	20.03333282	-2.283333302	20.03333282	-3.066666603	1045	108	54	19.86804199	311	186	311	196	800
N/A	N/A	Pe_16S00395	Pseudacris crucifer	5/8/24	Pennsylvania	Tuttle Pond	N/A	NA	Adult	N/A	N/A	N/A		149	83	1.49E+05	8300	0.055704698	252	316	10	100	4	1.01E+06	1.26E+06	1.253968254	-0.253968254	82145	76541	60943	62539	41820	49953	61636	63011	0.978178413	8.44E+05	9.30E+06	8.16E+06	6.10E+06	1	FALSE	0	NA	147838.75	-83815.74199	147838.75	0	15.3	41.69171	-80.50082	8.524999619	10.9333334	30.20257759	935.7143555	26.89999962	-9.300000191	36.20000076	19.66666603	-2.483333349	19.66666603	-3.333333254	1062	109	55	19.7213974	315	189	315	200	800
N/A	N/A	Pe_16S00396	Pseudacris crucifer	5/8/24	Pennsylvania	Tuttle Pond	N/A	NA	Adult	N/A	N/A	N/A		150	115	1.50E+05	11500	0.076666667	278	260	10	100	4	1.11E+06	1.04E+06	0.935251799	0.064748201	25017	58727	68909	54126	27595	36769	40507	49874	0.812186711	4.15E+05	9.45E+06	1.06E+06	3.64E+06	1	TRUE	3902.546143	NA	99540.95588	-83816.35225	99540.95588	0	15.3	41.69171	-80.50082	8.524999619	10.9333334	30.20257759	935.7143555	26.89999962	-9.300000191	36.20000076	19.66666603	-2.483333349	19.66666603	-3.333333254	1062	109	55	19.7213974	315	189	315	200	800
N/A	N/A	Pe_16S00343	Pseudacris crucifer	3/16/24	Pennsylvania	Phelps Pond	N/A	NA	Adult	N/A	N/A	N/A		154	61	1.54E+05	6100	0.03961039	297	337	10	100	4	1.19E+06	1.35E+06	1.134680135	-0.134680135	22132	69836	63113	78901	39276	30445	41507	59727.33333	0.694941456	4.12E+05	9.48E+06	1.32E+06	3.74E+06	1	TRUE	4.712893963	NA	135766.4461	-83816.7833	135766.4461	0	7.7	41.69128	-80.51248	8.620833397	10.90833378	30.05050468	935.9450073	27	-9.300000191	36.29999924	19.76666641	-2.400000095	19.76666641	-3.233333349	1054	108	55	19.77835846	313	188	313	198	1230
N/A	N/A	Pe_16S00401	Pseudacris crucifer	5/8/24	Pennsylvania	Tuttle Pond	N/A	NA	Adult	N/A	N/A	N/A		163	87	1.63E+05	8700	0.053374233	290	345	10	100	4	1.16E+06	1.38E+06	1.189655172	-0.189655172	26968	30522	28889	24846	60376	48256	38744.33333	34541.33333	1.121680306	8.91E+05	9.44E+06	9.45E+06	6.59E+06	1	TRUE	5.264391422	NA	43170.85784	-83815.21441	43170.85784	0	13.7	41.69171	-80.50082	8.524999619	10.9333334	30.20257759	935.7143555	26.89999962	-9.300000191	36.20000076	19.66666603	-2.483333349	19.66666603	-3.333333254	1062	109	55	19.7213974	315	189	315	200	800
N/A	N/A	Pe_16S00527	Pseudacris crucifer	6/18/24	Pennsylvania	Tyron Weber	N/A	NA	Adult	N/A	N/A	N/A		203	78	2.03E+05	7800	0.038423645	289	370	10	100	4	1.16E+06	1.48E+06	1.280276817	-0.280276817	47168	56043	60904	46322	85556	38760	64542.66667	47041.66667	1.372031887	5.43E+05	9.28E+06	6.27E+06	5.36E+06	1	FALSE	0	NA	89127.96569	-83814.294	89127.96569	0	18.7	41.59313	-80.35629	8.558333397	11.25	30.99173546	928.5028076	27	-9.300000191	36.29999924	19.63333321	-2.316666842	19.63333321	-3.233333349	1078	113	57	19.97618866	325	194	325	202	800
N/A	N/A	Pe_16S00417	Pseudacris crucifer	5/14/24	Pennsylvania	RV Pond	N/A	NA	Adult	N/A	N/A	N/A		208	51	2.08E+05	5100	0.024519231	288	372	10	100	4	1.15E+06	1.49E+06	1.291666667	-0.291666667	26473	31088	92118	61676	33102	39946	50564.33333	44236.66667	1.143041218	2.64E+05	9.48E+06	6.12E+06	5.29E+06	1	FALSE	0	NA	78815.46569	-83815.13588	78815.46569	0	14.9	41.63888	-80.49512	8.8125	10.74166679	29.51007271	941.782959	27.20000076	-9.199999809	36.40000153	20.03333282	-2.283333302	20.03333282	-3.066666603	1045	108	54	19.86804199	311	186	311	196	800
N/A	N/A	2022-05-12-rv-pscr15	Pseudacris crucifer	5/12/22	Pennsylvania	RV Pond	N/A	NA	Adult	N/A	N/A	N/A		208	56	2.08E+05	5600	0.026923077	288	382	10	100	4	1.15E+06	1.53E+06	1.326388889	-0.326388889	34762	76416	40149	76637	76412	18698	50441	57250.33333	0.881060372	7.98E+05	9.56E+06	2.10E+06	4.15E+06	1	TRUE	119899.8926	NA	126659.8284	-83816.09904	126659.8284	0	NA	41.63888	-80.49512	8.8125	10.74166679	29.51007271	941.782959	27.20000076	-9.199999809	36.40000153	20.03333282	-2.283333302	20.03333282	-3.066666603	1045	108	54	19.86804199	311	186	311	196	800
N/A	N/A	Pe_16S00345	Pseudacris crucifer	3/16/24	Pennsylvania	Phelps Pond	N/A	NA	Adult	N/A	N/A	N/A		208	14	2.08E+05	1400	0.006730769	285	379	10	100	4	1.14E+06	1.52E+06	1.329824561	-0.329824561	74552	78076	69510	44378	24602	59427	56221.33333	60627	0.927331607	8.32E+05	9.59E+06	3.04E+05	3.57E+06	1	FALSE	0	NA	139074.0441	-83815.92893	139074.0441	0	7.9	41.69128	-80.51248	8.620833397	10.90833378	30.05050468	935.9450073	27	-9.300000191	36.29999924	19.76666641	-2.400000095	19.76666641	-3.233333349	1054	108	55	19.77835846	313	188	313	198	1230
N/A	N/A	KMMB0155	Pseudacris regilla	8/2/23	California	73022	N/A	day	Adult	N/A	N/A	N/A		213	438	2.13E+05	43800	0.205633803	158	288	10	100	4	6.32E+05	1.15E+06	1.82278481	-0.82278481	61687	41395	40628	40669	88817	52227	63710.66667	44763.66667	1.423267382	4.01E+05	9.57E+05	7.14E+05	6.91E+05	1	TRUE	814.4836912	NA	80752.96569	-83814.10563	80752.96569	0	NA	37.4988	-118.9142	1.070833325	14.00833321	43.10256577	657.918396	19.5	-13	32.5	-6.033333302	9.100000381	10.0666666	-6.033333302	576	97	15	62.93828964	257	51	61	257	2957
N/A	N/A	KMMB0164	Pseudacris regilla	8/5/23	California	77777_e	N/A	day	Adult	N/A	N/A	N/A		414	72	4.14E+05	7200	0.017391304	175	364	10	100	4	7.00E+05	1.46E+06	2.08	-1.08	60113	79631	69396	24888	27696	48670	52401.66667	51063	1.026215982	6.91E+05	9.44E+06	5.90E+05	3.58E+06	1	TRUE	1667.919652	NA	103912.2794	-83815.56538	103912.2794	0	NA	37.9525	-119.306	-0.350000024	13.76666641	43.56540298	630.5444946	17.89999962	-13.69999981	31.59999847	-5.183333397	7.133333206	8.449999809	-6.733333111	804	132	21	62.85953522	360	71	81	339	2970
N/A	N/A	KMMB0166	Pseudacris regilla	8/5/23	California	77777_e	N/A	day	Adult	N/A	N/A	N/A		105	73	1.05E+05	7300	0.06952381	120	357	10	100	4	4.80E+05	1.43E+06	2.975	-1.975	63683	45404	68595	36151	83842	71313	72040	50956	1.413768742	2.63E+05	9.37E+05	5.67E+05	5.89E+05	1	TRUE	3393.14175	NA	103518.8971	-83814.14056	103518.8971	0	NA	37.9525	-119.306	-0.350000024	13.76666641	43.56540298	630.5444946	17.89999962	-13.69999981	31.59999847	-5.183333397	7.133333206	8.449999809	-6.733333111	804	132	21	62.85953522	360	71	81	339	2970
N/A	N/A	KMMB0153	Pseudacris regilla	8/2/23	California	73022	N/A	day	Adult	N/A	N/A	N/A		388	79	3.88E+05	7900	0.020360825	280	278	10	100	4	1.12E+06	1.11E+06	0.992857143	0.007142857	52436	75310	46568	55776	21304	42562	40102.66667	57882.66667	0.692826868	2.23E+05	9.21E+06	1.97E+05	3.21E+06	1	TRUE	5281.947612	NA	128984.5833	-83816.79108	128984.5833	0	NA	37.4988	-118.9142	1.070833325	14.00833321	43.10256577	657.918396	19.5	-13	32.5	-6.033333302	9.100000381	10.0666666	-6.033333302	576	97	15	62.93828964	257	51	61	257	2957
N/A	N/A	KMMB0156	Pseudacris regilla	8/2/23	California	73022	N/A	day	Adult	N/A	N/A	N/A		433	68	4.33E+05	6800	0.015704388	242	308	10	100	4	9.68E+05	1.23E+06	1.272727273	-0.272727273	44867	33453	74337	85445	84106	62863	67770	60587	1.118556786	4.89E+05	9.24E+06	5.30E+05	3.42E+06	1	TRUE	6292.368378	NA	138926.9853	-83815.22589	138926.9853	0	NA	37.4988	-118.9142	1.070833325	14.00833321	43.10256577	657.918396	19.5	-13	32.5	-6.033333302	9.100000381	10.0666666	-6.033333302	576	97	15	62.93828964	257	51	61	257	2957
N/A	N/A	KMMB0154	Pseudacris regilla	8/2/23	California	73022	N/A	day	Adult	N/A	N/A	N/A		168	101	1.68E+05	10100	0.060119048	224	238	10	100	4	8.96E+05	9.52E+05	1.0625	-0.0625	27008	39896	70965	52227	56229	43381	51400.66667	45168	1.137988546	4.61E+05	9.27E+05	5.28E+05	6.39E+05	1	TRUE	31669.34001	NA	82239.48529	-83815.15445	82239.48529	0	NA	37.4988	-118.9142	1.070833325	14.00833321	43.10256577	657.918396	19.5	-13	32.5	-6.033333302	9.100000381	10.0666666	-6.033333302	576	97	15	62.93828964	257	51	61	257	2957
N/A	N/A	KMMB0157	Pseudacris regilla	8/2/23	California	73022	N/A	day	Adult	N/A	N/A	N/A		425	18	4.25E+05	1800	0.004235294	248	320	10	100	4	9.92E+05	1.28E+06	1.290322581	-0.290322581	53906	85700	28179	85526	33304	85025	38463	85417	0.450296779	1.85E+05	9.63E+06	6.44E+05	3.49E+06	1	TRUE	58229.63363	NA	230213.75	-83817.68273	230213.75	0	NA	37.4988	-118.9142	1.070833325	14.00833321	43.10256577	657.918396	19.5	-13	32.5	-6.033333302	9.100000381	10.0666666	-6.033333302	576	97	15	62.93828964	257	51	61	257	2957
N/A	N/A	KMMB0160	Pseudacris regilla	8/2/23	California	73022	N/A	day	Adult	N/A	N/A	N/A		479	25	4.79E+05	2500	0.005219207	250	289	10	100	4	1.00E+06	1.16E+06	1.156	-0.156	67938	69711	21108	22891	49560	37499	46202	43367	1.065372288	4.50E+05	9.33E+06	4.58E+05	3.41E+06	1	TRUE	86066.48024	NA	75618.16176	-83815.42143	75618.16176	0	NA	37.4988	-118.9142	1.070833325	14.00833321	43.10256577	657.918396	19.5	-13	32.5	-6.033333302	9.100000381	10.0666666	-6.033333302	576	97	15	62.93828964	257	51	61	257	2957
N/A	N/A	KMMB0165	Pseudacris regilla	8/5/23	California	77777_e	N/A	day	Adult	N/A	N/A	N/A		156	74	1.56E+05	7400	0.047435897	175	344	10	100	4	7.00E+05	1.38E+06	1.965714286	-0.965714286	73713	30224	79288	18855	85705	80111	79568.66667	43063.33333	1.847712671	9.07E+05	9.24E+05	5.44E+05	7.92E+05	1	TRUE	151714.3782	NA	74501.7402	-83812.54517	74501.7402	0	NA	37.9525	-119.306	-0.350000024	13.76666641	43.56540298	630.5444946	17.89999962	-13.69999981	31.59999847	-5.183333397	7.133333206	8.449999809	-6.733333111	804	132	21	62.85953522	360	71	81	339	2970
N/A	N/A	KMMB0163	Pseudacris regilla	8/5/23	California	77777_e	N/A	day	Adult	N/A	N/A	N/A		111	118	1.11E+05	11800	0.106306306	156	361	10	100	4	6.24E+05	1.44E+06	2.314102564	-1.314102564	22569	20209	91755	50806	45103	65954	53142.33333	45656.33333	1.163964109	2.42E+05	5.92E+05	7.25E+05	5.20E+05	1	TRUE	424049.9427	NA	84034.82843	-83815.05896	84034.82843	0	NA	37.9525	-119.306	-0.350000024	13.76666641	43.56540298	630.5444946	17.89999962	-13.69999981	31.59999847	-5.183333397	7.133333206	8.449999809	-6.733333111	804	132	21	62.85953522	360	71	81	339	2970
PA149	BacSwab00241	BacSwab00241	Rana catesbeiana	6/4/22	Pennsylvania	Tuttle Pond	N/A	NA	Adult	Female	46.5	11.1		100	100	1.00E+05	10000	0.1	290	253	10	100	4	1.16E+06	1.01E+06	0.872413793	0.127586207	20569	20364	20364	20161	21598	21383	20843.66667	20636	1.01006332	1.28E+06	1.33E+06	1.16E+06	1.26E+06	1	FALSE	0	NA	-7951.691176	-83815.62477	0	0	23.4	41.69171	-80.50082	8.524999619	10.9333334	30.20257759	935.7143555	26.89999962	-9.300000191	36.20000076	19.66666603	-2.483333349	19.66666603	-3.333333254	1062	109	55	19.7213974	315	189	315	200	800
PA195	BacSwab00256	BacSwab00256	Rana catesbeiana	5/12/22	Pennsylvania	RV Pond	N/A	NA	Adult	Female	48.4	14.1		220	110	2.20E+05	11000	0.05	291	258	10	100	4	1.16E+06	1.03E+06	0.886597938	0.113402062	22689	22463	22463	22239	23824	23587	22992	22763	1.010060185	1.28E+06	1.14E+06	1.31E+06	1.24E+06	1	FALSE	0	NA	-131.8382353	-83815.62478	0	0	22.7	41.69171	-80.50082	8.524999619	10.9333334	30.20257759	935.7143555	26.89999962	-9.300000191	36.20000076	19.66666603	-2.483333349	19.66666603	-3.333333254	1062	109	55	19.7213974	315	189	315	200	1165
PA200	BacSwab00261	BacSwab00261	Rana catesbeiana	5/12/22	Pennsylvania	RV Pond	N/A	NA	Juvenile	Unknown	40.2	6.3		220	300	2.20E+05	30000	0.136363636	291	227	10	100	4	1.16E+06	9.08E+05	0.780068729	0.219931271	22144	21923	21923	21704	23252	23020	22439.66667	22215.66667	1.010082974	1.15E+06	1.22E+06	1.07E+06	1.15E+06	1	FALSE	0	NA	-2144.093137	-83815.62469	0	0	24.6	41.63888	-80.49512	8.8125	10.74166679	29.51007271	941.782959	27.20000076	-9.199999809	36.40000153	20.03333282	-2.283333302	20.03333282	-3.066666603	1045	108	54	19.86804199	311	186	311	196	800
PA145	BacSwab00244	BacSwab00244	Rana catesbeiana	6/4/22	Pennsylvania	Tuttle Pond	N/A	NA	Adult	Female	51.2	14		172	200	1.72E+05	20000	0.11627907	292	260	10	100	4	1.17E+06	1.04E+06	0.890410959	0.109589041	22551	22326	70039	69339	23679	23443	38756.33333	38369.33333	1.01008618	1.21E+06	1.25E+06	1.24E+06	1.23E+06	1	FALSE	0	NA	57244.38725	-83815.62468	57244.38725	0	NA	41.69171	-80.50082	8.524999619	10.9333334	30.20257759	935.7143555	26.89999962	-9.300000191	36.20000076	19.66666603	-2.483333349	19.66666603	-3.333333254	1062	109	55	19.7213974	315	189	315	200	800
PA1182	BacSwab00218	BacSwab00218	Rana catesbeiana	5/27/22	Pennsylvania	Tuttle Pond	N/A	NA	Adult	Female	47	11.5		120	160	1.20E+05	16000	0.133333333	293	231	10	100	4	1.17E+06	9.24E+05	0.788395904	0.211604096	20413	20209	48153	47672	21434	21220	30000	29700.33333	1.010089674	1.11E+06	1.31E+06	1.18E+06	1.20E+06	1	FALSE	0	NA	25373.06373	-83815.62467	25373.06373	0	18.6	41.64305	-80.4301	8.75	10.80000019	29.67033005	943.3282471	27.20000076	-9.199999809	36.40000153	20.01666641	-2.349999905	20.01666641	-3.133333206	1056	109	55	19.73647499	315	189	315	199	185
PA18	BacSwab00136	BacSwab00136	Rana catesbeiana	7/12/22	Pennsylvania	Vorisek Pond	N/A	NA	Juvenile	Unknown	49.1	14.3		170	50	1.70E+05	5000	0.029411765	293	270	10	100	4	1.17E+06	1.08E+06	0.921501706	0.078498294	21402	21188	21188	20977	22473	22248	21687.66667	21471	1.010091131	9.99E+05	1.31E+06	1.12E+06	1.14E+06	1	TRUE	81.05724335	1070.19	-4881.838235	-83815.62466	0	0	NA	41.69171	-80.50082	8.524999619	10.9333334	30.20257759	935.7143555	26.89999962	-9.300000191	36.20000076	19.66666603	-2.483333349	19.66666603	-3.333333254	1062	109	55	19.7213974	315	189	315	200	180
PA202	BacSwab00263	BacSwab00263	Rana catesbeiana	5/12/22	Pennsylvania	RV Pond	N/A	NA	Juvenile	Unknown	33	3.8		140	200	1.40E+05	20000	0.142857143	294	227	10	100	4	1.18E+06	9.08E+05	0.772108844	0.227891156	23464	23230	23230	22998	24638	24392	23777.33333	23540	1.01008213	1.24E+06	1.28E+06	1.01E+06	1.18E+06	1	FALSE	0	NA	2724.779412	-83815.6247	2724.779412	0	12.8	41.63888	-80.49512	8.8125	10.74166679	29.51007271	941.782959	27.20000076	-9.199999809	36.40000153	20.03333282	-2.283333302	20.03333282	-3.066666603	1045	108	54	19.86804199	311	186	311	196	800
PA15	BacSwab00133	BacSwab00133	Rana catesbeiana	7/12/22	Pennsylvania	Vorisek Pond	N/A	NA	Adult	Female	96.4	103.5		110	100	1.10E+05	10000	0.090909091	295	275	10	100	4	1.18E+06	1.10E+06	0.93220339	0.06779661	24660	24414	24414	24170	25893	25635	24989	24739.66667	1.010078282	1.23E+06	1.34E+06	1.28E+06	1.28E+06	1	TRUE	320.0453568	NA	7135.318627	-83815.62471	7135.318627	0	19.5	41.69171	-80.50082	8.524999619	10.9333334	30.20257759	935.7143555	26.89999962	-9.300000191	36.20000076	19.66666603	-2.483333349	19.66666603	-3.333333254	1062	109	55	19.7213974	315	189	315	200	180
PA151	BacSwab00212	BacSwab00212	Rana catesbeiana	5/26/22	Pennsylvania	Tuttle Pond	N/A	NA	Adult	Female	52.7	14.8		140	400	1.40E+05	40000	0.285714286	295	248	10	100	4	1.18E+06	9.92E+05	0.840677966	0.159322034	24321	24078	24078	23838	25538	25282	24645.66667	24399.33333	1.010095904	1.32E+06	1.21E+06	1.09E+06	1.21E+06	1	FALSE	0	NA	5884.093137	-83815.62465	5884.093137	0	22.9	41.71212	-80.38903	8.445833206	10.92500019	30.2631588	931.9516602	26.79999924	-9.300000191	36.09999847	19.58333206	-2.450000048	19.58333206	-3.383333445	1086	111	58	19.02963638	321	197	321	207	330
PA148	BacSwab00247	BacSwab00247	Rana catesbeiana	6/4/22	Pennsylvania	Tuttle Pond	N/A	NA	Adult	Female	49.5	12		190	300	1.90E+05	30000	0.157894737	295	244	10	100	4	1.18E+06	9.76E+05	0.827118644	0.172881356	21046	20836	20836	20628	22099	21878	21327	21114	1.010088093	1.16E+06	1.01E+06	1.25E+06	1.14E+06	1	FALSE	0	NA	-6194.338235	-83815.62468	0	0	NA	41.69171	-80.50082	8.524999619	10.9333334	30.20257759	935.7143555	26.89999962	-9.300000191	36.20000076	19.66666603	-2.483333349	19.66666603	-3.333333254	1062	109	55	19.7213974	315	189	315	200	800
PA126	BacSwab00226	BacSwab00226	Rana catesbeiana	5/27/22	Pennsylvania	Tuttle Pond	N/A	NA	Juvenile	Unknown	49.8	11		104	200	1.04E+05	20000	0.192307692	296	249	10	100	4	1.18E+06	9.96E+05	0.841216216	0.158783784	20909	20700	37262	36890	21955	21735	26708.66667	26441.66667	1.010097699	1.13E+06	1.23E+06	1.13E+06	1.16E+06	1	FALSE	0	NA	13392.67157	-83815.62464	13392.67157	0	17.8	41.64305	-80.4301	8.75	10.80000019	29.67033005	943.3282471	27.20000076	-9.199999809	36.40000153	20.01666641	-2.349999905	20.01666641	-3.133333206	1056	109	55	19.73647499	315	189	315	199	185
PA201	BacSwab00262	BacSwab00262	Rana catesbeiana	5/12/22	Pennsylvania	RV Pond	N/A	NA	Juvenile	Unknown	40.8	3.9		190	500	1.90E+05	50000	0.263157895	297	270	10	100	4	1.19E+06	1.08E+06	0.909090909	0.090909091	21804	21586	21586	21371	22895	22666	22095	21874.33333	1.010087926	1.09E+06	1.05E+06	1.12E+06	1.09E+06	1	TRUE	59.92012978	NA	-3398.995098	-83815.62468	0	0	22.3	41.63888	-80.49512	8.8125	10.74166679	29.51007271	941.782959	27.20000076	-9.199999809	36.40000153	20.03333282	-2.283333302	20.03333282	-3.066666603	1045	108	54	19.86804199	311	186	311	196	800
PA108	BacSwab00208	BacSwab00208	Rana catesbeiana	5/26/22	Pennsylvania	Tuttle Pond	N/A	NA	Adult	Female	58.4	18.3		234	210	2.34E+05	21000	0.08974359	298	238	10	100	4	1.19E+06	9.52E+05	0.798657718	0.201342282	20923	20714	47700	47223	21970	21750	30197.66667	29895.66667	1.010101798	1.15E+06	1.04E+06	1.12E+06	1.10E+06	1	FALSE	0	NA	26091.20098	-83815.62463	26091.20098	0	17.1	41.71212	-80.38903	8.445833206	10.92500019	30.2631588	931.9516602	26.79999924	-9.300000191	36.09999847	19.58333206	-2.450000048	19.58333206	-3.383333445	1086	111	58	19.02963638	321	197	321	207	330
PA129	BacSwab00229	BacSwab00229	Rana catesbeiana	6/3/22	Pennsylvania	Tuttle Pond	N/A	NA	Juvenile	Unknown	38.6	7.8		133	40	1.33E+05	4000	0.030075188	298	240	10	100	4	1.19E+06	9.60E+05	0.805369128	0.194630872	21094	20884	46606	46140	22149	21929	29949.66667	29651	1.010072735	1.29E+06	1.21E+06	1.07E+06	1.19E+06	1	FALSE	0	NA	25191.69118	-83815.62473	25191.69118	0	NA	41.64305	-80.4301	8.75	10.80000019	29.67033005	943.3282471	27.20000076	-9.199999809	36.40000153	20.01666641	-2.349999905	20.01666641	-3.133333206	1056	109	55	19.73647499	315	189	315	199	185
PA12	BacSwab00130	BacSwab00130	Rana catesbeiana	7/12/22	Pennsylvania	Vorisek Pond	N/A	NA	Juvenile	Unknown	60.2	17.5		111	180	1.11E+05	18000	0.162162162	300	243	10	100	4	1.20E+06	9.72E+05	0.81	0.19	19507	19312	43674	43238	20483	20278	27888	27609.33333	1.010093205	1.21E+06	1.14E+06	1.22E+06	1.19E+06	1	FALSE	0	NA	17685.56373	-83815.62466	17685.56373	0	22.5	41.69171	-80.50082	8.524999619	10.9333334	30.20257759	935.7143555	26.89999962	-9.300000191	36.20000076	19.66666603	-2.483333349	19.66666603	-3.333333254	1062	109	55	19.7213974	315	189	315	200	180
PA128	BacSwab00228	BacSwab00228	Rana catesbeiana	6/3/22	Pennsylvania	Tuttle Pond	N/A	NA	Adult	Female	50.6	15.2		123	140	1.23E+05	14000	0.113821138	300	261	10	100	4	1.20E+06	1.04E+06	0.87	0.13	20708	20501	48609	48123	21744	21527	30353.66667	30050.33333	1.010094175	1.09E+06	1.16E+06	1.38E+06	1.21E+06	1	FALSE	0	NA	26659.82843	-83815.62465	26659.82843	0	NA	41.64305	-80.4301	8.75	10.80000019	29.67033005	943.3282471	27.20000076	-9.199999809	36.40000153	20.01666641	-2.349999905	20.01666641	-3.133333206	1056	109	55	19.73647499	315	189	315	199	185
PA144	BacSwab00243	BacSwab00243	Rana catesbeiana	6/4/22	Pennsylvania	Tuttle Pond	N/A	NA	Adult	Female	53	13		242	300	2.42E+05	30000	0.123966942	303	242	10	100	4	1.21E+06	9.68E+05	0.798679868	0.201320132	21688	21472	61538	60923	22773	22546	35333	34980.33333	1.010081856	1.26E+06	1.34E+06	1.39E+06	1.33E+06	1	FALSE	0	NA	44784.82843	-83815.6247	44784.82843	0	20	41.69171	-80.50082	8.524999619	10.9333334	30.20257759	935.7143555	26.89999962	-9.300000191	36.20000076	19.66666603	-2.483333349	19.66666603	-3.333333254	1062	109	55	19.7213974	315	189	315	200	800
PA119	BacSwab00204	BacSwab00204	Rana catesbeiana	5/26/22	Pennsylvania	Tuttle Pond	N/A	NA	Adult	Female	43.9	8.8		104	170	1.04E+05	17000	0.163461538	305	269	10	100	4	1.22E+06	1.08E+06	0.881967213	0.118032787	19849	19651	46399	45936	20842	20634	29030	28740.33333	1.010078751	1.06E+06	1.15E+06	1.30E+06	1.17E+06	1	FALSE	0	NA	21843.65196	-83815.62471	21843.65196	0	18.7	41.71212	-80.38903	8.445833206	10.92500019	30.2631588	931.9516602	26.79999924	-9.300000191	36.09999847	19.58333206	-2.450000048	19.58333206	-3.383333445	1086	111	58	19.02963638	321	197	321	207	330
PA225	BacSwab00277	BacSwab00277	Rana catesbeiana	6/14/22	Pennsylvania	Tuttle Pond	N/A	NA	Juvenile	Unknown	40.3	10.1		145	315	1.45E+05	31500	0.217241379	305	277	10	100	4	1.22E+06	1.11E+06	0.908196721	0.091803279	42952	42523	42523	42098	45100	44650	43525	43090.33333	1.010087336	1.14E+06	1.25E+06	1.32E+06	1.24E+06	1	TRUE	109.712019	NA	74601.0049	-83815.62468	74601.0049	0	25.3	41.63888	-80.49512	8.8125	10.74166679	29.51007271	941.782959	27.20000076	-9.199999809	36.40000153	20.03333282	-2.283333302	20.03333282	-3.066666603	1045	108	54	19.86804199	311	186	311	196	185
PA37	BacSwab00147	BacSwab00147	Rana catesbeiana	7/12/22	Pennsylvania	Vorisek Pond	N/A	NA	Juvenile	Unknown	50.9	14.2		147	420	1.47E+05	42000	0.285714286	306	271	10	100	4	1.22E+06	1.08E+06	0.885620915	0.114379085	82678	81852	81852	81034	86812	85945	83780.66667	82943.66667	1.010091186	1.09E+06	1.25E+06	1.37E+06	1.24E+06	1	TRUE	608.9140701	NA	221120.6127	-83815.62466	221120.6127	0	17.6	41.59313	-80.35629	8.558333397	11.25	30.99173546	928.5028076	27	-9.300000191	36.29999924	19.63333321	-2.316666842	19.63333321	-3.233333349	1078	113	57	19.97618866	325	194	325	202	180
PA17	BacSwab00135	BacSwab00135	Rana catesbeiana	7/12/22	Pennsylvania	Vorisek Pond	N/A	NA	Adult	Female	84.3	60.9		150	100	1.50E+05	10000	0.066666667	306	289	10	100	4	1.22E+06	1.16E+06	0.944444444	0.055555556	21498	21284	21284	21072	22573	22349	21785	21568.33333	1.010045592	1.39E+06	1.34E+06	1.39E+06	1.37E+06	1	TRUE	933.5144806	NA	-4523.995098	-83815.62483	0	0	20	41.69171	-80.50082	8.524999619	10.9333334	30.20257759	935.7143555	26.89999962	-9.300000191	36.20000076	19.66666603	-2.483333349	19.66666603	-3.333333254	1062	109	55	19.7213974	315	189	315	200	180
PA41	BacSwab00151	BacSwab00151	Rana catesbeiana	5/4/22	Pennsylvania	RV Pond	N/A	NA	Juvenile	Unknown	43	9.7		105	84	1.05E+05	8400	0.08	306	286	10	100	4	1.22E+06	1.14E+06	0.934640523	0.065359477	58600	58014	58014	57434	61530	60915	59381.33333	58787.66667	1.01009849	1.11E+06	1.32E+06	1.17E+06	1.20E+06	1	TRUE	2834.627686	NA	132311.7892	-83815.62464	132311.7892	0	20.8	41.59313	-80.35629	8.558333397	11.25	30.99173546	928.5028076	27	-9.300000191	36.29999924	19.63333321	-2.316666842	19.63333321	-3.233333349	1078	113	57	19.97618866	325	194	325	202	185
PA135	BacSwab00232	BacSwab00232	Rana catesbeiana	6/3/22	Pennsylvania	Tuttle Pond	N/A	NA	Juvenile	Unknown	50.1	14		145	200	1.45E+05	20000	0.137931034	306	248	10	100	4	1.22E+06	9.92E+05	0.810457516	0.189542484	21437	21223	96656	95690	22509	22285	46867.33333	46399.33333	1.010086352	1.28E+06	1.20E+06	1.12E+06	1.20E+06	1	FALSE	0	NA	86766.44608	-83815.62468	86766.44608	0	NA	41.64305	-80.4301	8.75	10.80000019	29.67033005	943.3282471	27.20000076	-9.199999809	36.40000153	20.01666641	-2.349999905	20.01666641	-3.133333206	1056	109	55	19.73647499	315	189	315	199	185
PA110	BacSwab00210	BacSwab00210	Rana catesbeiana	5/26/22	Pennsylvania	Tuttle Pond	N/A	NA	Adult	Female	51.9	15.3		273	130	2.73E+05	13000	0.047619048	307	299	10	100	4	1.23E+06	1.20E+06	0.973941368	0.026058632	22863	22635	43858	43420	24007	23767	30242.66667	29940.66667	1.010086616	1.16E+06	1.35E+06	1.40E+06	1.30E+06	1	TRUE	3174.319458	NA	26256.64216	-83815.62468	26256.64216	0	17.9	41.71212	-80.38903	8.445833206	10.92500019	30.2631588	931.9516602	26.79999924	-9.300000191	36.09999847	19.58333206	-2.450000048	19.58333206	-3.383333445	1086	111	58	19.02963638	321	197	321	207	330
PA22	BacSwab00140	BacSwab00140	Rana catesbeiana	7/12/22	Pennsylvania	Vorisek Pond	N/A	NA	Adult	Male	108.1	129.4		148	210	1.48E+05	21000	0.141891892	307	273	10	100	4	1.23E+06	1.09E+06	0.889250814	0.110749186	20533	20328	20328	20125	21560	21345	20807	20599.33333	1.010081232	1.16E+06	1.34E+06	1.37E+06	1.29E+06	1	TRUE	214.1292572	6606.05	-8086.495098	-83815.6247	0	0	NA	41.69171	-80.50082	8.524999619	10.9333334	30.20257759	935.7143555	26.89999962	-9.300000191	36.20000076	19.66666603	-2.483333349	19.66666603	-3.333333254	1062	109	55	19.7213974	315	189	315	200	180
PA150	BacSwab00249	BacSwab00249	Rana catesbeiana	6/4/22	Pennsylvania	Tuttle Pond	N/A	NA	Adult	Female	43.6	6.7		110	200	1.10E+05	20000	0.181818182	308	244	10	100	4	1.23E+06	9.76E+05	0.792207792	0.207792208	24990	24741	24741	24494	26240	25979	25323.66667	25071.33333	1.010064616	1.33E+06	1.32E+06	1.35E+06	1.33E+06	1	FALSE	0	NA	8354.681373	-83815.62476	8354.681373	0	23.4	41.69171	-80.50082	8.524999619	10.9333334	30.20257759	935.7143555	26.89999962	-9.300000191	36.20000076	19.66666603	-2.483333349	19.66666603	-3.333333254	1062	109	55	19.7213974	315	189	315	200	800
PA26	BacSwab00144	BacSwab00144	Rana catesbeiana	7/12/22	Pennsylvania	Vorisek Pond	N/A	NA	Juvenile	Unknown	53.6	17.8		410	525	4.10E+05	52500	0.12804878	308	273	10	100	4	1.23E+06	1.09E+06	0.886363636	0.113636364	75881	75123	75123	74372	79676	78880	76893.33333	76125	1.010093049	1.18E+06	1.41E+06	1.32E+06	1.30E+06	NA	NA	NA	NA	196051.9853	-83815.62466	196051.9853	0	NA	41.69171	-80.50082	8.524999619	10.9333334	30.20257759	935.7143555	26.89999962	-9.300000191	36.20000076	19.66666603	-2.483333349	19.66666603	-3.333333254	1062	109	55	19.7213974	315	189	315	200	180
PA127	BacSwab00227	BacSwab00227	Rana catesbeiana	5/28/22	Pennsylvania	Tuttle Pond	N/A	NA	Adult	Female	50.5	16.2		173	210	1.73E+05	21000	0.121387283	309	251	10	100	4	1.24E+06	1.00E+06	0.812297735	0.187702265	20809	20601	47659	47183	21850	21632	30106	29805.33333	1.01008768	1.10E+06	1.30E+06	1.11E+06	1.17E+06	1	FALSE	0	NA	25759.09314	-83815.62468	25759.09314	0	18.2	41.64305	-80.4301	8.75	10.80000019	29.67033005	943.3282471	27.20000076	-9.199999809	36.40000153	20.01666641	-2.349999905	20.01666641	-3.133333206	1056	109	55	19.73647499	315	189	315	199	185
PA43	BacSwab00153	BacSwab00153	Rana catesbeiana	5/4/22	Pennsylvania	RV Pond	N/A	NA	Adult	Female	98.5	123.4		116	126	1.16E+05	12600	0.10862069	309	239	10	100	4	1.24E+06	9.56E+05	0.773462783	0.226537217	75758	75001	75001	74251	79546	78752	76768.33333	76001.33333	1.010091928	1.32E+06	1.06E+06	1.36E+06	1.25E+06	1	TRUE	9277.033691	NA	195597.3284	-83815.62466	195597.3284	0	20.6	41.59313	-80.35629	8.558333397	11.25	30.99173546	928.5028076	27	-9.300000191	36.29999924	19.63333321	-2.316666842	19.63333321	-3.233333349	1078	113	57	19.97618866	325	194	325	202	185
PA239	BacSwab00303	BacSwab00303	Rana catesbeiana	5/18/22	Pennsylvania	RV Pond	N/A	NA	Juvenile	Unknown	33.2	4		153	630	1.53E+05	63000	0.411764706	310	261	10	100	4	1.24E+06	1.04E+06	0.841935484	0.158064516	42143	41722	41722	41305	44251	43809	42705.33333	42278.66667	1.010091772	1.34E+06	1.11E+06	1.19E+06	1.21E+06	1	FALSE	0	NA	71616.93627	-83815.62466	71616.93627	0	20.4	41.63888	-80.49512	8.8125	10.74166679	29.51007271	941.782959	27.20000076	-9.199999809	36.40000153	20.03333282	-2.283333302	20.03333282	-3.066666603	1045	108	54	19.86804199	311	186	311	196	800
PA224	BacSwab00304	BacSwab00304	Rana catesbeiana	6/14/22	Pennsylvania	Tuttle Pond	N/A	NA	Adult	Female	70.4	39.8		109	32	1.09E+05	3200	0.029357798	310	257	10	100	4	1.24E+06	1.03E+06	0.829032258	0.170967742	35962	35603	35603	35247	37761	37384	36442	36078	1.010089251	1.09E+06	1.16E+06	1.32E+06	1.19E+06	1	FALSE	0	NA	48820.36765	-83815.62467	48820.36765	0	22.1	41.63888	-80.49512	8.8125	10.74166679	29.51007271	941.782959	27.20000076	-9.199999809	36.40000153	20.03333282	-2.283333302	20.03333282	-3.066666603	1045	108	54	19.86804199	311	186	311	196	185
PA2252	BacSwab00286	BacSwab00286	Rana catesbeiana	6/14/22	Pennsylvania	Tuttle Pond	N/A	NA	Adult	Female	59.6	38.6		181	210	1.81E+05	21000	0.116022099	310	237	10	100	4	1.24E+06	9.48E+05	0.764516129	0.235483871	43431	42997	42997	42568	45603	45147	44010.33333	43570.66667	1.010090887	1.32E+06	1.23E+06	1.18E+06	1.24E+06	1	FALSE	0	NA	76366.93627	-83815.62467	76366.93627	0	24.4	41.63888	-80.49512	8.8125	10.74166679	29.51007271	941.782959	27.20000076	-9.199999809	36.40000153	20.03333282	-2.283333302	20.03333282	-3.066666603	1045	108	54	19.86804199	311	186	311	196	185
PA2042	BacSwab00265	BacSwab00265	Rana catesbeiana	6/4/22	Pennsylvania	Tuttle Pond	N/A	NA	Adult	Female	54.9	20.5		101	200	1.01E+05	20000	0.198019802	310	265	10	100	4	1.24E+06	1.06E+06	0.85483871	0.14516129	46533	46068	46068	45608	48860	48372	47153.66667	46682.66667	1.010089398	1.15E+06	1.24E+06	1.07E+06	1.15E+06	1	FALSE	0	1221.11	87808.11275	-83815.62467	87808.11275	0	26.2	41.63888	-80.49512	8.8125	10.74166679	29.51007271	941.782959	27.20000076	-9.199999809	36.40000153	20.03333282	-2.283333302	20.03333282	-3.066666603	1045	108	54	19.86804199	311	186	311	196	185
PA13	BacSwab00224	BacSwab00224	Rana catesbeiana	5/27/22	Pennsylvania	Tuttle Pond	N/A	NA	Juvenile	Unknown	31.7	2.9		131	50	1.31E+05	5000	0.038167939	310	274	10	100	4	1.24E+06	1.10E+06	0.883870968	0.116129032	22991	22762	41144	40733	24141	23901	29425.33333	29132	1.010069111	1.25E+06	1.19E+06	1.22E+06	1.22E+06	1	FALSE	0	NA	23283.60294	-83815.62475	23283.60294	0	NA	41.64305	-80.4301	8.75	10.80000019	29.67033005	943.3282471	27.20000076	-9.199999809	36.40000153	20.01666641	-2.349999905	20.01666641	-3.133333206	1056	109	55	19.73647499	315	189	315	199	185
PA118	BacSwab00219	BacSwab00219	Rana catesbeiana	5/27/22	Pennsylvania	Tuttle Pond	N/A	NA	Adult	Female	68.9	44.2		229	150	2.29E+05	15000	0.065502183	311	241	10	100	4	1.24E+06	9.64E+05	0.774919614	0.225080386	20894	20686	52879	52351	21939	21721	31904	31586	1.010067752	1.38E+06	1.18E+06	1.33E+06	1.30E+06	1	FALSE	0	NA	32305.66176	-83815.62475	32305.66176	0	17.6	41.64305	-80.4301	8.75	10.80000019	29.67033005	943.3282471	27.20000076	-9.199999809	36.40000153	20.01666641	-2.349999905	20.01666641	-3.133333206	1056	109	55	19.73647499	315	189	315	199	185
PA136	BacSwab00236	BacSwab00236	Rana catesbeiana	6/4/22	Pennsylvania	Tuttle Pond	N/A	NA	Adult	Female	51.2	21		102	300	1.02E+05	30000	0.294117647	311	249	10	100	4	1.24E+06	9.96E+05	0.800643087	0.199356913	21847	21629	72463	71739	22940	22711	39083.33333	38693	1.010087957	1.18E+06	1.41E+06	1.16E+06	1.25E+06	1	FALSE	0	NA	58434.33824	-83815.62468	58434.33824	0	19.7	41.69171	-80.50082	8.524999619	10.9333334	30.20257759	935.7143555	26.89999962	-9.300000191	36.20000076	19.66666603	-2.483333349	19.66666603	-3.333333254	1062	109	55	19.7213974	315	189	315	200	800
PA42	BacSwab00152	BacSwab00152	Rana catesbeiana	5/4/22	Pennsylvania	RV Pond	N/A	NA	Adult	Female	111.8	177.3		231	116	2.31E+05	11600	0.05021645	312	284	10	100	4	1.25E+06	1.14E+06	0.91025641	0.08974359	76546	75781	75781	75024	80374	79571	77567	76792	1.010092197	1.42E+06	1.23E+06	1.41E+06	1.35E+06	NA	NA	NA	NA	198504.1912	-83815.62466	198504.1912	0	19	41.59313	-80.35629	8.558333397	11.25	30.99173546	928.5028076	27	-9.300000191	36.29999924	19.63333321	-2.316666842	19.63333321	-3.233333349	1078	113	57	19.97618866	325	194	325	202	185
PA208	BacSwab00269	BacSwab00269	Rana catesbeiana	6/14/22	Pennsylvania	Tuttle Pond	N/A	NA	Adult	Female	66.6	31.9		117	189	1.17E+05	18900	0.161538462	313	252	10	100	4	1.25E+06	1.01E+06	0.805111821	0.194888179	24078	23838	23838	23600	25282	25030	24399.33333	24156	1.010073412	1.12E+06	1.20E+06	1.07E+06	1.13E+06	1	FALSE	0	800.58	4989.485294	-83815.62473	4989.485294	0	12.3	41.63888	-80.49512	8.8125	10.74166679	29.51007271	941.782959	27.20000076	-9.199999809	36.40000153	20.03333282	-2.283333302	20.03333282	-3.066666603	1045	108	54	19.86804199	311	186	311	196	185
PA146	BacSwab00245	BacSwab00245	Rana catesbeiana	6/4/22	Pennsylvania	Tuttle Pond	N/A	NA	Adult	Female	57.8	18		160	100	1.60E+05	10000	0.0625	313	249	10	100	4	1.25E+06	9.96E+05	0.795527157	0.204472843	22576	22351	75720	74963	23705	23469	40667	40261	1.010084201	1.11E+06	1.10E+06	1.35E+06	1.19E+06	1	FALSE	0	NA	64199.04412	-83815.62469	64199.04412	0	22.9	41.69171	-80.50082	8.524999619	10.9333334	30.20257759	935.7143555	26.89999962	-9.300000191	36.20000076	19.66666603	-2.483333349	19.66666603	-3.333333254	1062	109	55	19.7213974	315	189	315	200	800
PA153	BacSwab00252	BacSwab00252	Rana catesbeiana	6/4/22	Pennsylvania	Tuttle Pond	N/A	NA	Adult	Female	47.2	11.9		390	500	3.90E+05	50000	0.128205128	314	251	10	100	4	1.26E+06	1.00E+06	0.799363057	0.200636943	24727	24480	24480	24236	25964	25704	25057	24806.66667	1.010091373	1.37E+06	1.24E+06	1.36E+06	1.32E+06	1	FALSE	0	NA	7381.642157	-83815.62466	7381.642157	0	20.9	41.69171	-80.50082	8.524999619	10.9333334	30.20257759	935.7143555	26.89999962	-9.300000191	36.20000076	19.66666603	-2.483333349	19.66666603	-3.333333254	1062	109	55	19.7213974	315	189	315	200	800
PA207	BacSwab00268	BacSwab00268	Rana catesbeiana	6/7/22	Pennsylvania	Tuttle Pond	N/A	NA	Adult	Female	68.5	35.2		110	179	1.10E+05	17900	0.162727273	315	275	10	100	4	1.26E+06	1.10E+06	0.873015873	0.126984127	26308	26045	26045	25785	27624	27348	26659	26392.66667	1.010091187	1.29E+06	1.39E+06	1.30E+06	1.33E+06	1	FALSE	0	3557.29	13212.52451	-83815.62466	13212.52451	0	24.3	41.63888	-80.49512	8.8125	10.74166679	29.51007271	941.782959	27.20000076	-9.199999809	36.40000153	20.03333282	-2.283333302	20.03333282	-3.066666603	1045	108	54	19.86804199	311	186	311	196	185
PA205	BacSwab00266	BacSwab00266	Rana catesbeiana	6/7/22	Pennsylvania	Tuttle Pond	N/A	NA	Juvenile	Unknown	50.1	13.7		119	100	1.19E+05	10000	0.084033613	318	259	10	100	4	1.27E+06	1.04E+06	0.814465409	0.185534591	40809	40401	40401	39997	42850	42422	41353.33333	40940	1.010096076	1.39E+06	1.20E+06	1.12E+06	1.24E+06	1	FALSE	0	6634.32	66695.36765	-83815.62465	66695.36765	0	21.9	41.63888	-80.49512	8.8125	10.74166679	29.51007271	941.782959	27.20000076	-9.199999809	36.40000153	20.03333282	-2.283333302	20.03333282	-3.066666603	1045	108	54	19.86804199	311	186	311	196	185
PA219	BacSwab00280	BacSwab00280	Rana catesbeiana	6/14/22	Pennsylvania	Tuttle Pond	N/A	NA	Adult	Female	65.8	55.6		191	315	1.91E+05	31500	0.164921466	319	255	10	100	4	1.28E+06	1.02E+06	0.799373041	0.200626959	25172	24921	24921	24672	26431	26168	25508	25253.66667	1.010071145	1.30E+06	1.30E+06	1.33E+06	1.31E+06	1	FALSE	0	NA	9025.02451	-83815.62474	9025.02451	0	12.9	41.63888	-80.49512	8.8125	10.74166679	29.51007271	941.782959	27.20000076	-9.199999809	36.40000153	20.03333282	-2.283333302	20.03333282	-3.066666603	1045	108	54	19.86804199	311	186	311	196	185
PA113	BacSwab00212	BacSwab00213	Rana catesbeiana	5/27/22	Pennsylvania	Tuttle Pond	N/A	NA	Adult	Female	52.7	14.8		112	150	1.12E+05	15000	0.133928571	320	243	10	100	4	1.28E+06	9.72E+05	0.759375	0.240625	21651	21435	48659	48173	22734	22507	31014.66667	30705	1.01008522	1.11E+06	1.13E+06	1.26E+06	1.17E+06	1	FALSE	0	NA	29066.69118	-83815.62469	29066.69118	0	20.8	41.71212	-80.38903	8.445833206	10.92500019	30.2631588	931.9516602	26.79999924	-9.300000191	36.09999847	19.58333206	-2.450000048	19.58333206	-3.383333445	1086	111	58	19.02963638	321	197	321	207	330
PA25	BacSwab00143	BacSwab00143	Rana catesbeiana	7/12/22	Pennsylvania	Vorisek Pond	N/A	NA	Juvenile	Unknown	53	16.3		116	210	1.16E+05	21000	0.181034483	320	289	10	100	4	1.28E+06	1.16E+06	0.903125	0.096875	80780	79973	79973	79174	84819	83972	81857.33333	81039.66667	1.010089709	1.10E+06	1.29E+06	1.47E+06	1.29E+06	1	TRUE	1220.997238	NA	214120.6127	-83815.62467	214120.6127	0	21.7	41.69171	-80.50082	8.524999619	10.9333334	30.20257759	935.7143555	26.89999962	-9.300000191	36.20000076	19.66666603	-2.483333349	19.66666603	-3.333333254	1062	109	55	19.7213974	315	189	315	200	180
PA141	BacSwab00239	BacSwab00240	Rana catesbeiana	6/4/22	Pennsylvania	Tuttle Pond	N/A	NA	Juvenile	Unknown	48.2	14.9		187	30	1.87E+05	3000	0.016042781	321	253	10	100	4	1.28E+06	1.01E+06	0.788161994	0.211838006	20092	19892	80927	80118	21097	20887	40705.33333	40299	1.010082963	1.27E+06	1.23E+06	1.14E+06	1.21E+06	1	FALSE	0	NA	64338.75	-83815.62469	64338.75	0	19.5	41.69171	-80.50082	8.524999619	10.9333334	30.20257759	935.7143555	26.89999962	-9.300000191	36.20000076	19.66666603	-2.483333349	19.66666603	-3.333333254	1062	109	55	19.7213974	315	189	315	200	800
PA132	BacSwab00232	BacSwab00232a	Rana catesbeiana	6/4/22	Pennsylvania	Tuttle Pond	N/A	NA	Juvenile	Unknown	50.1	14		186	300	1.86E+05	30000	0.161290323	321	274	10	100	4	1.28E+06	1.10E+06	0.853582555	0.146417445	22665	22439	84097	83257	23799	23561	43520.33333	43085.66667	1.010088428	1.27E+06	1.23E+06	1.31E+06	1.27E+06	1	FALSE	0	NA	74583.84804	-83815.62467	74583.84804	0	22.5	41.69171	-80.50082	8.524999619	10.9333334	30.20257759	935.7143555	26.89999962	-9.300000191	36.20000076	19.66666603	-2.483333349	19.66666603	-3.333333254	1062	109	55	19.7213974	315	189	315	200	800
PA73	BacSwab00175	BacSwab00175	Rana catesbeiana	5/11/22	Pennsylvania	RV Pond	N/A	NA	Adult	Female	86	75		296	331	2.96E+05	33100	0.111824324	321	281	10	100	4	1.28E+06	1.12E+06	0.875389408	0.124610592	22387	22164	22164	21943	23507	23273	22686	22460	1.010062333	1.38E+06	1.41E+06	1.46E+06	1.42E+06	1	FALSE	0	NA	-1245.808824	-83815.62477	0	0	22.9	41.69171	-80.50082	8.524999619	10.9333334	30.20257759	935.7143555	26.89999962	-9.300000191	36.20000076	19.66666603	-2.483333349	19.66666603	-3.333333254	1062	109	55	19.7213974	315	189	315	200	1165
PA194	BacSwab00255	BacSwab00255	Rana catesbeiana	5/11/22	Pennsylvania	RV Pond	N/A	NA	Adult	Female	50.3	13.1		100	80	1.00E+05	8000	0.08	322	289	10	100	4	1.29E+06	1.16E+06	0.897515528	0.102484472	20275	20073	20073	19873	21289	21077	20545.66667	20341	1.01006178	1.38E+06	1.36E+06	1.21E+06	1.32E+06	1	TRUE	7189.741821	NA	-9036.25	-83815.62477	0	0	19.3	41.69171	-80.50082	8.524999619	10.9333334	30.20257759	935.7143555	26.89999962	-9.300000191	36.20000076	19.66666603	-2.483333349	19.66666603	-3.333333254	1062	109	55	19.7213974	315	189	315	200	1165
PA14	BacSwab00131	BacSwab00132	Rana catesbeiana	7/12/22	Pennsylvania	Vorisek Pond	N/A	NA	Adult	Female	80	54		282	50	2.82E+05	5000	0.017730496	322	239	10	100	4	1.29E+06	9.56E+05	0.742236025	0.257763975	22581	22356	87851	86973	23711	23474	44714.33333	44267.66667	1.010090134	1.42E+06	1.33E+06	1.18E+06	1.31E+06	1	FALSE	0	NA	78929.43627	-83815.62467	78929.43627	0	19.7	41.69171	-80.50082	8.524999619	10.9333334	30.20257759	935.7143555	26.89999962	-9.300000191	36.20000076	19.66666603	-2.483333349	19.66666603	-3.333333254	1062	109	55	19.7213974	315	189	315	200	180
PA86	BacSwab00188	BacSwab00188	Rana catesbeiana	5/11/22	Pennsylvania	RV Pond	N/A	NA	Adult	Female	86.7	71.5		122	221	1.22E+05	22100	0.181147541	322	285	10	100	4	1.29E+06	1.14E+06	0.885093168	0.114906832	48090	47610	47610	47134	50495	49991	48731.66667	48245	1.010087401	1.32E+06	1.32E+06	1.14E+06	1.26E+06	1	FALSE	0	NA	93551.98529	-83815.62468	93551.98529	0	19.8	41.69171	-80.50082	8.524999619	10.9333334	30.20257759	935.7143555	26.89999962	-9.300000191	36.20000076	19.66666603	-2.483333349	19.66666603	-3.333333254	1062	109	55	19.7213974	315	189	315	200	1165
PA96	BacSwab00196	BacSwab00196	Rana catesbeiana	5/26/22	Pennsylvania	Tuttle Pond	N/A	NA	Adult	Female	55.9	18.4		255	552	2.55E+05	55200	0.216470588	322	251	10	100	4	1.29E+06	1.00E+06	0.779503106	0.220496894	54606	54060	54060	53520	57337	56763	55334.33333	54781	1.010100826	1.42E+06	1.43E+06	1.11E+06	1.32E+06	1	FALSE	0	1364.55	117581.3971	-83815.62463	117581.3971	0	21.3	41.71212	-80.38903	8.445833206	10.92500019	30.2631588	931.9516602	26.79999924	-9.300000191	36.09999847	19.58333206	-2.450000048	19.58333206	-3.383333445	1086	111	58	19.02963638	321	197	321	207	330
PA198	BacSwab00259	BacSwab00259	Rana catesbeiana	5/12/22	Pennsylvania	RV Pond	N/A	NA	Juvenile	Unknown	40.6	6.4		450	140	4.50E+05	14000	0.031111111	322	268	10	100	4	1.29E+06	1.07E+06	0.832298137	0.167701863	23031	22801	22801	22573	24183	23942	23338.33333	23105.33333	1.010084252	1.48E+06	1.35E+06	1.14E+06	1.32E+06	1	FALSE	0	NA	1126.740196	-83815.62469	1126.740196	0	22.9	41.63888	-80.49512	8.8125	10.74166679	29.51007271	941.782959	27.20000076	-9.199999809	36.40000153	20.03333282	-2.283333302	20.03333282	-3.066666603	1045	108	54	19.86804199	311	186	311	196	800
PA213	BacSwab00274	BacSwab00274	Rana catesbeiana	6/14/22	Pennsylvania	Tuttle Pond	N/A	NA	Juvenile	Unknown	59.2	22.6		140	42	1.40E+05	4200	0.03	322	261	10	100	4	1.29E+06	1.04E+06	0.810559006	0.189440994	21610	21394	21394	21181	22691	22464	21898.33333	21679.66667	1.010086256	1.27E+06	1.23E+06	1.34E+06	1.28E+06	1	TRUE	1321.17157	NA	-4114.681373	-83815.62468	0	0	25	41.63888	-80.49512	8.8125	10.74166679	29.51007271	941.782959	27.20000076	-9.199999809	36.40000153	20.03333282	-2.283333302	20.03333282	-3.066666603	1045	108	54	19.86804199	311	186	311	196	185
PA68	BacSwab00170	BacSwab00170	Rana catesbeiana	5/5/22	Pennsylvania	RV Pond	N/A	NA	Adult	Female	95.4	87.3		147	45	1.47E+05	4500	0.030612245	323	287	10	100	4	1.29E+06	1.15E+06	0.888544892	0.111455108	76505	75740	75740	74983	80331	79527	77525.33333	76750	1.010102063	1.12E+06	1.12E+06	1.33E+06	1.19E+06	1	FALSE	0	NA	198349.7794	-83815.62462	198349.7794	0	NA	41.69171	-80.50082	8.524999619	10.9333334	30.20257759	935.7143555	26.89999962	-9.300000191	36.20000076	19.66666603	-2.483333349	19.66666603	-3.333333254	1062	109	55	19.7213974	315	189	315	200	1165
PA82	BacSwab00184	BacSwab00184	Rana catesbeiana	5/11/22	Pennsylvania	RV Pond	N/A	NA	Juvenile	Unknown	32.7	2.6		100	331	1.00E+05	33100	0.331	324	287	10	100	4	1.30E+06	1.15E+06	0.885802469	0.114197531	47088	46618	46618	46152	49443	48949	47716.33333	47239.66667	1.01009039	1.18E+06	1.16E+06	1.27E+06	1.20E+06	1	TRUE	622.1456909	NA	89855.90686	-83815.62467	89855.90686	0	18.8	41.69171	-80.50082	8.524999619	10.9333334	30.20257759	935.7143555	26.89999962	-9.300000191	36.20000076	19.66666603	-2.483333349	19.66666603	-3.333333254	1062	109	55	19.7213974	315	189	315	200	1165
PA196	BacSwab00257	BacSwab00257	Rana catesbeiana	5/12/22	Pennsylvania	RV Pond	N/A	NA	Adult	Female	48.6	10.3		110	120	1.10E+05	12000	0.109090909	324	255	10	100	4	1.30E+06	1.02E+06	0.787037037	0.212962963	20115	19914	19914	19715	21121	20910	20383.33333	20179.66667	1.010092668	1.13E+06	1.13E+06	1.17E+06	1.14E+06	1	FALSE	0	NA	-9629.387255	-83815.62466	0	0	19.6	41.69171	-80.50082	8.524999619	10.9333334	30.20257759	935.7143555	26.89999962	-9.300000191	36.20000076	19.66666603	-2.483333349	19.66666603	-3.333333254	1062	109	55	19.7213974	315	189	315	200	1165
PA197	BacSwab00258	BacSwab00258	Rana catesbeiana	5/12/22	Pennsylvania	RV Pond	N/A	NA	Juvenile	Unknown	43.4	8.2		110	99	1.10E+05	9900	0.09	324	254	10	100	4	1.30E+06	1.02E+06	0.783950617	0.216049383	20571	20366	20366	20163	21600	21385	20845.66667	20638	1.010062345	1.38E+06	1.49E+06	1.20E+06	1.36E+06	1	FALSE	0	NA	-7944.338235	-83815.62477	0	0	21.5	41.63888	-80.49512	8.8125	10.74166679	29.51007271	941.782959	27.20000076	-9.199999809	36.40000153	20.03333282	-2.283333302	20.03333282	-3.066666603	1045	108	54	19.86804199	311	186	311	196	800
PA19	BacSwab00137	BacSwab00137	Rana catesbeiana	7/12/22	Pennsylvania	Vorisek Pond	N/A	NA	Adult	Male	106.7	116.3		108	80	1.08E+05	8000	0.074074074	324	295	10	100	4	1.30E+06	1.18E+06	0.910493827	0.089506173	21051	20841	20841	20633	22104	21884	21332	21119.33333	1.010069762	1.43E+06	1.15E+06	1.13E+06	1.24E+06	1	TRUE	3204.071045	11577.61	-6174.730392	-83815.62474	0	0	22.9	41.69171	-80.50082	8.524999619	10.9333334	30.20257759	935.7143555	26.89999962	-9.300000191	36.20000076	19.66666603	-2.483333349	19.66666603	-3.333333254	1062	109	55	19.7213974	315	189	315	200	180
PA23	BacSwab00141	BacSwab00141	Rana catesbeiana	7/12/22	Pennsylvania	Vorisek Pond	N/A	NA	Juvenile	Unknown	55.6	16.6		163	105	1.63E+05	10500	0.064417178	324	311	10	100	4	1.30E+06	1.24E+06	0.959876543	0.040123457	41847	41429	41429	41015	43940	43501	42405.33333	41981.66667	1.010091707	1.28E+06	1.31E+06	1.42E+06	1.34E+06	1	TRUE	6557.399292	NA	70525.02451	-83815.62466	70525.02451	0	23.4	41.69171	-80.50082	8.524999619	10.9333334	30.20257759	935.7143555	26.89999962	-9.300000191	36.20000076	19.66666603	-2.483333349	19.66666603	-3.333333254	1062	109	55	19.7213974	315	189	315	200	180
PA130	BacSwab00230	BacSwab00230	Rana catesbeiana	6/3/22	Pennsylvania	Tuttle Pond	N/A	NA	Adult	Female	35.2	8.9		185	300	1.85E+05	30000	0.162162162	324	231	10	100	4	1.30E+06	9.24E+05	0.712962963	0.287037037	22665	22439	43907	43468	23799	23561	30123.66667	29822.66667	1.010092994	1.29E+06	1.21E+06	1.43E+06	1.31E+06	1	FALSE	0	NA	25822.81863	-83815.62466	25822.81863	0	NA	41.64305	-80.4301	8.75	10.80000019	29.67033005	943.3282471	27.20000076	-9.199999809	36.40000153	20.01666641	-2.349999905	20.01666641	-3.133333206	1056	109	55	19.73647499	315	189	315	199	185
PA125	BacSwab00225	BacSwab00225	Rana catesbeiana	5/27/22	Pennsylvania	Tuttle Pond	N/A	NA	Adult	Female	46.1	7.6		216	190	2.16E+05	19000	0.087962963	325	247	10	100	4	1.30E+06	9.88E+05	0.76	0.24	20018	19818	42593	42168	21019	20809	27876.66667	27598.33333	1.01008515	1.24E+06	1.18E+06	1.29E+06	1.24E+06	1	FALSE	0	NA	17645.12255	-83815.62469	17645.12255	0	18.2	41.64305	-80.4301	8.75	10.80000019	29.67033005	943.3282471	27.20000076	-9.199999809	36.40000153	20.01666641	-2.349999905	20.01666641	-3.133333206	1056	109	55	19.73647499	315	189	315	199	185
PA206	BacSwab00267	BacSwab00267	Rana catesbeiana	6/7/22	Pennsylvania	Tuttle Pond	N/A	NA	Adult	Female	75.8	56.2		126	168	1.26E+05	16800	0.133333333	325	264	10	100	4	1.30E+06	1.06E+06	0.812307692	0.187692308	21085	20875	20875	20667	22140	21919	21366.66667	21153.66667	1.010069176	1.17E+06	1.41E+06	1.18E+06	1.25E+06	1	FALSE	0	5414.64	-6048.504902	-83815.62475	0	0	22.3	41.63888	-80.49512	8.8125	10.74166679	29.51007271	941.782959	27.20000076	-9.199999809	36.40000153	20.03333282	-2.283333302	20.03333282	-3.066666603	1045	108	54	19.86804199	311	186	311	196	185
PA98	BacSwab00198	BacSwab00198	Rana catesbeiana	5/26/22	Pennsylvania	Tuttle Pond	N/A	NA	Adult	Female	46.9	11.3		166	111	1.66E+05	11100	0.06686747	325	251	10	100	4	1.30E+06	1.00E+06	0.772307692	0.227692308	47738	47261	47261	46789	50125	49625	48374.66667	47891.66667	1.010085262	1.35E+06	1.39E+06	1.27E+06	1.34E+06	1	FALSE	0	773.41	92252.96569	-83815.62469	92252.96569	0	23.5	41.71212	-80.38903	8.445833206	10.92500019	30.2631588	931.9516602	26.79999924	-9.300000191	36.09999847	19.58333206	-2.450000048	19.58333206	-3.383333445	1086	111	58	19.02963638	321	197	321	207	330
PA147	BacSwab00246	BacSwab00246	Rana catesbeiana	6/4/22	Pennsylvania	Tuttle Pond	N/A	NA	Adult	Female	44.4	9.5		250	600	2.50E+05	60000	0.24	325	244	10	100	4	1.30E+06	9.76E+05	0.750769231	0.249230769	22250	22028	87049	86179	23363	23130	44220.66667	43779	1.010088551	1.36E+06	1.26E+06	1.41E+06	1.34E+06	1	FALSE	0	NA	77132.86765	-83815.62467	77132.86765	0	25.5	41.69171	-80.50082	8.524999619	10.9333334	30.20257759	935.7143555	26.89999962	-9.300000191	36.20000076	19.66666603	-2.483333349	19.66666603	-3.333333254	1062	109	55	19.7213974	315	189	315	200	800
PA45	BacSwab00155	BacSwab00155	Rana catesbeiana	5/5/22	Pennsylvania	RV Pond	N/A	NA	Adult	Female	78.9	55.1		473	147	4.73E+05	14700	0.031078224	326	288	10	100	4	1.30E+06	1.15E+06	0.883435583	0.116564417	83851	83013	83013	82183	88044	87164	84969.33333	84120	1.010096687	1.12E+06	1.34E+06	1.29E+06	1.25E+06	1	TRUE	247.6784134	NA	225445.3676	-83815.62464	225445.3676	0	16.6	41.63888	-80.49512	8.8125	10.74166679	29.51007271	941.782959	27.20000076	-9.199999809	36.40000153	20.03333282	-2.283333302	20.03333282	-3.066666603	1045	108	54	19.86804199	311	186	311	196	800
PA74	BacSwab00176	BacSwab00176	Rana catesbeiana	5/11/22	Pennsylvania	RV Pond	N/A	NA	Adult	Female	73.2	45		151	221	1.51E+05	22100	0.146357616	326	249	10	100	4	1.30E+06	9.96E+05	0.763803681	0.236196319	21025	20815	20815	20607	22077	21856	21305.66667	21092.66667	1.010098296	1.46E+06	1.27E+06	1.15E+06	1.29E+06	1	FALSE	0	NA	-6272.769608	-83815.62464	0	0	19.8	41.69171	-80.50082	8.524999619	10.9333334	30.20257759	935.7143555	26.89999962	-9.300000191	36.20000076	19.66666603	-2.483333349	19.66666603	-3.333333254	1062	109	55	19.7213974	315	189	315	200	1165
PA72	BacSwab00174	BacSwab00174	Rana catesbeiana	5/11/22	Pennsylvania	RV Pond	N/A	NA	Juvenile	Unknown	48.1	11		339	111	3.39E+05	11100	0.032743363	326	311	10	100	4	1.30E+06	1.24E+06	0.95398773	0.04601227	21961	21742	21742	21525	23060	22830	22254.33333	22032.33333	1.0100761	1.18E+06	1.49E+06	1.43E+06	1.37E+06	1	TRUE	196.5329552	NA	-2818.112745	-83815.62472	0	0	21.9	41.69171	-80.50082	8.524999619	10.9333334	30.20257759	935.7143555	26.89999962	-9.300000191	36.20000076	19.66666603	-2.483333349	19.66666603	-3.333333254	1062	109	55	19.7213974	315	189	315	200	1165
PA76	BacSwab00178	BacSwab00178	Rana catesbeiana	5/11/22	Pennsylvania	RV Pond	N/A	NA	Juvenile	Unknown	46.8	8.1		292	56	2.92E+05	5600	0.019178082	326	295	10	100	4	1.30E+06	1.18E+06	0.904907975	0.095092025	20858	20650	20650	20444	21901	21683	21136.33333	20925.66667	1.010067381	1.23E+06	1.35E+06	1.34E+06	1.31E+06	1	TRUE	8151.466675	NA	-6886.740196	-83815.62475	0	0	22.9	41.69171	-80.50082	8.524999619	10.9333334	30.20257759	935.7143555	26.89999962	-9.300000191	36.20000076	19.66666603	-2.483333349	19.66666603	-3.333333254	1062	109	55	19.7213974	315	189	315	200	1165
PA21	BacSwab00139	BacSwab00139	Rana catesbeiana	7/12/22	Pennsylvania	Vorisek Pond	N/A	NA	Adult	Female	82.6	59.7		227	200	2.27E+05	20000	0.088105727	326	288	10	100	4	1.30E+06	1.15E+06	0.883435583	0.116564417	23008	22778	22778	22551	24159	23917	23315	23082	1.010094446	1.33E+06	1.41E+06	1.15E+06	1.30E+06	1	TRUE	6900.756836	1960.97	1040.955882	-83815.62465	1040.955882	0	25.5	41.69171	-80.50082	8.524999619	10.9333334	30.20257759	935.7143555	26.89999962	-9.300000191	36.20000076	19.66666603	-2.483333349	19.66666603	-3.333333254	1062	109	55	19.7213974	315	189	315	200	180
PA214	BacSwab00275	BacSwab00275	Rana catesbeiana	6/14/22	Pennsylvania	Tuttle Pond	N/A	NA	Juvenile	Unknown	56.7	20.9		293	53	2.93E+05	5300	0.018088737	327	299	10	100	4	1.31E+06	1.20E+06	0.914373089	0.085626911	21298	21086	21086	20876	22363	22141	21582.33333	21367.66667	1.010046332	1.48E+06	1.12E+06	1.42E+06	1.34E+06	1	TRUE	93.05596352	NA	-5261.740196	-83815.62483	0	0	22.1	41.63888	-80.49512	8.8125	10.74166679	29.51007271	941.782959	27.20000076	-9.199999809	36.40000153	20.03333282	-2.283333302	20.03333282	-3.066666603	1045	108	54	19.86804199	311	186	311	196	185
PA97	BacSwab00197	BacSwab00197	Rana catesbeiana	5/26/22	Pennsylvania	Tuttle Pond	N/A	NA	Adult	Female	50.6	15		155	441	1.55E+05	44100	0.284516129	328	289	10	100	4	1.31E+06	1.16E+06	0.881097561	0.118902439	45182	44731	44731	44284	47442	46968	45785	45327.66667	1.010089496	1.45E+06	1.22E+06	1.39E+06	1.35E+06	1	FALSE	0	3119.71	82826.4951	-83815.62467	82826.4951	0	20.4	41.71212	-80.38903	8.445833206	10.92500019	30.2631588	931.9516602	26.79999924	-9.300000191	36.09999847	19.58333206	-2.450000048	19.58333206	-3.383333445	1086	111	58	19.02963638	321	197	321	207	330
PA242	BacSwab00142	BacSwab00142	Rana catesbeiana	7/12/22	Pennsylvania	Vorisek Pond	N/A	NA	Juvenile	Unknown	49.5	15.2		116	105	1.16E+05	10500	0.090517241	328	289	10	100	4	1.31E+06	1.16E+06	0.881097561	0.118902439	81457	80643	80643	79837	85530	84676	82543.33333	81718.66667	1.010091534	1.47E+06	1.39E+06	1.24E+06	1.37E+06	1	FALSE	0	NA	216616.9363	-83815.62466	216616.9363	0	20.9	41.69171	-80.50082	8.524999619	10.9333334	30.20257759	935.7143555	26.89999962	-9.300000191	36.20000076	19.66666603	-2.483333349	19.66666603	-3.333333254	1062	109	55	19.7213974	315	189	315	200	180
PA49	BacSwab00159	BacSwab00159	Rana catesbeiana	5/5/22	Pennsylvania	RV Pond	N/A	NA	Juvenile	Unknown	46.8	9		126	315	1.26E+05	31500	0.25	329	265	10	100	4	1.32E+06	1.06E+06	0.805471125	0.194528875	71392	70679	70679	69973	74962	74213	72344.33333	71621.66667	1.010090057	1.20E+06	1.22E+06	1.14E+06	1.19E+06	1	FALSE	0	799.535	179495.6127	-83815.62467	179495.6127	0	16	41.63888	-80.49512	8.8125	10.74166679	29.51007271	941.782959	27.20000076	-9.199999809	36.40000153	20.03333282	-2.283333302	20.03333282	-3.066666603	1045	108	54	19.86804199	311	186	311	196	800
PA220	BacSwab00281	BacSwab00281	Rana catesbeiana	6/14/22	Pennsylvania	Tuttle Pond	N/A	NA	Adult	Female	53.5	18.6		108	315	1.08E+05	31500	0.291666667	329	262	10	100	4	1.32E+06	1.05E+06	0.796352584	0.203647416	24622	24376	24376	24133	25854	25595	24950.66667	24701.33333	1.010093922	1.46E+06	1.24E+06	1.49E+06	1.40E+06	1	FALSE	0	NA	6994.387255	-83815.62465	6994.387255	0	25.3	41.63888	-80.49512	8.8125	10.74166679	29.51007271	941.782959	27.20000076	-9.199999809	36.40000153	20.03333282	-2.283333302	20.03333282	-3.066666603	1045	108	54	19.86804199	311	186	311	196	185
PA48	BacSwab00158	BacSwab00158	Rana catesbeiana	5/5/22	Pennsylvania	RV Pond	N/A	NA	Adult	Female	108.7	138.5		147	210	1.47E+05	21000	0.142857143	331	289	10	100	4	1.32E+06	1.16E+06	0.873111782	0.126888218	75156	74405	74405	73661	78914	78126	76158.33333	75397.33333	1.010093195	1.13E+06	1.32E+06	1.14E+06	1.20E+06	1	TRUE	1356.881256	7512.45	193376.7402	-83815.62466	193376.7402	0	13.7	41.63888	-80.49512	8.8125	10.74166679	29.51007271	941.782959	27.20000076	-9.199999809	36.40000153	20.03333282	-2.283333302	20.03333282	-3.066666603	1045	108	54	19.86804199	311	186	311	196	800
PA211	BacSwab00272	BacSwab00272	Rana catesbeiana	6/14/22	Pennsylvania	Tuttle Pond	N/A	NA	Adult	Female	67.1	27.5		514	221	5.14E+05	22100	0.042996109	333	275	10	100	4	1.33E+06	1.10E+06	0.825825826	0.174174174	26726	26459	26459	26195	28063	27782	27082.66667	26812	1.010094982	1.48E+06	1.32E+06	1.40E+06	1.40E+06	1	FALSE	0	NA	14754.19118	-83815.62465	14754.19118	0	23.6	41.63888	-80.49512	8.8125	10.74166679	29.51007271	941.782959	27.20000076	-9.199999809	36.40000153	20.03333282	-2.283333302	20.03333282	-3.066666603	1045	108	54	19.86804199	311	186	311	196	185
PA46	BacSwab00156	BacSwab00156	Rana catesbeiana	5/5/22	Pennsylvania	RV Pond	N/A	NA	Adult	Female	106.8	157.8		231	315	2.31E+05	31500	0.136363636	334	303	10	100	4	1.34E+06	1.21E+06	0.907185629	0.092814371	79518	78723	78723	77936	83494	82660	80578.33333	79773	1.010095312	1.34E+06	1.43E+06	1.47E+06	1.41E+06	1	TRUE	648.7930298	NA	209463.75	-83815.62465	209463.75	0	NA	41.63888	-80.49512	8.8125	10.74166679	29.51007271	941.782959	27.20000076	-9.199999809	36.40000153	20.03333282	-2.283333302	20.03333282	-3.066666603	1045	108	54	19.86804199	311	186	311	196	800
PA66	BacSwab00168	BacSwab00168	Rana catesbeiana	5/5/22	Pennsylvania	RV Pond	N/A	NA	Adult	Female	113.9	174.8		127	155	1.27E+05	15500	0.122047244	335	288	10	100	4	1.34E+06	1.15E+06	0.859701493	0.140298507	81779	80962	80962	80153	85868	85011	82869.66667	82042	1.010088329	1.20E+06	1.21E+06	1.15E+06	1.19E+06	1	TRUE	2303.8237	NA	217805.6618	-83815.62468	217805.6618	0	20.2	41.69171	-80.50082	8.524999619	10.9333334	30.20257759	935.7143555	26.89999962	-9.300000191	36.20000076	19.66666603	-2.483333349	19.66666603	-3.333333254	1062	109	55	19.7213974	315	189	315	200	1165
PA80	BacSwab00182	BacSwab00182	Rana catesbeiana	5/11/22	Pennsylvania	RV Pond	N/A	NA	Juvenile	Unknown	39.8	7.5		167	111	1.67E+05	11100	0.066467066	336	264	10	100	4	1.34E+06	1.06E+06	0.785714286	0.214285714	22850	22622	22622	22396	23993	23754	23155	22924	1.010076775	1.24E+06	1.30E+06	1.28E+06	1.27E+06	1	FALSE	0	NA	460.0735294	-83815.62472	460.0735294	0	22.3	41.69171	-80.50082	8.524999619	10.9333334	30.20257759	935.7143555	26.89999962	-9.300000191	36.20000076	19.66666603	-2.483333349	19.66666603	-3.333333254	1062	109	55	19.7213974	315	189	315	200	1165
PA212	BacSwab00273	BacSwab00273	Rana catesbeiana	6/14/22	Pennsylvania	Tuttle Pond	N/A	NA	Juvenile	Unknown	55.1	19.3		225	147	2.25E+05	14700	0.065333333	338	288	10	100	4	1.35E+06	1.15E+06	0.852071006	0.147928994	21167	20956	20956	20747	22226	22004	21449.66667	21235.66667	1.010077386	1.34E+06	1.18E+06	1.52E+06	1.35E+06	1	FALSE	0	NA	-5747.034314	-83815.62472	0	0	12.8	41.63888	-80.49512	8.8125	10.74166679	29.51007271	941.782959	27.20000076	-9.199999809	36.40000153	20.03333282	-2.283333302	20.03333282	-3.066666603	1045	108	54	19.86804199	311	186	311	196	185
PA218	BacSwab00279	BacSwab00279	Rana catesbeiana	6/14/22	Pennsylvania	Tuttle Pond	N/A	NA	Juvenile	Unknown	47.4	16.3		335	105	3.35E+05	10500	0.031343284	338	266	10	100	4	1.35E+06	1.06E+06	0.786982249	0.213017751	21865	21647	21647	21431	22959	22730	22157	21936	1.010074763	1.33E+06	1.37E+06	1.27E+06	1.32E+06	1	FALSE	0	NA	-3172.279412	-83815.62473	0	0	22.4	41.63888	-80.49512	8.8125	10.74166679	29.51007271	941.782959	27.20000076	-9.199999809	36.40000153	20.03333282	-2.283333302	20.03333282	-3.066666603	1045	108	54	19.86804199	311	186	311	196	185
PA36	BacSwab00146	BacSwab00146	Rana catesbeiana	7/12/22	Pennsylvania	Vorisek Pond	N/A	NA	Juvenile	Unknown	59.7	14		142	525	1.42E+05	52500	0.36971831	339	307	10	100	4	1.36E+06	1.23E+06	0.90560472	0.09439528	80763	79956	79956	79157	84802	83954	81840.33333	81022.33333	1.010095982	1.41E+06	1.29E+06	1.16E+06	1.29E+06	1	TRUE	543.009758	NA	214056.8873	-83815.62465	214056.8873	0	19.3	41.69171	-80.50082	8.524999619	10.9333334	30.20257759	935.7143555	26.89999962	-9.300000191	36.20000076	19.66666603	-2.483333349	19.66666603	-3.333333254	1062	109	55	19.7213974	315	189	315	200	180
PA81	BacSwab00183	BacSwab00183	Rana catesbeiana	5/11/22	Pennsylvania	RV Pond	N/A	NA	Juvenile	Unknown	45	8.6		386	662	3.86E+05	66200	0.171502591	339	301	10	100	4	1.36E+06	1.20E+06	0.887905605	0.112094395	23642	23406	23406	23172	24825	24577	23957.66667	23718.33333	1.010090647	1.32E+06	1.37E+06	1.44E+06	1.38E+06	1	TRUE	3380.870972	NA	3380.416667	-83815.62467	3380.416667	0	20	41.69171	-80.50082	8.524999619	10.9333334	30.20257759	935.7143555	26.89999962	-9.300000191	36.20000076	19.66666603	-2.483333349	19.66666603	-3.333333254	1062	109	55	19.7213974	315	189	315	200	1165
PA216	BacSwab00277	BacSwab00277	Rana catesbeiana	6/14/22	Pennsylvania	Tuttle Pond	N/A	NA	Juvenile	Unknown	40.3	10.1		290	315	2.90E+05	31500	0.10862069	339	301	10	100	4	1.36E+06	1.20E+06	0.887905605	0.112094395	24084	23844	23844	23606	25289	25037	24405.66667	24162.33333	1.010070771	1.44E+06	1.52E+06	1.50E+06	1.49E+06	1	TRUE	109.712019	NA	5012.769608	-83815.62474	5012.769608	0	21.3	41.63888	-80.49512	8.8125	10.74166679	29.51007271	941.782959	27.20000076	-9.199999809	36.40000153	20.03333282	-2.283333302	20.03333282	-3.066666603	1045	108	54	19.86804199	311	186	311	196	185
PA40	BacSwab00150	BacSwab00150	Rana catesbeiana	5/4/22	Pennsylvania	RV Pond	N/A	NA	Adult	Female	84.7	62.2		449	84	4.49E+05	8400	0.018708241	339	282	10	100	4	1.36E+06	1.13E+06	0.831858407	0.168141593	83701	82864	82864	82036	87887	87008	84817.33333	83969.33333	1.010098925	1.20E+06	1.50E+06	1.53E+06	1.41E+06	NA	NA	NA	NA	224891.4461	-83815.62464	224891.4461	0	22.7	41.59313	-80.35629	8.558333397	11.25	30.99173546	928.5028076	27	-9.300000191	36.29999924	19.63333321	-2.316666842	19.63333321	-3.233333349	1078	113	57	19.97618866	325	194	325	202	185
PA62	BacSwab00164	BacSwab00164	Rana catesbeiana	5/5/22	Pennsylvania	RV Pond	N/A	NA	Adult	Female	129	287		123	199	1.23E+05	19900	0.161788618	339	275	10	100	4	1.36E+06	1.10E+06	0.81120944	0.18879056	87291	86419	86419	85555	91656	90740	88455.33333	87571.33333	1.010094628	1.35E+06	1.38E+06	1.37E+06	1.37E+06	1	FALSE	0	NA	238134.0931	-83815.62465	238134.0931	0	NA	41.69171	-80.50082	8.524999619	10.9333334	30.20257759	935.7143555	26.89999962	-9.300000191	36.20000076	19.66666603	-2.483333349	19.66666603	-3.333333254	1062	109	55	19.7213974	315	189	315	200	1165
PA210	BacSwab00271	BacSwab00271	Rana catesbeiana	6/14/22	Pennsylvania	Tuttle Pond	N/A	NA	Adult	Female	65.4	36.8		110	210	1.10E+05	21000	0.190909091	341	263	10	100	4	1.36E+06	1.05E+06	0.771260997	0.228739003	23128	22897	22897	22669	24285	24042	23436.66667	23202.66667	1.010085048	1.41E+06	1.35E+06	1.21E+06	1.32E+06	1	FALSE	0	NA	1484.583333	-83815.62469	1484.583333	0	13.6	41.63888	-80.49512	8.8125	10.74166679	29.51007271	941.782959	27.20000076	-9.199999809	36.40000153	20.03333282	-2.283333302	20.03333282	-3.066666603	1045	108	54	19.86804199	311	186	311	196	185
PA39	BacSwab00149	BacSwab00149	Rana catesbeiana	7/12/22	Pennsylvania	Vorisek Pond	N/A	NA	Adult	Female	97.4	70.4		179	53	1.79E+05	5300	0.029608939	341	267	10	100	4	1.36E+06	1.07E+06	0.782991202	0.217008798	78025	77245	77245	76473	81927	81108	79065.66667	78275.33333	1.010096838	1.52E+06	1.16E+06	1.19E+06	1.29E+06	1	FALSE	0	NA	203957.6225	-83815.62464	203957.6225	0	18.7	41.59313	-80.35629	8.558333397	11.25	30.99173546	928.5028076	27	-9.300000191	36.29999924	19.63333321	-2.316666842	19.63333321	-3.233333349	1078	113	57	19.97618866	325	194	325	202	180
PA38	BacSwab00148	BacSwab00148	Rana catesbeiana	7/12/22	Pennsylvania	Vorisek Pond	N/A	NA	Juvenile	Unknown	53	16.9		158	105	1.58E+05	10500	0.066455696	341	321	10	100	4	1.36E+06	1.28E+06	0.941348974	0.058651026	66172	65511	65511	64856	69481	68787	67054.66667	66384.66667	1.010092692	1.37E+06	1.50E+06	1.20E+06	1.36E+06	1	TRUE	3483.630066	NA	160241.9363	-83815.62466	160241.9363	0	18.9	41.59313	-80.35629	8.558333397	11.25	30.99173546	928.5028076	27	-9.300000191	36.29999924	19.63333321	-2.316666842	19.63333321	-3.233333349	1078	113	57	19.97618866	325	194	325	202	180
PA241	BacSwab00301	BacSwab00301	Rana catesbeiana	5/18/22	Pennsylvania	RV Pond	N/A	NA	Juvenile	Unknown	32.8	2.9		105	105	1.05E+05	10500	0.1	341	329	10	100	4	1.36E+06	1.32E+06	0.964809384	0.035190616	82199	81378	81378	80565	86309	85447	83295.33333	82463.33333	1.010089333	1.53E+06	1.42E+06	1.48E+06	1.48E+06	1	TRUE	2715.906982	NA	219354.6814	-83815.62467	219354.6814	0	21.4	41.63888	-80.49512	8.8125	10.74166679	29.51007271	941.782959	27.20000076	-9.199999809	36.40000153	20.03333282	-2.283333302	20.03333282	-3.066666603	1045	108	54	19.86804199	311	186	311	196	800
PA75	BacSwab00177	BacSwab00177	Rana catesbeiana	5/11/22	Pennsylvania	RV Pond	N/A	NA	Juvenile	Unknown	47.9	8.8		114	331	1.14E+05	33100	0.290350877	341	311	10	100	4	1.36E+06	1.24E+06	0.91202346	0.08797654	22077	21857	21857	21639	23181	22950	22371.66667	22148.66667	1.010068326	1.24E+06	1.36E+06	1.26E+06	1.29E+06	1	TRUE	1585.573425	NA	-2390.416667	-83815.62475	0	0	23.8	41.69171	-80.50082	8.524999619	10.9333334	30.20257759	935.7143555	26.89999962	-9.300000191	36.20000076	19.66666603	-2.483333349	19.66666603	-3.333333254	1062	109	55	19.7213974	315	189	315	200	1165
PA47	BacSwab00157	BacSwab00157	Rana catesbeiana	5/5/22	Pennsylvania	RV Pond	N/A	NA	Adult	Female	69.7	42.2		200	525	2.00E+05	52500	0.2625	342	278	10	100	4	1.37E+06	1.11E+06	0.812865497	0.187134503	67170	66499	66499	65835	70529	69824	68066	67386	1.010091117	1.23E+06	1.44E+06	1.41E+06	1.36E+06	1	FALSE	0	NA	163923.3088	-83815.62467	163923.3088	0	20	41.63888	-80.49512	8.8125	10.74166679	29.51007271	941.782959	27.20000076	-9.199999809	36.40000153	20.03333282	-2.283333302	20.03333282	-3.066666603	1045	108	54	19.86804199	311	186	311	196	800
PA223	BacSwab00284	BacSwab00284	Rana catesbeiana	6/14/22	Pennsylvania	Tuttle Pond	N/A	NA	Juvenile	Unknown	47	15.5		187	53	1.87E+05	5300	0.028342246	342	257	10	100	4	1.37E+06	1.03E+06	0.751461988	0.248538012	21396	21183	21183	20972	22466	22243	21681.66667	21466	1.010046896	1.34E+06	1.24E+06	1.22E+06	1.27E+06	1	FALSE	0	NA	-4900.220588	-83815.62483	0	0	24.6	41.63888	-80.49512	8.8125	10.74166679	29.51007271	941.782959	27.20000076	-9.199999809	36.40000153	20.03333282	-2.283333302	20.03333282	-3.066666603	1045	108	54	19.86804199	311	186	311	196	185
PA50	BacSwab00160	BacSwab00160	Rana catesbeiana	5/5/22	Pennsylvania	RV Pond	N/A	NA	Adult	Female	111.2	151.2		375	210	3.75E+05	21000	0.056	343	303	10	100	4	1.37E+06	1.21E+06	0.883381924	0.116618076	55814	55256	55256	54704	58605	58019	56558.33333	55993	1.0100965	1.33E+06	1.41E+06	1.47E+06	1.40E+06	1	FALSE	0	9645.24	122037.2794	-83815.62465	122037.2794	0	17.5	41.63888	-80.49512	8.8125	10.74166679	29.51007271	941.782959	27.20000076	-9.199999809	36.40000153	20.03333282	-2.283333302	20.03333282	-3.066666603	1045	108	54	19.86804199	311	186	311	196	800
PA63	BacSwab00165	BacSwab00165	Rana catesbeiana	5/5/22	Pennsylvania	RV Pond	N/A	NA	Adult	Female	87.1	128.3		239	210	2.39E+05	21000	0.087866109	344	312	10	100	4	1.38E+06	1.25E+06	0.906976744	0.093023256	84089	83249	83249	82417	88294	87412	85210.66667	84359.33333	1.01009175	1.39E+06	1.34E+06	1.18E+06	1.30E+06	1	TRUE	2142.672424	NA	226325.2696	-83815.62466	226325.2696	0	21.3	41.69171	-80.50082	8.524999619	10.9333334	30.20257759	935.7143555	26.89999962	-9.300000191	36.20000076	19.66666603	-2.483333349	19.66666603	-3.333333254	1062	109	55	19.7213974	315	189	315	200	1165
PA79	BacSwab00181	BacSwab00181	Rana catesbeiana	5/11/22	Pennsylvania	RV Pond	N/A	NA	Juvenile	Unknown	50.2	12.3		191	221	1.91E+05	22100	0.115706806	345	333	10	100	4	1.38E+06	1.33E+06	0.965217391	0.034782609	22201	21979	21979	21760	23312	23078	22497.33333	22272.33333	1.010102219	1.34E+06	1.52E+06	1.22E+06	1.36E+06	1	TRUE	2147.448883	NA	-1935.759804	-83815.62462	0	0	25.1	41.69171	-80.50082	8.524999619	10.9333334	30.20257759	935.7143555	26.89999962	-9.300000191	36.20000076	19.66666603	-2.483333349	19.66666603	-3.333333254	1062	109	55	19.7213974	315	189	315	200	1165
PA70	BacSwab00172	BacSwab00172	Rana catesbeiana	5/11/22	Pennsylvania	RV Pond	N/A	NA	Adult	Female	99.5	117.8		335	56	3.35E+05	5600	0.016716418	346	276	10	100	4	1.38E+06	1.10E+06	0.797687861	0.202312139	23161	22930	22930	22701	24320	24077	23470.33333	23236	1.010084926	1.26E+06	1.51E+06	1.45E+06	1.41E+06	1	FALSE	0	NA	1607.132353	-83815.62469	1607.132353	0	20.2	41.69171	-80.50082	8.524999619	10.9333334	30.20257759	935.7143555	26.89999962	-9.300000191	36.20000076	19.66666603	-2.483333349	19.66666603	-3.333333254	1062	109	55	19.7213974	315	189	315	200	1165
PA77	BacSwab00179	BacSwab00179	Rana catesbeiana	5/11/22	Pennsylvania	RV Pond	N/A	NA	Juvenile	Unknown	48.5	11		395	34	3.95E+05	3400	0.008607595	347	309	10	100	4	1.39E+06	1.24E+06	0.890489914	0.109510086	21089	20879	20879	20671	22144	21923	21370.66667	21157.66667	1.010067273	1.58E+06	1.43E+06	1.41E+06	1.47E+06	1	TRUE	6565.020752	NA	-6033.79902	-83815.62475	0	0	18.9	41.69171	-80.50082	8.524999619	10.9333334	30.20257759	935.7143555	26.89999962	-9.300000191	36.20000076	19.66666603	-2.483333349	19.66666603	-3.333333254	1062	109	55	19.7213974	315	189	315	200	1165
PA52	BacSwab00162	BacSwab00162	Rana catesbeiana	5/5/22	Pennsylvania	RV Pond	N/A	NA	Adult	Female	100.8	118.1		133	177	1.33E+05	17700	0.133082707	350	343	10	100	4	1.40E+06	1.37E+06	0.98	0.02	79635	78839	78839	78051	83617	82781	80697	79890.33333	1.010097175	1.60E+06	1.24E+06	1.38E+06	1.41E+06	1	TRUE	2246.451111	5711.64	209895.1225	-83815.62464	209895.1225	0	22.9	41.69171	-80.50082	8.524999619	10.9333334	30.20257759	935.7143555	26.89999962	-9.300000191	36.20000076	19.66666603	-2.483333349	19.66666603	-3.333333254	1062	109	55	19.7213974	315	189	315	200	1165
PA55	BacSwab00163	BacSwab00163	Rana catesbeiana	5/5/22	Pennsylvania	RV Pond	N/A	NA	Adult	Female	81.2	55.6		116	188	1.16E+05	18800	0.162068966	355	310	10	100	4	1.42E+06	1.24E+06	0.873239437	0.126760563	61068	60458	60458	59854	64122	63481	61882.66667	61264.33333	1.010092876	1.46E+06	1.41E+06	1.52E+06	1.46E+06	1	FALSE	0	NA	141417.1814	-83815.62466	141417.1814	0	22.1	41.69171	-80.50082	8.524999619	10.9333334	30.20257759	935.7143555	26.89999962	-9.300000191	36.20000076	19.66666603	-2.483333349	19.66666603	-3.333333254	1062	109	55	19.7213974	315	189	315	200	1165
PA65	BacSwab00167	BacSwab00167	Rana catesbeiana	5/5/22	Pennsylvania	RV Pond	N/A	NA	Adult	Male	102.5	170.2		281	233	2.81E+05	23300	0.082918149	355	325	10	100	4	1.42E+06	1.30E+06	0.915492958	0.084507042	81540	80725	80725	79918	85617	84762	82627.33333	81801.66667	1.010093519	1.42E+06	1.48E+06	1.34E+06	1.41E+06	1	TRUE	936.3973236	NA	216922.0833	-83815.62466	216922.0833	0	25	41.69171	-80.50082	8.524999619	10.9333334	30.20257759	935.7143555	26.89999962	-9.300000191	36.20000076	19.66666603	-2.483333349	19.66666603	-3.333333254	1062	109	55	19.7213974	315	189	315	200	1165
PA85	BacSwab00187	BacSwab00187	Rana catesbeiana	5/11/22	Pennsylvania	RV Pond	N/A	NA	Adult	Female	90.3	107.4		122	111	1.22E+05	11100	0.090983607	356	291	10	100	4	1.42E+06	1.16E+06	0.81741573	0.18258427	43958	43519	43519	43084	46156	45695	44544.33333	44099.33333	1.010090855	1.34E+06	1.48E+06	1.46E+06	1.43E+06	1	FALSE	0	NA	78310.56373	-83815.62467	78310.56373	0	19.4	41.69171	-80.50082	8.524999619	10.9333334	30.20257759	935.7143555	26.89999962	-9.300000191	36.20000076	19.66666603	-2.483333349	19.66666603	-3.333333254	1062	109	55	19.7213974	315	189	315	200	1165
PA64	BacSwab00166	BacSwab00166	Rana catesbeiana	5/5/22	Pennsylvania	RV Pond	N/A	NA	Adult	Female	87.2	79.7		116	221	1.16E+05	22100	0.190517241	356	329	10	100	4	1.42E+06	1.32E+06	0.924157303	0.075842697	73372	72639	72639	71913	77041	76271	74350.66667	73607.66667	1.010094057	1.33E+06	1.50E+06	1.30E+06	1.38E+06	1	TRUE	982.2052765	NA	186797.0833	-83815.62465	186797.0833	0	20.3	41.69171	-80.50082	8.524999619	10.9333334	30.20257759	935.7143555	26.89999962	-9.300000191	36.20000076	19.66666603	-2.483333349	19.66666603	-3.333333254	1062	109	55	19.7213974	315	189	315	200	1165
PA51	BacSwab00161	BacSwab00161	Rana catesbeiana	5/5/22	Pennsylvania	RV Pond	N/A	NA	Adult	Female	69	36.2		311	105	3.11E+05	10500	0.033762058	359	276	10	100	4	1.44E+06	1.10E+06	0.768802228	0.231197772	74604	73858	73858	73120	78335	77551	75599	74843	1.010101145	1.59E+06	1.32E+06	1.50E+06	1.47E+06	1	FALSE	0	1951.29	191338.75	-83815.62463	191338.75	0	18.2	41.69171	-80.50082	8.524999619	10.9333334	30.20257759	935.7143555	26.89999962	-9.300000191	36.20000076	19.66666603	-2.483333349	19.66666603	-3.333333254	1062	109	55	19.7213974	315	189	315	200	1165
PA78	BacSwab00180	BacSwab00180	Rana catesbeiana	5/11/22	Pennsylvania	RV Pond	N/A	NA	Juvenile	Unknown	46.7	8.7		248	331	2.48E+05	33100	0.133467742	359	333	10	100	4	1.44E+06	1.33E+06	0.927576602	0.072423398	22589	22364	22364	22141	23719	23483	22890.66667	22662.66667	1.010060599	1.58E+06	1.53E+06	1.39E+06	1.50E+06	1	TRUE	805.0966644	NA	-500.7107843	-83815.62478	0	0	20	41.69171	-80.50082	8.524999619	10.9333334	30.20257759	935.7143555	26.89999962	-9.300000191	36.20000076	19.66666603	-2.483333349	19.66666603	-3.333333254	1062	109	55	19.7213974	315	189	315	200	1165
PA93	BacSwab00193	BacSwab00193	Rana catesbeiana	5/26/22	Pennsylvania	Tuttle Pond	N/A	NA	Juvenile	Unknown	53.4	13.8		431	552	4.31E+05	55200	0.128074246	359	281	10	100	4	1.44E+06	1.12E+06	0.782729805	0.217270195	40999	40590	40590	40185	43049	42620	41546	41131.66667	1.010073342	1.50E+06	1.41E+06	1.52E+06	1.48E+06	1	FALSE	0	3821.51	67400.02451	-83815.62473	67400.02451	0	21.2	41.71212	-80.38903	8.445833206	10.92500019	30.2631588	931.9516602	26.79999924	-9.300000191	36.09999847	19.58333206	-2.450000048	19.58333206	-3.383333445	1086	111	58	19.02963638	321	197	321	207	330
PA83	BacSwab00185	BacSwab00185	Rana catesbeiana	5/11/22	Pennsylvania	RV Pond	N/A	NA	Adult	Female	88.1	71.7		111	111	1.11E+05	11100	0.1	359	282	10	100	4	1.44E+06	1.13E+06	0.78551532	0.21448468	43007	42577	42577	42152	45158	44706	43580.66667	43145	1.010097732	1.41E+06	1.45E+06	1.63E+06	1.50E+06	1	FALSE	0	NA	74801.98529	-83815.62464	74801.98529	0	21.4	41.69171	-80.50082	8.524999619	10.9333334	30.20257759	935.7143555	26.89999962	-9.300000191	36.20000076	19.66666603	-2.483333349	19.66666603	-3.333333254	1062	109	55	19.7213974	315	189	315	200	1165
PA92	BacSwab00192	BacSwab00192	Rana catesbeiana	5/26/22	Pennsylvania	Tuttle Pond	N/A	NA	Adult	Female	53.4	15.7		155	441	1.55E+05	44100	0.284516129	359	333	10	100	4	1.44E+06	1.33E+06	0.927576602	0.072423398	46805	46337	46337	45874	49146	48654	47429.33333	46955	1.010101871	1.38E+06	1.48E+06	1.50E+06	1.45E+06	1	TRUE	310.2039337	NA	88809.33824	-83815.62463	88809.33824	0	NA	41.71212	-80.38903	8.445833206	10.92500019	30.2631588	931.9516602	26.79999924	-9.300000191	36.09999847	19.58333206	-2.450000048	19.58333206	-3.383333445	1086	111	58	19.02963638	321	197	321	207	330
PA71	BacSwab00173	BacSwab00173	Rana catesbeiana	5/11/22	Pennsylvania	RV Pond	N/A	NA	Adult	Female	83	76.3		405	331	4.05E+05	33100	0.081728395	360	270	10	100	4	1.44E+06	1.08E+06	0.75	0.25	22352	22129	22129	21908	23470	23236	22650.33333	22424.33333	1.010078338	1.43E+06	1.54E+06	1.42E+06	1.46E+06	1	FALSE	0	NA	-1376.936275	-83815.62471	0	0	25.6	41.69171	-80.50082	8.524999619	10.9333334	30.20257759	935.7143555	26.89999962	-9.300000191	36.20000076	19.66666603	-2.483333349	19.66666603	-3.333333254	1062	109	55	19.7213974	315	189	315	200	1165
PA44	BacSwab00154	BacSwab00154	Rana catesbeiana	5/4/22	Pennsylvania	RV Pond	N/A	NA	Adult	Female	76.7	47.5		416	104	4.16E+05	10400	0.025	411	389	10	100	4	1.64E+06	1.56E+06	0.946472019	0.053527981	58143	57562	57562	56987	61051	60441	58918.66667	58330	1.010092005	1.40E+06	1.75E+06	1.77E+06	1.64E+06	1	TRUE	11787.21191	NA	130629.1912	-83815.62466	130629.1912	0	19.6	41.63888	-80.49512	8.8125	10.74166679	29.51007271	941.782959	27.20000076	-9.199999809	36.40000153	20.03333282	-2.283333302	20.03333282	-3.066666603	1045	108	54	19.86804199	311	186	311	196	800
PA99	BacSwab00199	BacSwab00199	Rana catesbeiana	5/26/22	Pennsylvania	Tuttle Pond	N/A	NA	Adult	Female	50.2	10.9		388	56	3.88E+05	5600	0.01443299	432	350	10	100	4	1.73E+06	1.40E+06	0.810185185	0.189814815	45844	45386	45386	44933	48137	47656	46455.66667	45991.66667	1.010088784	1.97E+06	1.95E+06	1.74E+06	1.89E+06	1	FALSE	0	NA	85267.67157	-83815.62467	85267.67157	0	22.1	41.71212	-80.38903	8.445833206	10.92500019	30.2631588	931.9516602	26.79999924	-9.300000191	36.09999847	19.58333206	-2.450000048	19.58333206	-3.383333445	1086	111	58	19.02963638	321	197	321	207	330
N/A	N/A	Pe_16S00361	Rana catesbeiana	4/13/24	Pennsylvania	Admin Pond	N/A	NA	Adult	N/A	N/A	N/A		142	127	1.42E+05	12700	0.08943662	396	233	10	100	4	1.58E+06	9.32E+05	0.588383838	0.411616162	76665	53348	82514	56964	86016	27955	81731.66667	46089	1.773344327	6.40E+05	9.53E+06	5.78E+06	5.32E+06	1	TRUE	51131.18359	NA	85625.51471	-83812.81859	85625.51471	0	8.9	41.64305	-80.4301	8.75	10.80000019	29.67033005	943.3282471	27.20000076	-9.199999809	36.40000153	20.01666641	-2.349999905	20.01666641	-3.133333206	1056	109	55	19.73647499	315	189	315	199	1230
N/A	N/A	Pe_16S00364	Rana catesbeiana	4/13/24	Pennsylvania	Admin Pond	N/A	NA	Adult	N/A	N/A	N/A		258	309	2.58E+05	30900	0.119767442	372	272	10	100	4	1.49E+06	1.09E+06	0.731182796	0.268817204	75132	75718	54021	24558	37390	73815	55514.33333	58030.33333	0.956643365	7.79E+05	9.68E+06	6.39E+06	5.62E+06	1	TRUE	420.6622314	NA	129527.4755	-83815.82116	129527.4755	0	9.6	41.64305	-80.4301	8.75	10.80000019	29.67033005	943.3282471	27.20000076	-9.199999809	36.40000153	20.01666641	-2.349999905	20.01666641	-3.133333206	1056	109	55	19.73647499	315	189	315	199	1230
N/A	N/A	Pe_16S00362	Rana catesbeiana	4/13/24	Pennsylvania	Admin Pond	N/A	NA	Adult	N/A	N/A	N/A		361	354	3.61E+05	35400	0.098060942	377	242	10	100	4	1.51E+06	9.68E+05	0.641909814	0.358090186	67505	22118	64480	63070	60068	61654	64017.66667	48947.33333	1.307888751	2.82E+05	9.29E+06	1.16E+07	7.06E+06	1	TRUE	8075.263184	NA	96134.09314	-83814.52982	96134.09314	0	9.9	41.64305	-80.4301	8.75	10.80000019	29.67033005	943.3282471	27.20000076	-9.199999809	36.40000153	20.01666641	-2.349999905	20.01666641	-3.133333206	1056	109	55	19.73647499	315	189	315	199	1230
N/A	N/A	Pe_16S00360	Rana catesbeiana	4/13/24	Pennsylvania	Admin Pond	N/A	NA	Adult	N/A	N/A	N/A		242	463	2.42E+05	46300	0.191322314	403	342	10	100	4	1.61E+06	1.37E+06	0.848635236	0.151364764	25983	63103	40231	73302	23130	78497	29781.33333	71634	0.41574299	2.78E+05	9.18E+06	1.37E+07	7.71E+06	1	TRUE	2665.618164	NA	179540.9559	-83817.80977	179540.9559	0	10	41.64305	-80.4301	8.75	10.80000019	29.67033005	943.3282471	27.20000076	-9.199999809	36.40000153	20.01666641	-2.349999905	20.01666641	-3.133333206	1056	109	55	19.73647499	315	189	315	199	1230
N/A	N/A	Pe_16S00363	Rana catesbeiana	4/13/24	Pennsylvania	Admin Pond	N/A	NA	Adult	N/A	N/A	N/A		408	357	4.08E+05	35700	0.0875	323	286	10	100	4	1.29E+06	1.14E+06	0.885448916	0.114551084	37891	69523	66653	21782	50938	61041	51827.33333	50782	1.020584722	6.48E+05	9.43E+06	8.84E+06	6.31E+06	1	TRUE	1067147.875	NA	102879.1912	-83815.58609	102879.1912	0	10.5	41.64305	-80.4301	8.75	10.80000019	29.67033005	943.3282471	27.20000076	-9.199999809	36.40000153	20.01666641	-2.349999905	20.01666641	-3.133333206	1056	109	55	19.73647499	315	189	315	199	1230
N/A	N/A	Pe_16S00425	Rana catesbeiana	5/15/24	Pennsylvania	Vorisek Pond	N/A	NA	Adult	N/A	N/A	N/A		238	130	2.38E+05	13000	0.054621849	390	373	10	100	4	1.56E+06	1.49E+06	0.956410256	0.043589744	69024	43642	42102	68422	26346	37721	45824	49928.33333	0.917795507	3.79E+05	9.68E+06	7.44E+06	5.83E+06	1	TRUE	2261.0354	NA	99740.71078	-83815.96399	99740.71078	0	12.9	41.59313	-80.35629	8.558333397	11.25	30.99173546	928.5028076	27	-9.300000191	36.29999924	19.63333321	-2.316666842	19.63333321	-3.233333349	1078	113	57	19.97618866	325	194	325	202	180
N/A	N/A	Pe_16S00783	Rana catesbeiana	10/12/24	Pennsylvania	Tuttle Pond	N/A	NA	Adult	N/A	N/A	N/A		126	487	1.26E+05	48700	0.386507937	330	355	10	100	4	1.32E+06	1.42E+06	1.075757576	-0.075757576	32201	44300	92582	44718	31386	89341	52056.33333	59453	0.875587999	4.79E+05	9.41E+06	1.19E+07	7.26E+06	1	TRUE	886.7456665	NA	134757.8676	-83816.11916	134757.8676	0	13.4	41.69171	-80.50082	8.524999619	10.9333334	30.20257759	935.7143555	26.89999962	-9.300000191	36.20000076	19.66666603	-2.483333349	19.66666603	-3.333333254	1062	109	55	19.7213974	315	189	315	200	800
N/A	N/A	Pe_16S00466	Rana catesbeiana	5/29/24	Pennsylvania	Phelps Pond	N/A		Adult	N/A	N/A	N/A		234	238	2.34E+05	23800	0.101709402	278	294	10	100	4	1.11E+06	1.18E+06	1.057553957	-0.057553957	35535	20481	76857	44579	80977	52118	64456.33333	39059.33333	1.650215911	5.49E+05	9.29E+06	9.94E+06	6.59E+06	1	FALSE	0	NA	59781.15196	-83813.27127	59781.15196	0	13.6	41.69128	-80.51248	8.620833397	10.90833378	30.05050468	935.9450073	27	-9.300000191	36.29999924	19.76666641	-2.400000095	19.76666641	-3.233333349	1054	108	55	19.77835846	313	188	313	198	1230
N/A	N/A	Pe_16S00494	Rana catesbeiana	6/10/24	Pennsylvania	Vorisek Pond	N/A	NA	Adult	N/A	N/A	N/A		111	172	1.11E+05	17200	0.154954955	319	247	10	100	4	1.28E+06	9.88E+05	0.774294671	0.225705329	54707	25378	21187	38818	25055	56181	33649.66667	40125.66667	0.838607043	6.48E+05	9.13E+06	4.96E+06	4.91E+06	1	TRUE	3494.934814	NA	63701.4951	-83816.25512	63701.4951	0	13.6	41.59313	-80.35629	8.558333397	11.25	30.99173546	928.5028076	27	-9.300000191	36.29999924	19.63333321	-2.316666842	19.63333321	-3.233333349	1078	113	57	19.97618866	325	194	325	202	180
N/A	N/A	Pe_16S00467	Rana catesbeiana	5/29/24	Pennsylvania	Phelps Pond	N/A		Adult	N/A	N/A	N/A		340	108	3.40E+05	10800	0.031764706	309	235	10	100	4	1.24E+06	9.40E+05	0.760517799	0.239482201	84031	56592	44622	27513	81593	74734	70082	52946.33333	1.323642179	8.82E+05	9.51E+06	2.87E+06	4.42E+06	1	TRUE	347.7115479	NA	110836.299	-83814.4719	110836.299	0	14.3	41.69128	-80.51248	8.620833397	10.90833378	30.05050468	935.9450073	27	-9.300000191	36.29999924	19.76666641	-2.400000095	19.76666641	-3.233333349	1054	108	55	19.77835846	313	188	313	198	1230
N/A	N/A	Pe_16S00468	Rana catesbeiana	5/29/24	Pennsylvania	Phelps Pond	N/A		Adult	N/A	N/A	N/A		126	12	1.26E+05	1200	0.00952381	351	312	10	100	4	1.40E+06	1.25E+06	0.888888889	0.111111111	48969	40972	95126	43468	29700	34282	57931.66667	39574	1.46388201	4.81E+05	9.61E+06	3.67E+06	4.59E+06	1	TRUE	128.7955017	NA	61673.30882	-83813.95632	61673.30882	0	15.8	41.69128	-80.51248	8.620833397	10.90833378	30.05050468	935.9450073	27	-9.300000191	36.29999924	19.76666641	-2.400000095	19.76666641	-3.233333349	1054	108	55	19.77835846	313	188	313	198	1230
N/A	N/A	Pe_16S00407	Rana catesbeiana	5/14/24	Pennsylvania	RV Pond	N/A	NA	Adult	N/A	N/A	N/A		106	347	1.06E+05	34700	0.327358491	411	266	10	100	4	1.64E+06	1.06E+06	0.647201946	0.352798054	71369	66322	35409	68196	42057	52287	49611.66667	62268.33333	0.796739916	4.07E+05	9.16E+06	7.37E+06	5.65E+06	1	TRUE	36.00099182	NA	145108.3578	-83816.40904	145108.3578	0	15.9	41.63888	-80.49512	8.8125	10.74166679	29.51007271	941.782959	27.20000076	-9.199999809	36.40000153	20.03333282	-2.283333302	20.03333282	-3.066666603	1045	108	54	19.86804199	311	186	311	196	800
N/A	N/A	Pe_16S00423	Rana catesbeiana	5/15/24	Pennsylvania	Vorisek Pond	N/A	NA	Adult	N/A	N/A	N/A		384	452	3.84E+05	45200	0.117708333	305	288	10	100	4	1.22E+06	1.15E+06	0.944262295	0.055737705	32524	55231	40178	65364	64536	64618	45746	61737.66667	0.740973906	4.88E+05	9.41E+06	1.31E+07	7.68E+06	1	TRUE	7092.817871	NA	143157.3775	-83816.61407	143157.3775	0	16.1	41.59313	-80.35629	8.558333397	11.25	30.99173546	928.5028076	27	-9.300000191	36.29999924	19.63333321	-2.316666842	19.63333321	-3.233333349	1078	113	57	19.97618866	325	194	325	202	180
N/A	N/A	Pe_16S00413	Rana catesbeiana	5/14/24	Pennsylvania	RV Pond	N/A	NA	Adult	N/A	N/A	N/A		243	330	2.43E+05	33000	0.135802469	339	294	10	100	4	1.36E+06	1.18E+06	0.867256637	0.132743363	35811	76132	76605	89927	85501	85844	65972.33333	83967.66667	0.785687348	3.59E+05	9.50E+06	6.60E+06	5.49E+06	1	TRUE	484.0802002	NA	224885.3186	-83816.44968	224885.3186	0	16.4	41.63888	-80.49512	8.8125	10.74166679	29.51007271	941.782959	27.20000076	-9.199999809	36.40000153	20.03333282	-2.283333302	20.03333282	-3.066666603	1045	108	54	19.86804199	311	186	311	196	800
N/A	N/A	Pe_16S00391	Rana catesbeiana	5/8/24	Pennsylvania	Tuttle Pond	N/A	NA	Adult	N/A	N/A	N/A		359	222	3.59E+05	22200	0.06183844	330	243	10	100	4	1.32E+06	9.72E+05	0.736363636	0.263636364	69563	24563	84593	19597	72674	66580	75610	36913.33333	2.04831136	7.61E+05	9.21E+06	7.28E+06	5.75E+06	1	TRUE	64.50679016	NA	51891.44608	-83811.80768	51891.44608	0	16.8	41.69171	-80.50082	8.524999619	10.9333334	30.20257759	935.7143555	26.89999962	-9.300000191	36.20000076	19.66666603	-2.483333349	19.66666603	-3.333333254	1062	109	55	19.7213974	315	189	315	200	800
N/A	N/A	Pe_16S00424	Rana catesbeiana	5/15/24	Pennsylvania	Vorisek Pond	N/A	NA	Adult	N/A	N/A	N/A		496	299	4.96E+05	29900	0.060282258	299	383	10	100	4	1.20E+06	1.53E+06	1.280936455	-0.280936455	29512	44317	71658	66996	42855	46177	48008.33333	52496.66667	0.914502508	1.59E+05	9.13E+06	1.47E+07	7.99E+06	1	TRUE	70.88780975	NA	109183.1127	-83815.97609	109183.1127	0	17.1	41.59313	-80.35629	8.558333397	11.25	30.99173546	928.5028076	27	-9.300000191	36.29999924	19.63333321	-2.316666842	19.63333321	-3.233333349	1078	113	57	19.97618866	325	194	325	202	180
N/A	N/A	BdSwab00048	Rana catesbeiana	6/3/22	Pennsylvania	Phelps Pond	N/A		Adult	N/A	N/A	N/A		360	588	3.60E+05	58800	0.163333333	386	226	10	100	4	1.54E+06	9.04E+05	0.585492228	0.414507772	65435	78821	57767	70274	58527	42917	60576.33333	64004	0.946446055	7.23E+05	9.30E+06	1.20E+07	7.34E+06	1	FALSE	0	551.32	151489.4853	-83815.85865	151489.4853	0	17.6	41.69128	-80.51248	8.620833397	10.90833378	30.05050468	935.9450073	27	-9.300000191	36.29999924	19.76666641	-2.400000095	19.76666641	-3.233333349	1054	108	55	19.77835846	313	188	313	198	1230
N/A	N/A	Pe_16S00495	Rana catesbeiana	6/10/24	Pennsylvania	Vorisek Pond	N/A	NA	Adult	N/A	N/A	N/A		95	327	9.50E+04	32700	0.344210526	412	241	10	100	4	1.65E+06	9.64E+05	0.584951456	0.415048544	58528	86172	91730	75824	69317	63432	73191.66667	75142.66667	0.974036056	1.72E+05	9.31E+06	7.60E+06	5.69E+06	1	TRUE	117.0646133	NA	192440.4657	-83815.75722	192440.4657	0	17.6	41.59313	-80.35629	8.558333397	11.25	30.99173546	928.5028076	27	-9.300000191	36.29999924	19.63333321	-2.316666842	19.63333321	-3.233333349	1078	113	57	19.97618866	325	194	325	202	180
N/A	N/A	Pe_16S00026	Rana catesbeiana	4/20/23	Pennsylvania	Admin Pond	N/A	NA	Adult	N/A	N/A	N/A		161	169	1.61E+05	16900	0.104968944	292	333	10	100	4	1.17E+06	1.33E+06	1.140410959	-0.140410959	77036	31555	53998	28097	40029	21026	57021	26892.66667	2.120317807	8.61E+05	9.16E+06	1.14E+07	7.14E+06	1	TRUE	3330.135498	NA	15050.7598	-83811.54295	15050.7598	0	17.9	41.64305	-80.4301	8.75	10.80000019	29.67033005	943.3282471	27.20000076	-9.199999809	36.40000153	20.01666641	-2.349999905	20.01666641	-3.133333206	1056	109	55	19.73647499	315	189	315	199	1230
N/A	N/A	Pe_16S00111	Rana catesbeiana	6/1/23	Pennsylvania	Vorisek Pond	N/A	NA	Adult	N/A	N/A	N/A		248	499	2.48E+05	49900	0.201209677	341	237	10	100	4	1.36E+06	9.48E+05	0.695014663	0.304985337	53617	25210	61520	70721	21657	23196	45598	39709	1.148303911	4.56E+05	9.58E+06	1.26E+07	7.53E+06	1	TRUE	301.2506104	NA	62169.63235	-83815.11653	62169.63235	0	18.2	41.59313	-80.35629	8.558333397	11.25	30.99173546	928.5028076	27	-9.300000191	36.29999924	19.63333321	-2.316666842	19.63333321	-3.233333349	1078	113	57	19.97618866	325	194	325	202	180
N/A	N/A	BdSwab00050	Rana catesbeiana	6/3/22	Pennsylvania	Phelps Pond	N/A		Adult	N/A	N/A	N/A		279	369	2.79E+05	36900	0.132258065	410	375	10	100	4	1.64E+06	1.50E+06	0.914634146	0.085365854	70065	44414	29473	46228	48711	44544	49416.33333	45062	1.096629829	8.23E+05	9.55E+06	9.89E+06	6.75E+06	1	TRUE	2884.476318	78.848	81849.77941	-83815.30651	81849.77941	0	18.4	41.69128	-80.51248	8.620833397	10.90833378	30.05050468	935.9450073	27	-9.300000191	36.29999924	19.76666641	-2.400000095	19.76666641	-3.233333349	1054	108	55	19.77835846	313	188	313	198	1230
N/A	N/A	Pe_16S00410	Rana catesbeiana	5/14/24	Pennsylvania	RV Pond	N/A	NA	Adult	N/A	N/A	N/A		145	352	1.45E+05	35200	0.242758621	419	319	10	100	4	1.68E+06	1.28E+06	0.761336516	0.238663484	75748	32067	86073	71928	29830	51358	63883.66667	51784.33333	1.233648529	3.29E+05	9.30E+06	7.77E+06	5.80E+06	1	TRUE	1464.532715	NA	106564.2402	-83814.80276	106564.2402	0	18.6	41.63888	-80.49512	8.8125	10.74166679	29.51007271	941.782959	27.20000076	-9.199999809	36.40000153	20.03333282	-2.283333302	20.03333282	-3.066666603	1045	108	54	19.86804199	311	186	311	196	800
N/A	N/A	Pe_16S00414	Rana catesbeiana	5/14/24	Pennsylvania	RV Pond	N/A	NA	Adult	N/A	N/A	N/A		547	287	5.47E+05	28700	0.052468007	298	363	10	100	4	1.19E+06	1.45E+06	1.218120805	-0.218120805	81693	58417	70784	22793	27429	36365	59968.66667	39191.66667	1.53013821	8.66E+05	9.13E+06	1.27E+07	7.55E+06	1	TRUE	1376.893066	NA	60267.67157	-83813.71273	60267.67157	0	18.7	41.63888	-80.49512	8.8125	10.74166679	29.51007271	941.782959	27.20000076	-9.199999809	36.40000153	20.03333282	-2.283333302	20.03333282	-3.066666603	1045	108	54	19.86804199	311	186	311	196	800
N/A	N/A	Pe_16S00164	Rana catesbeiana	6/27/23	Pennsylvania	RV Pond	N/A	NA	Adult	N/A	N/A	N/A		495	411	4.95E+05	41100	0.083030303	320	314	10	100	4	1.28E+06	1.26E+06	0.98125	0.01875	76089	20012	55892	68637	46546	71611	59509	53420	1.113983527	1.41E+05	9.15E+06	3.83E+06	4.37E+06	1	TRUE	105.3251114	NA	112577.7206	-83815.24271	112577.7206	0	18.9	41.63888	-80.49512	8.8125	10.74166679	29.51007271	941.782959	27.20000076	-9.199999809	36.40000153	20.03333282	-2.283333302	20.03333282	-3.066666603	1045	108	54	19.86804199	311	186	311	196	800
N/A	N/A	Pe_16S00409	Rana catesbeiana	5/14/24	Pennsylvania	RV Pond	N/A	NA	Adult	N/A	N/A	N/A		250	348	2.50E+05	34800	0.1392	362	376	10	100	4	1.45E+06	1.50E+06	1.038674033	-0.038674033	67622	82274	70051	32802	24688	27418	54120.33333	47498	1.139423414	3.27E+05	9.11E+06	1.54E+07	8.27E+06	1	TRUE	155.4900665	NA	90805.66176	-83815.14918	90805.66176	0	18.9	41.63888	-80.49512	8.8125	10.74166679	29.51007271	941.782959	27.20000076	-9.199999809	36.40000153	20.03333282	-2.283333302	20.03333282	-3.066666603	1045	108	54	19.86804199	311	186	311	196	800
N/A	N/A	Pe_16S00406	Rana catesbeiana	5/14/24	Pennsylvania	RV Pond	N/A	NA	Adult	N/A	N/A	N/A		272	416	2.72E+05	41600	0.152941176	310	353	10	100	4	1.24E+06	1.41E+06	1.138709677	-0.138709677	36517	34332	32771	93604	56882	41646	42056.66667	56527.33333	0.74400585	3.65E+05	9.12E+06	1.13E+07	6.92E+06	1	TRUE	381.2984009	NA	124001.7402	-83816.60292	124001.7402	0	18.9	41.63888	-80.49512	8.8125	10.74166679	29.51007271	941.782959	27.20000076	-9.199999809	36.40000153	20.03333282	-2.283333302	20.03333282	-3.066666603	1045	108	54	19.86804199	311	186	311	196	800
N/A	N/A	Pe_16S00400	Rana catesbeiana	5/8/24	Pennsylvania	Tuttle Pond	N/A	NA	Adult	N/A	N/A	N/A		354	618	3.54E+05	61800	0.174576271	381	352	10	100	4	1.52E+06	1.41E+06	0.923884514	0.076115486	66540	33463	64289	79400	38523	37601	56450.66667	50154.66667	1.125531689	6.33E+05	9.25E+06	1.28E+07	7.57E+06	1	TRUE	722.5404053	NA	100572.8186	-83815.20025	100572.8186	0	18.9	41.69171	-80.50082	8.524999619	10.9333334	30.20257759	935.7143555	26.89999962	-9.300000191	36.20000076	19.66666603	-2.483333349	19.66666603	-3.333333254	1062	109	55	19.7213974	315	189	315	200	800
N/A	N/A	Pe_16S00408	Rana catesbeiana	5/14/24	Pennsylvania	RV Pond	N/A	NA	Adult	N/A	N/A	N/A		237	271	2.37E+05	27100	0.114345992	305	324	10	100	4	1.22E+06	1.30E+06	1.062295082	-0.062295082	62974	66449	53615	67507	60171	19825	58920	51260.33333	1.149426782	8.00E+05	9.62E+06	1.37E+07	8.05E+06	1	TRUE	5705.677734	NA	104637.7696	-83815.1124	104637.7696	0	18.9	41.63888	-80.49512	8.8125	10.74166679	29.51007271	941.782959	27.20000076	-9.199999809	36.40000153	20.03333282	-2.283333302	20.03333282	-3.066666603	1045	108	54	19.86804199	311	186	311	196	800
N/A	N/A	Pe_16S00415	Rana catesbeiana	5/14/24	Pennsylvania	RV Pond	N/A	NA	Adult	N/A	N/A	N/A		224	107	2.24E+05	10700	0.047767857	315	263	10	100	4	1.26E+06	1.05E+06	0.834920635	0.165079365	33562	65729	91224	42267	63906	43752	62897.33333	50582.66667	1.243456256	7.90E+05	9.12E+06	9.05E+06	6.32E+06	1	TRUE	346.9866638	NA	102146.348	-83814.7667	102146.348	0	19.2	41.63888	-80.49512	8.8125	10.74166679	29.51007271	941.782959	27.20000076	-9.199999809	36.40000153	20.03333282	-2.283333302	20.03333282	-3.066666603	1045	108	54	19.86804199	311	186	311	196	800
N/A	N/A	Pe_16S00426	Rana catesbeiana	5/15/24	Pennsylvania	Vorisek Pond	N/A	NA	Adult	N/A	N/A	N/A		231	271	2.31E+05	27100	0.117316017	423	341	10	100	4	1.69E+06	1.36E+06	0.806146572	0.193853428	25453	44380	34682	87936	83450	33718	47861.66667	55344.66667	0.864792753	1.34E+05	9.63E+06	4.39E+06	4.72E+06	1	TRUE	9198.022461	NA	119653.701	-83816.15885	119653.701	0	19.2	41.59313	-80.35629	8.558333397	11.25	30.99173546	928.5028076	27	-9.300000191	36.29999924	19.63333321	-2.316666842	19.63333321	-3.233333349	1078	113	57	19.97618866	325	194	325	202	180
N/A	N/A	Pe_16S00662	Rana catesbeiana	7/23/24	Pennsylvania	Vorisek Pond	N/A	NA	Adult	N/A	N/A	N/A		266	23	2.66E+05	2300	0.008646617	307	380	10	100	4	1.23E+06	1.52E+06	1.237785016	-0.237785016	80652	81510	36828	82510	56368	62670	57949.33333	75563.33333	0.766897525	3.65E+05	9.67E+06	5.13E+06	5.06E+06	1	FALSE	0	NA	193987.0343	-83816.51876	193987.0343	0	19.3	41.59313	-80.35629	8.558333397	11.25	30.99173546	928.5028076	27	-9.300000191	36.29999924	19.63333321	-2.316666842	19.63333321	-3.233333349	1078	113	57	19.97618866	325	194	325	202	180
N/A	N/A	Pe_16S00104	Rana catesbeiana	5/31/23	Pennsylvania	Vorisek Pond	N/A	NA	Adult	N/A	N/A	N/A		319	528	3.19E+05	52800	0.165517241	368	369	10	100	4	1.47E+06	1.48E+06	1.002717391	-0.002717391	26520	23268	95165	72708	77778	24425	66487.66667	40133.66667	1.656655676	5.56E+05	9.49E+06	9.34E+06	6.46E+06	1	TRUE	36.69817352	NA	63730.90686	-83813.24759	63730.90686	0	19.3	41.59313	-80.35629	8.558333397	11.25	30.99173546	928.5028076	27	-9.300000191	36.29999924	19.63333321	-2.316666842	19.63333321	-3.233333349	1078	113	57	19.97618866	325	194	325	202	180
N/A	N/A	Pe_16S00173	Rana catesbeiana	7/10/23	Pennsylvania	Tyron Weber	N/A		Adult	N/A	N/A	N/A		387	575	3.87E+05	57500	0.148578811	397	259	10	100	4	1.59E+06	1.04E+06	0.652392947	0.347607053	81102	39028	44009	46885	53007	28421	59372.66667	38111.33333	1.557874298	9.02E+05	9.32E+06	3.36E+06	4.53E+06	1	FALSE	0	31.251	56295.85784	-83813.61076	56295.85784	0	19.5	41.59313	-80.35629	8.558333397	11.25	30.99173546	928.5028076	27	-9.300000191	36.29999924	19.63333321	-2.316666842	19.63333321	-3.233333349	1078	113	57	19.97618866	325	194	325	202	800
N/A	N/A	Pe_16S00392	Rana catesbeiana	5/8/24	Pennsylvania	Tuttle Pond	N/A	NA	Adult	N/A	N/A	N/A		325	561	3.25E+05	56100	0.172615385	322	312	10	100	4	1.29E+06	1.25E+06	0.968944099	0.031055901	36967	79173	86824	70116	52397	42962	58729.33333	64083.66667	0.916447769	4.89E+05	9.57E+06	8.19E+06	6.08E+06	1	TRUE	72.59367371	NA	151782.3775	-83815.96894	151782.3775	0	19.5	41.69171	-80.50082	8.524999619	10.9333334	30.20257759	935.7143555	26.89999962	-9.300000191	36.20000076	19.66666603	-2.483333349	19.66666603	-3.333333254	1062	109	55	19.7213974	315	189	315	200	800
N/A	N/A	Pe_16S00163	Rana catesbeiana	6/27/23	Pennsylvania	RV Pond	N/A	NA	Adult	N/A	N/A	N/A		452	175	4.52E+05	17500	0.038716814	408	255	10	100	4	1.63E+06	1.02E+06	0.625	0.375	85625	27258	73542	68332	68085	66016	75750.66667	53868.66667	1.406210165	2.13E+05	9.32E+06	1.18E+07	7.10E+06	1	TRUE	17077.32813	NA	114227.2304	-83814.16834	114227.2304	0	19.5	41.63888	-80.49512	8.8125	10.74166679	29.51007271	941.782959	27.20000076	-9.199999809	36.40000153	20.03333282	-2.283333302	20.03333282	-3.066666603	1045	108	54	19.86804199	311	186	311	196	800
N/A	N/A	Pe_16S00153	Rana catesbeiana	6/22/23	Pennsylvania	Tuttle Pond	N/A	NA	Adult	N/A	N/A	N/A		478	411	4.78E+05	41100	0.085983264	357	255	10	100	4	1.43E+06	1.02E+06	0.714285714	0.285714286	76161	46393	35287	20038	78893	63982	63447	43471	1.459524741	4.44E+05	9.55E+06	6.60E+05	3.55E+06	1	FALSE	0	NA	76000.51471	-83813.97234	76000.51471	0	20	41.69171	-80.50082	8.524999619	10.9333334	30.20257759	935.7143555	26.89999962	-9.300000191	36.20000076	19.66666603	-2.483333349	19.66666603	-3.333333254	1062	109	55	19.7213974	315	189	315	200	800
N/A	N/A	Pe_16S00664	Rana catesbeiana	7/23/24	Pennsylvania	Vorisek Pond	N/A	NA	Adult	N/A	N/A	N/A		307	278	3.07E+05	27800	0.090553746	403	380	10	100	4	1.61E+06	1.52E+06	0.94292804	0.05707196	50340	28405	29982	74271	84777	55362	55033	52679.33333	1.044679128	8.09E+05	9.35E+06	1.97E+05	3.45E+06	1	FALSE	0	NA	109854.6814	-83815.4975	109854.6814	0	20.3	41.59313	-80.35629	8.558333397	11.25	30.99173546	928.5028076	27	-9.300000191	36.29999924	19.63333321	-2.316666842	19.63333321	-3.233333349	1078	113	57	19.97618866	325	194	325	202	180
N/A	N/A	Pe_16S00488	Rana catesbeiana	6/6/24	Pennsylvania	RV Pond	N/A	NA	Adult	N/A	N/A	N/A		234	348	2.34E+05	34800	0.148717949	322	277	10	100	4	1.29E+06	1.11E+06	0.860248447	0.139751553	75711	85205	81665	21454	63162	20199	73512.66667	42286	1.738463479	3.23E+05	9.41E+06	9.48E+06	6.40E+06	1	FALSE	0	NA	71643.89706	-83812.94683	71643.89706	0	20.5	41.63888	-80.49512	8.8125	10.74166679	29.51007271	941.782959	27.20000076	-9.199999809	36.40000153	20.03333282	-2.283333302	20.03333282	-3.066666603	1045	108	54	19.86804199	311	186	311	196	800
N/A	N/A	Pe_16S00156	Rana catesbeiana	6/26/23	Pennsylvania	RV Pond	N/A	NA	Adult	N/A	N/A	N/A		313	448	3.13E+05	44800	0.14313099	382	347	10	100	4	1.53E+06	1.39E+06	0.908376963	0.091623037	50608	20766	67456	62396	35104	50969	51056	44710.33333	1.141928413	1.37E+05	9.18E+06	1.25E+07	7.28E+06	1	FALSE	0	27.456	80556.88725	-83815.13997	80556.88725	0	21.3	41.63888	-80.49512	8.8125	10.74166679	29.51007271	941.782959	27.20000076	-9.199999809	36.40000153	20.03333282	-2.283333302	20.03333282	-3.066666603	1045	108	54	19.86804199	311	186	311	196	800
N/A	N/A	Pe_16S00484	Rana catesbeiana	6/6/24	Pennsylvania	RV Pond	N/A	NA	Adult	N/A	N/A	N/A		292	287	2.92E+05	28700	0.098287671	306	326	10	100	4	1.22E+06	1.30E+06	1.065359477	-0.065359477	76445	47655	81058	82114	54950	75699	70817.66667	68489.33333	1.033995561	4.45E+05	9.67E+06	5.34E+06	5.15E+06	1	FALSE	0	NA	167979.6814	-83815.53678	167979.6814	0	21.4	41.63888	-80.49512	8.8125	10.74166679	29.51007271	941.782959	27.20000076	-9.199999809	36.40000153	20.03333282	-2.283333302	20.03333282	-3.066666603	1045	108	54	19.86804199	311	186	311	196	800
N/A	N/A	BdSwab00049	Rana catesbeiana	6/3/22	Pennsylvania	Phelps Pond	N/A		Adult	N/A	N/A	N/A		334	540	3.34E+05	54000	0.161676647	298	327	10	100	4	1.19E+06	1.31E+06	1.097315436	-0.097315436	71254	76838	82861	85975	44831	28295	66315.33333	63702.66667	1.041013458	3.41E+05	9.15E+06	1.43E+07	7.92E+06	1	TRUE	25884.67773	616.99	150381.6422	-83815.51098	150381.6422	0	21.7	41.69128	-80.51248	8.620833397	10.90833378	30.05050468	935.9450073	27	-9.300000191	36.29999924	19.76666641	-2.400000095	19.76666641	-3.233333349	1054	108	55	19.77835846	313	188	313	198	1230
N/A	N/A	Pe_16S00444	Rana catesbeiana	5/21/24	Pennsylvania	Tuttle Pond	N/A	NA	Adult	N/A	N/A	N/A		227	370	2.27E+05	37000	0.162995595	354	360	10	100	4	1.42E+06	1.44E+06	1.016949153	-0.016949153	31747	23584	47515	62966	29302	20882	36188	35810.66667	1.010536898	2.29E+05	9.62E+06	9.18E+06	6.34E+06	1	FALSE	0	NA	47837.52451	-83815.62303	47837.52451	0	22.4	41.69171	-80.50082	8.524999619	10.9333334	30.20257759	935.7143555	26.89999962	-9.300000191	36.20000076	19.66666603	-2.483333349	19.66666603	-3.333333254	1062	109	55	19.7213974	315	189	315	200	800
N/A	N/A	Pe_16S00666	Rana catesbeiana	7/23/24	Pennsylvania	Vorisek Pond	N/A	NA	Adult	N/A	N/A	N/A		346	290	3.46E+05	29000	0.083815029	350	362	10	100	4	1.40E+06	1.45E+06	1.034285714	-0.034285714	19358	42756	61111	53903	35325	33103	38598	43254	0.892356776	8.21E+05	9.63E+06	4.59E+06	5.01E+06	1	FALSE	0	NA	75202.72059	-83816.05751	75202.72059	0	23.2	41.59313	-80.35629	8.558333397	11.25	30.99173546	928.5028076	27	-9.300000191	36.29999924	19.63333321	-2.316666842	19.63333321	-3.233333349	1078	113	57	19.97618866	325	194	325	202	180
N/A	N/A	Pe_16S00447	Rana catesbeiana	5/21/24	Pennsylvania	Tuttle Pond	N/A	NA	Adult	N/A	N/A	N/A		195	37	1.95E+05	3700	0.018974359	278	227	10	100	4	1.11E+06	9.08E+05	0.816546763	0.183453237	32319	60040	91725	37371	19099	79611	47714.33333	59007.33333	0.808617008	3.50E+05	9.23E+06	6.30E+05	3.40E+06	1	FALSE	0	NA	133119.3873	-83816.36538	133119.3873	0	23.3	41.69171	-80.50082	8.524999619	10.9333334	30.20257759	935.7143555	26.89999962	-9.300000191	36.20000076	19.66666603	-2.483333349	19.66666603	-3.333333254	1062	109	55	19.7213974	315	189	315	200	800
N/A	N/A	Pe_16S00448	Rana catesbeiana	5/21/24	Pennsylvania	Tuttle Pond	N/A	NA	Adult	N/A	N/A	N/A		527	389	5.27E+05	38900	0.073814042	315	247	10	100	4	1.26E+06	9.88E+05	0.784126984	0.215873016	43056	71914	67945	42717	70757	28282	60586	47637.66667	1.271808723	3.58E+05	9.69E+06	3.06E+06	4.37E+06	1	FALSE	0	NA	91319.14216	-83814.66247	91319.14216	0	23.9	41.69171	-80.50082	8.524999619	10.9333334	30.20257759	935.7143555	26.89999962	-9.300000191	36.20000076	19.66666603	-2.483333349	19.66666603	-3.333333254	1062	109	55	19.7213974	315	189	315	200	800
N/A	N/A	Pe_16S00177	Rana catesbeiana	7/18/23	Pennsylvania	Vorisek Pond	N/A	NA	Adult	N/A	N/A	N/A		548	544	5.48E+05	54400	0.099270073	301	244	10	100	4	1.20E+06	9.76E+05	0.810631229	0.189368771	31033	35460	91276	81266	73645	26476	65318	47734	1.368374743	3.71E+05	9.41E+06	1.50E+07	8.26E+06	1	TRUE	59.39649963	503.69	91673.30882	-83814.30745	91673.30882	0	24.9	41.59313	-80.35629	8.558333397	11.25	30.99173546	928.5028076	27	-9.300000191	36.29999924	19.63333321	-2.316666842	19.63333321	-3.233333349	1078	113	57	19.97618866	325	194	325	202	180
N/A	N/A	Pe_16S00394	Rana catesbeiana	5/8/24	Pennsylvania	Tuttle Pond	N/A	NA	Adult	N/A	N/A	N/A		99	656	9.90E+04	65600	0.662626263	338	305	10	100	4	1.35E+06	1.22E+06	0.902366864	0.097633136	49544	79804	32707	36369	70506	23950	50919	46707.66667	1.090163642	2.60E+05	9.15E+06	9.59E+06	6.33E+06	1	TRUE	100.9597702	NA	87900.02451	-83815.33028	87900.02451	0	71.4	41.69171	-80.50082	8.524999619	10.9333334	30.20257759	935.7143555	26.89999962	-9.300000191	36.20000076	19.66666603	-2.483333349	19.66666603	-3.333333254	1062	109	55	19.7213974	315	189	315	200	800
N/A	N/A	Pe_16S00555	Rana catesbeiana	7/2/24	Pennsylvania	Tuttle Pond	N/A	NA	Adult	N/A	N/A	N/A		218	299	2.18E+05	29900	0.137155963	369	318	10	100	4	1.48E+06	1.27E+06	0.861788618	0.138211382	76680	28439	60628	46252	25029	33354	54112.33333	36015	1.502494331	7.21E+05	9.11E+06	2.76E+06	4.20E+06	1	FALSE	0	NA	48588.75	-83813.81436	48588.75	0	NA	41.69171	-80.50082	8.524999619	10.9333334	30.20257759	935.7143555	26.89999962	-9.300000191	36.20000076	19.66666603	-2.483333349	19.66666603	-3.333333254	1062	109	55	19.7213974	315	189	315	200	800
N/A	N/A	Pe_16S00564	Rana catesbeiana	7/2/24	Pennsylvania	Tuttle Pond	N/A	NA	Adult	N/A	N/A	N/A		340	211	3.40E+05	21100	0.062058824	286	386	10	100	4	1.14E+06	1.54E+06	1.34965035	-0.34965035	79554	78925	86370	75394	75759	70334	80561	74884.33333	1.075805798	8.71E+05	9.25E+06	1.20E+07	7.39E+06	1	FALSE	0	NA	191490.7108	-83815.38307	191490.7108	0	NA	41.69171	-80.50082	8.524999619	10.9333334	30.20257759	935.7143555	26.89999962	-9.300000191	36.20000076	19.66666603	-2.483333349	19.66666603	-3.333333254	1062	109	55	19.7213974	315	189	315	200	800
N/A	N/A	Pe_16S00399	Rana catesbeiana	5/8/24	Pennsylvania	Tuttle Pond	N/A	NA	Adult	N/A	N/A	N/A		190	295	1.90E+05	29500	0.155263158	338	239	10	100	4	1.35E+06	9.56E+05	0.707100592	0.292899408	73883	30872	38830	64605	46029	58657	52914	51378	1.029896064	3.88E+05	9.41E+06	6.70E+06	5.50E+06	1	TRUE	19.47473717	NA	105070.3676	-83815.55185	105070.3676	0	NA	41.69171	-80.50082	8.524999619	10.9333334	30.20257759	935.7143555	26.89999962	-9.300000191	36.20000076	19.66666603	-2.483333349	19.66666603	-3.333333254	1062	109	55	19.7213974	315	189	315	200	800
N/A	N/A	Pe_16S00352	Rana clamitans	4/13/24	Pennsylvania	Admin Pond	N/A	NA	Adult	N/A	N/A	N/A		368	391	3.68E+05	39100	0.10625	329	276	10	100	4	1.32E+06	1.10E+06	0.838905775	0.161094225	70712	39670	20975	41878	60575	82633	50754	54727	0.927403293	6.82E+05	9.23E+06	9.48E+06	6.47E+06	1	TRUE	37838.78125	NA	117382.8676	-83815.92866	117382.8676	0	7	41.64305	-80.4301	8.75	10.80000019	29.67033005	943.3282471	27.20000076	-9.199999809	36.40000153	20.01666641	-2.349999905	20.01666641	-3.133333206	1056	109	55	19.73647499	315	189	315	199	1230
N/A	N/A	Pe_16S00746	Rana clamitans	10/9/24	Pennsylvania	Tyron Weber	N/A		Adult	N/A	N/A	N/A		211	154	2.11E+05	15400	0.072985782	400	245	10	100	4	1.60E+06	9.80E+05	0.6125	0.3875	68130	30684	47543	54971	50137	41159	55270	42271.33333	1.30750548	2.62E+05	9.12E+06	8.08E+06	5.82E+06	1	FALSE	0	NA	71589.97549	-83814.53123	71589.97549	0	8.5	41.59313	-80.35629	8.558333397	11.25	30.99173546	928.5028076	27	-9.300000191	36.29999924	19.63333321	-2.316666842	19.63333321	-3.233333349	1078	113	57	19.97618866	325	194	325	202	800
N/A	N/A	Pe_16S00356	Rana clamitans	4/13/24	Pennsylvania	Admin Pond	N/A	NA	Adult	N/A	N/A	N/A		547	85	5.47E+05	8500	0.015539305	373	241	10	100	4	1.49E+06	9.64E+05	0.646112601	0.353887399	37474	27481	25877	35635	57920	48444	40423.66667	37186.66667	1.087047329	5.86E+05	9.29E+06	1.52E+07	8.35E+06	1	TRUE	1553131.625	NA	52896.34804	-83815.34174	52896.34804	0	9.6	41.64305	-80.4301	8.75	10.80000019	29.67033005	943.3282471	27.20000076	-9.199999809	36.40000153	20.01666641	-2.349999905	20.01666641	-3.133333206	1056	109	55	19.73647499	315	189	315	199	1230
N/A	N/A	Pe_16S00357	Rana clamitans	4/13/24	Pennsylvania	Admin Pond	N/A	NA	Adult	N/A	N/A	N/A		309	246	3.09E+05	24600	0.07961165	325	226	10	100	4	1.30E+06	9.04E+05	0.695384615	0.304615385	20594	76344	61330	20333	59765	73395	47229.66667	56690.66667	0.833111859	5.00E+05	9.33E+06	1.03E+07	6.71E+06	1	TRUE	24356.89063	NA	124602.2304	-83816.27532	124602.2304	0	9.7	41.64305	-80.4301	8.75	10.80000019	29.67033005	943.3282471	27.20000076	-9.199999809	36.40000153	20.01666641	-2.349999905	20.01666641	-3.133333206	1056	109	55	19.73647499	315	189	315	199	1230
N/A	N/A	Pe_16S00734	Rana clamitans	10/8/24	Pennsylvania	Vorisek Pond	N/A	NA	Adult	N/A	N/A	N/A		479	436	4.79E+05	43600	0.091022965	352	341	10	100	4	1.41E+06	1.36E+06	0.96875	0.03125	37966	84142	65388	79915	46592	43884	49982	69313.66667	0.721098773	6.11E+05	9.46E+06	5.61E+06	5.23E+06	1	TRUE	252.1325378	NA	171010.3186	-83816.68714	171010.3186	0	10	41.59313	-80.35629	8.558333397	11.25	30.99173546	928.5028076	27	-9.300000191	36.29999924	19.63333321	-2.316666842	19.63333321	-3.233333349	1078	113	57	19.97618866	325	194	325	202	180
N/A	N/A	Pe_16S00354	Rana clamitans	4/13/24	Pennsylvania	Admin Pond	N/A	NA	Adult	N/A	N/A	N/A		268	443	2.68E+05	44300	0.165298507	342	266	10	100	4	1.37E+06	1.06E+06	0.777777778	0.222222222	20704	47004	81781	37198	56121	67472	52868.66667	50558	1.045703285	5.68E+05	9.54E+06	5.13E+06	5.08E+06	1	TRUE	372179.625	NA	102055.6618	-83815.49374	102055.6618	0	10.1	41.64305	-80.4301	8.75	10.80000019	29.67033005	943.3282471	27.20000076	-9.199999809	36.40000153	20.01666641	-2.349999905	20.01666641	-3.133333206	1056	109	55	19.73647499	315	189	315	199	1230
N/A	N/A	Pe_16S00736	Rana clamitans	10/8/24	Pennsylvania	Vorisek Pond	N/A	NA	Adult	N/A	N/A	N/A		211	34	2.11E+05	3400	0.016113744	293	269	10	100	4	1.17E+06	1.08E+06	0.918088737	0.081911263	40696	52845	87769	76598	43569	35069	57344.66667	54837.33333	1.045723108	5.01E+05	9.44E+06	1.35E+07	7.80E+06	1	FALSE	0	NA	117788.5049	-83815.49367	117788.5049	0	10.2	41.59313	-80.35629	8.558333397	11.25	30.99173546	928.5028076	27	-9.300000191	36.29999924	19.63333321	-2.316666842	19.63333321	-3.233333349	1078	113	57	19.97618866	325	194	325	202	180
N/A	N/A	Pe_16S00355	Rana clamitans	4/13/24	Pennsylvania	Admin Pond	N/A	NA	Adult	N/A	N/A	N/A		149	502	1.49E+05	50200	0.336912752	404	272	10	100	4	1.62E+06	1.09E+06	0.673267327	0.326732673	38973	60269	73204	89817	33174	32680	48450.33333	60922	0.795284681	6.16E+05	9.64E+06	1.00E+07	6.75E+06	1	TRUE	46298.69531	NA	140158.6029	-83816.41439	140158.6029	0	11	41.64305	-80.4301	8.75	10.80000019	29.67033005	943.3282471	27.20000076	-9.199999809	36.40000153	20.01666641	-2.349999905	20.01666641	-3.133333206	1056	109	55	19.73647499	315	189	315	199	1230
N/A	N/A	Pe_16S00732	Rana clamitans	10/8/24	Pennsylvania	Vorisek Pond	N/A	NA	Adult	N/A	N/A	N/A		471	369	4.71E+05	36900	0.078343949	423	303	10	100	4	1.69E+06	1.21E+06	0.716312057	0.283687943	75459	75229	65879	79449	52472	47925	64603.33333	67534.33333	0.956599853	2.16E+05	9.27E+06	1.52E+07	8.24E+06	1	FALSE	0	NA	164468.652	-83815.82132	164468.652	0	11.6	41.59313	-80.35629	8.558333397	11.25	30.99173546	928.5028076	27	-9.300000191	36.29999924	19.63333321	-2.316666842	19.63333321	-3.233333349	1078	113	57	19.97618866	325	194	325	202	180
N/A	N/A	Pe_16S00750	Rana clamitans	10/9/24	Pennsylvania	Tyron Weber	N/A		Adult	N/A	N/A	N/A		129	81	1.29E+05	8100	0.062790698	408	257	10	100	4	1.63E+06	1.03E+06	0.629901961	0.370098039	74186	55693	34870	38228	37857	42009	48971	45310	1.080798941	1.96E+05	9.37E+06	9.44E+06	6.34E+06	1	TRUE	1324.905029	NA	82761.54412	-83815.36471	82761.54412	0	11.6	41.59313	-80.35629	8.558333397	11.25	30.99173546	928.5028076	27	-9.300000191	36.29999924	19.63333321	-2.316666842	19.63333321	-3.233333349	1078	113	57	19.97618866	325	194	325	202	800
N/A	N/A	Pe_16S00741	Rana clamitans	10/9/24	Pennsylvania	Tyron Weber	N/A		Adult	N/A	N/A	N/A		449	363	4.49E+05	36300	0.080846325	332	343	10	100	4	1.33E+06	1.37E+06	1.03313253	-0.03313253	85292	58582	87482	50791	27875	45478	66883	51617	1.295755274	5.03E+05	9.64E+06	1.05E+07	6.89E+06	1	FALSE	0	NA	105949.0441	-83814.57443	105949.0441	0	11.9	41.59313	-80.35629	8.558333397	11.25	30.99173546	928.5028076	27	-9.300000191	36.29999924	19.63333321	-2.316666842	19.63333321	-3.233333349	1078	113	57	19.97618866	325	194	325	202	800
N/A	N/A	Pe_16S00744	Rana clamitans	10/9/24	Pennsylvania	Tyron Weber	N/A		Adult	N/A	N/A	N/A		556	216	5.56E+05	21600	0.038848921	382	228	10	100	4	1.53E+06	9.12E+05	0.596858639	0.403141361	44861	71069	44613	91012	70013	42313	53162.33333	68131.33333	0.780291985	1.37E+05	9.59E+06	4.05E+06	4.59E+06	1	TRUE	79.27380371	NA	166663.5049	-83816.46951	166663.5049	0	12.2	41.59313	-80.35629	8.558333397	11.25	30.99173546	928.5028076	27	-9.300000191	36.29999924	19.63333321	-2.316666842	19.63333321	-3.233333349	1078	113	57	19.97618866	325	194	325	202	800
N/A	N/A	Pe_16S00738	Rana clamitans	10/8/24	Pennsylvania	Vorisek Pond	N/A	NA	Adult	N/A	N/A	N/A		177	229	1.77E+05	22900	0.129378531	354	313	10	100	4	1.42E+06	1.25E+06	0.884180791	0.115819209	39254	37562	71956	24628	91006	90346	67405.33333	50845.33333	1.325693607	6.72E+05	9.11E+06	4.50E+06	4.76E+06	1	TRUE	563.1508789	NA	103112.0343	-83814.46436	103112.0343	0	12.9	41.59313	-80.35629	8.558333397	11.25	30.99173546	928.5028076	27	-9.300000191	36.29999924	19.63333321	-2.316666842	19.63333321	-3.233333349	1078	113	57	19.97618866	325	194	325	202	180
N/A	N/A	Pe_16S00455	Rana clamitans	5/28/24	Pennsylvania	Tyron Weber	N/A		Adult	N/A	N/A	N/A		528	560	5.28E+05	56000	0.106060606	352	380	10	100	4	1.41E+06	1.52E+06	1.079545455	-0.079545455	68496	30459	20001	32300	23628	43270	37375	35343	1.057493705	8.11E+05	9.66E+06	7.80E+06	6.09E+06	1	FALSE	0	NA	46118.16176	-83815.45039	46118.16176	0	13.6	41.59313	-80.35629	8.558333397	11.25	30.99173546	928.5028076	27	-9.300000191	36.29999924	19.63333321	-2.316666842	19.63333321	-3.233333349	1078	113	57	19.97618866	325	194	325	202	800
N/A	N/A	Pe_16S00748	Rana clamitans	10/9/24	Pennsylvania	Tyron Weber	N/A		Adult	N/A	N/A	N/A		349	243	3.49E+05	24300	0.069627507	314	315	10	100	4	1.26E+06	1.26E+06	1.003184713	-0.003184713	53438	52291	65995	25720	44542	42032	54658.33333	40014.33333	1.365968861	3.92E+05	9.30E+06	4.65E+06	4.78E+06	1	FALSE	0	NA	63292.18137	-83814.31629	63292.18137	0	13.8	41.59313	-80.35629	8.558333397	11.25	30.99173546	928.5028076	27	-9.300000191	36.29999924	19.63333321	-2.316666842	19.63333321	-3.233333349	1078	113	57	19.97618866	325	194	325	202	800
N/A	N/A	BdSwab00042	Rana clamitans	6/3/22	Pennsylvania	Phelps Pond	N/A		Adult	N/A	N/A	N/A		305	447	3.05E+05	44700	0.146557377	298	251	10	100	4	1.19E+06	1.00E+06	0.842281879	0.157718121	56834	80867	92636	50862	60821	60291	70097	64006.66667	1.095151547	6.45E+05	9.56E+06	5.47E+05	3.58E+06	1	FALSE	0	NA	151499.2892	-83815.31194	151499.2892	0	15.2	41.69128	-80.51248	8.620833397	10.90833378	30.05050468	935.9450073	27	-9.300000191	36.29999924	19.76666641	-2.400000095	19.76666641	-3.233333349	1054	108	55	19.77835846	313	188	313	198	1230
N/A	N/A	BdSwab00038	Rana clamitans	6/3/22	Pennsylvania	Phelps Pond	N/A		Adult	N/A	N/A	N/A		100	524	1.00E+05	52400	0.524	369	315	10	100	4	1.48E+06	1.26E+06	0.853658537	0.146341463	69125	79614	58763	93950	78005	34653	68631	69405.66667	0.988838567	8.86E+05	9.43E+06	1.21E+07	7.46E+06	1	TRUE	3247.467651	NA	171348.5539	-83815.7028	171348.5539	0	15.3	41.69128	-80.51248	8.620833397	10.90833378	30.05050468	935.9450073	27	-9.300000191	36.29999924	19.76666641	-2.400000095	19.76666641	-3.233333349	1054	108	55	19.77835846	313	188	313	198	1230
N/A	N/A	Pe_16S00367	Rana clamitans	5/6/24	Pennsylvania	RV Pond	N/A	NA	Adult	N/A	N/A	N/A		221	58	2.21E+05	5800	0.026244344	414	299	10	100	4	1.66E+06	1.20E+06	0.722222222	0.277777778	28025	53370	26421	49168	36009	50262	30151.66667	50933.33333	0.591982984	3.33E+05	9.33E+06	1.46E+07	8.09E+06	1	TRUE	1640.030518	NA	103435.5637	-83817.16183	103435.5637	0	15.8	41.63888	-80.49512	8.8125	10.74166679	29.51007271	941.782959	27.20000076	-9.199999809	36.40000153	20.03333282	-2.283333302	20.03333282	-3.066666603	1045	108	54	19.86804199	311	186	311	196	800
N/A	N/A	Pe_16S00370	Rana clamitans	5/6/24	Pennsylvania	RV Pond	N/A	NA	Adult	N/A	N/A	N/A		467	563	4.67E+05	56300	0.120556745	401	379	10	100	4	1.60E+06	1.52E+06	0.945137157	0.054862843	61229	23005	34565	36272	23591	59296	39795	39524.33333	1.006848102	2.79E+05	9.52E+06	1.35E+07	7.76E+06	1	TRUE	96.30439758	NA	61490.71078	-83815.63659	61490.71078	0	16.2	41.63888	-80.49512	8.8125	10.74166679	29.51007271	941.782959	27.20000076	-9.199999809	36.40000153	20.03333282	-2.283333302	20.03333282	-3.066666603	1045	108	54	19.86804199	311	186	311	196	800
N/A	N/A	Pe_16S00366	Rana clamitans	5/6/24	Pennsylvania	RV Pond	N/A	NA	Adult	N/A	N/A	N/A		500	444	5.00E+05	44400	0.0888	387	339	10	100	4	1.55E+06	1.36E+06	0.875968992	0.124031008	65034	30926	45280	51177	47729	88139	52681	56747.33333	0.928343182	7.89E+05	9.33E+06	1.36E+07	7.92E+06	1	TRUE	13.45400429	NA	124810.5637	-83815.92521	124810.5637	0	16.3	41.63888	-80.49512	8.8125	10.74166679	29.51007271	941.782959	27.20000076	-9.199999809	36.40000153	20.03333282	-2.283333302	20.03333282	-3.066666603	1045	108	54	19.86804199	311	186	311	196	800
N/A	N/A	DrySwab00034	Rana clamitans	6/27/22	Pennsylvania	Vorisek Pond	N/A	NA	Adult	N/A	N/A	N/A		531	583	5.31E+05	58300	0.109792844	334	286	10	100	4	1.34E+06	1.14E+06	0.856287425	0.143712575	86031	32806	33148	72504	37625	63420	52268	56243.33333	0.92931903	7.03E+05	9.27E+06	1.16E+07	7.17E+06	1	FALSE	0	NA	122957.6225	-83815.92162	122957.6225	0	16.4	41.59313	-80.35629	8.558333397	11.25	30.99173546	928.5028076	27	-9.300000191	36.29999924	19.63333321	-2.316666842	19.63333321	-3.233333349	1078	113	57	19.97618866	325	194	325	202	180
N/A	N/A	DrySwab00030	Rana clamitans	6/27/22	Pennsylvania	Vorisek Pond	N/A	NA	Adult	N/A	N/A	N/A		117	14	1.17E+05	1400	0.011965812	299	327	10	100	4	1.20E+06	1.31E+06	1.093645485	-0.093645485	40218	36045	26604	68366	88726	78126	51849.33333	60845.66667	0.852145045	8.90E+05	9.28E+06	1.30E+07	7.74E+06	1	FALSE	0	NA	139877.9657	-83816.20535	139877.9657	0	16.4	41.59313	-80.35629	8.558333397	11.25	30.99173546	928.5028076	27	-9.300000191	36.29999924	19.63333321	-2.316666842	19.63333321	-3.233333349	1078	113	57	19.97618866	325	194	325	202	180
N/A	N/A	Pe_16S00475	Rana clamitans	6/3/24	Pennsylvania	Wood Lab Pond	N/A	NA	Adult	N/A	N/A	N/A		185	633	1.85E+05	63300	0.342162162	398	368	10	100	4	1.59E+06	1.47E+06	0.924623116	0.075376884	43799	39004	37341	59411	55735	33754	45625	44056.33333	1.035605929	3.55E+05	9.25E+06	5.33E+06	4.98E+06	1	FALSE	0	NA	78152.47549	-83815.53086	78152.47549	0	16.7	41.56972	-80.4525	8.516666412	11.20000076	30.51771164	937.7253418	27.10000038	-9.600000381	36.70000076	19.68333435	-2.483333349	19.68333435	-3.383333445	1057	110	54	20.1629982	317	189	317	196	800
N/A	N/A	DrySwab00027	Rana clamitans	6/27/22	Pennsylvania	Vorisek Pond	N/A	NA	Adult	N/A	N/A	N/A		543	456	5.43E+05	45600	0.083977901	379	271	10	100	4	1.52E+06	1.08E+06	0.715039578	0.284960422	31082	45482	48609	89742	30900	76737	36863.66667	70653.66667	0.521751643	3.55E+05	9.60E+06	4.13E+06	4.69E+06	1	FALSE	0	NA	175936.7892	-83817.42003	175936.7892	0	16.9	41.59313	-80.35629	8.558333397	11.25	30.99173546	928.5028076	27	-9.300000191	36.29999924	19.63333321	-2.316666842	19.63333321	-3.233333349	1078	113	57	19.97618866	325	194	325	202	180
N/A	N/A	Pe_16S00384	Rana clamitans	5/8/24	Pennsylvania	Tuttle Pond	N/A	NA	Adult	N/A	N/A	N/A		300	390	3.00E+05	39000	0.13	326	360	10	100	4	1.30E+06	1.44E+06	1.104294479	-0.104294479	33880	49364	59576	79284	52099	58016	48518.33333	62221.33333	0.779770068	7.21E+05	9.59E+06	7.40E+06	5.90E+06	1	TRUE	29.69626808	NA	144935.5637	-83816.47143	144935.5637	0	16.9	41.69171	-80.50082	8.524999619	10.9333334	30.20257759	935.7143555	26.89999962	-9.300000191	36.20000076	19.66666603	-2.483333349	19.66666603	-3.333333254	1062	109	55	19.7213974	315	189	315	200	800
N/A	N/A	Pe_16S00368	Rana clamitans	5/6/24	Pennsylvania	RV Pond	N/A	NA	Adult	N/A	N/A	N/A		101	193	1.01E+05	19300	0.191089109	314	239	10	100	4	1.26E+06	9.56E+05	0.761146497	0.238853503	49971	47502	72324	46814	66598	37923	62964.33333	44079.66667	1.428421268	8.82E+05	9.59E+06	1.51E+07	8.52E+06	1	TRUE	678.2936401	NA	78238.2598	-83814.08669	78238.2598	0	16.9	41.63888	-80.49512	8.8125	10.74166679	29.51007271	941.782959	27.20000076	-9.199999809	36.40000153	20.03333282	-2.283333302	20.03333282	-3.066666603	1045	108	54	19.86804199	311	186	311	196	800
N/A	N/A	Pe_16S00403	Rana clamitans	5/8/24	Pennsylvania	Tuttle Pond	N/A	NA	Adult	N/A	N/A	N/A		305	31	3.05E+05	3100	0.010163934	343	328	10	100	4	1.37E+06	1.31E+06	0.956268222	0.043731778	37377	65955	51641	81107	22866	19414	37294.66667	55492	0.672072851	6.53E+05	9.48E+06	1.31E+07	7.75E+06	1	TRUE	747.5797119	NA	120195.3676	-83816.86738	120195.3676	0	17	41.69171	-80.50082	8.524999619	10.9333334	30.20257759	935.7143555	26.89999962	-9.300000191	36.20000076	19.66666603	-2.483333349	19.66666603	-3.333333254	1062	109	55	19.7213974	315	189	315	200	800
N/A	N/A	Pe_16S00472	Rana clamitans	6/3/24	Pennsylvania	Wood Lab Pond	N/A	NA	Adult	N/A	N/A	N/A		351	214	3.51E+05	21400	0.060968661	374	353	10	100	4	1.50E+06	1.41E+06	0.943850267	0.056149733	71990	46079	63126	89883	69969	44274	68361.66667	60078.66667	1.137869238	7.94E+05	9.67E+06	4.07E+06	4.85E+06	1	TRUE	2592.716797	NA	137058.1127	-83815.15489	137058.1127	0	17	41.56972	-80.4525	8.516666412	11.20000076	30.51771164	937.7253418	27.10000038	-9.600000381	36.70000076	19.68333435	-2.483333349	19.68333435	-3.383333445	1057	110	54	20.1629982	317	189	317	196	800
N/A	N/A	Pe_16S00404	Rana clamitans	5/8/24	Pennsylvania	Tuttle Pond	N/A	NA	Adult	N/A	N/A	N/A		290	489	2.90E+05	48900	0.16862069	328	328	10	100	4	1.31E+06	1.31E+06	1	0	27717	51216	93298	90623	56611	46423	59208.66667	62754	0.943504265	7.39E+05	9.21E+06	1.25E+07	7.49E+06	1	TRUE	245.4302826	NA	146893.8971	-83815.86947	146893.8971	0	17.3	41.69171	-80.50082	8.524999619	10.9333334	30.20257759	935.7143555	26.89999962	-9.300000191	36.20000076	19.66666603	-2.483333349	19.66666603	-3.333333254	1062	109	55	19.7213974	315	189	315	200	800
N/A	N/A	Pe_16S00470	Rana clamitans	6/3/24	Pennsylvania	Wood Lab Pond	N/A	NA	Adult	N/A	N/A	N/A		209	411	2.09E+05	41100	0.196650718	412	365	10	100	4	1.65E+06	1.46E+06	0.88592233	0.11407767	31017	78016	85793	61622	45367	27977	54059	55871.66667	0.967556603	3.16E+05	9.15E+06	1.39E+07	7.79E+06	1	FALSE	0	NA	121591.201	-83815.78104	121591.201	0	17.4	41.56972	-80.4525	8.516666412	11.20000076	30.51771164	937.7253418	27.10000038	-9.600000381	36.70000076	19.68333435	-2.483333349	19.68333435	-3.383333445	1057	110	54	20.1629982	317	189	317	196	800
N/A	N/A	DrySwab00029	Rana clamitans	6/27/22	Pennsylvania	Vorisek Pond	N/A	NA	Adult	N/A	N/A	N/A		441	327	4.41E+05	32700	0.07414966	423	264	10	100	4	1.69E+06	1.06E+06	0.624113475	0.375886525	79890	78724	50594	28030	55582	58457	62022	55070.33333	1.126232515	6.43E+05	9.33E+06	1.51E+06	3.83E+06	1	TRUE	38492.9126	NA	118645.1225	-83815.19767	118645.1225	0	17.4	41.59313	-80.35629	8.558333397	11.25	30.99173546	928.5028076	27	-9.300000191	36.29999924	19.63333321	-2.316666842	19.63333321	-3.233333349	1078	113	57	19.97618866	325	194	325	202	180
N/A	N/A	BdSwab00058	Rana clamitans	6/4/22	Pennsylvania	Phelps Pond	N/A		Adult	N/A	N/A	N/A		112	48	1.12E+05	4800	0.042857143	376	281	10	100	4	1.50E+06	1.12E+06	0.747340426	0.252659574	37073	58359	77272	31852	68723	67248	61022.66667	52486.33333	1.162639163	3.68E+05	9.34E+06	7.93E+06	5.88E+06	1	TRUE	800.3473663	NA	109145.1225	-83815.06383	109145.1225	0	17.6	41.69128	-80.51248	8.620833397	10.90833378	30.05050468	935.9450073	27	-9.300000191	36.29999924	19.76666641	-2.400000095	19.76666641	-3.233333349	1054	108	55	19.77835846	313	188	313	198	1230
N/A	N/A	Pe_16S00474	Rana clamitans	6/3/24	Pennsylvania	Wood Lab Pond	N/A	NA	Adult	N/A	N/A	N/A		175	539	1.75E+05	53900	0.308	289	387	10	100	4	1.16E+06	1.55E+06	1.339100346	-0.339100346	68009	49723	57959	80968	74503	54842	66823.66667	61844.33333	1.080513979	2.39E+05	9.49E+06	9.51E+06	6.41E+06	1	TRUE	29.57941055	NA	143549.5343	-83815.36576	143549.5343	0	17.8	41.56972	-80.4525	8.516666412	11.20000076	30.51771164	937.7253418	27.10000038	-9.600000381	36.70000076	19.68333435	-2.483333349	19.68333435	-3.383333445	1057	110	54	20.1629982	317	189	317	196	800
N/A	N/A	DrySwab00028	Rana clamitans	6/27/22	Pennsylvania	Vorisek Pond	N/A	NA	Adult	N/A	N/A	N/A		169	51	1.69E+05	5100	0.030177515	287	229	10	100	4	1.15E+06	9.16E+05	0.797909408	0.202090592	37817	22620	59670	85398	86865	35746	61450.66667	47921.33333	1.282323808	9.12E+05	9.48E+06	6.56E+05	3.68E+06	1	FALSE	0	NA	92362.03431	-83814.62381	92362.03431	0	17.9	41.59313	-80.35629	8.558333397	11.25	30.99173546	928.5028076	27	-9.300000191	36.29999924	19.63333321	-2.316666842	19.63333321	-3.233333349	1078	113	57	19.97618866	325	194	325	202	180
N/A	N/A	BdSwab00057	Rana clamitans	6/4/22	Pennsylvania	Phelps Pond	N/A		Adult	N/A	N/A	N/A		537	646	5.37E+05	64600	0.120297952	395	245	10	100	4	1.58E+06	9.80E+05	0.620253165	0.379746835	75279	48539	68687	47011	21375	88164	55113.66667	61238	0.899991291	9.18E+05	9.22E+06	4.19E+06	4.78E+06	1	FALSE	0	NA	141320.3676	-83816.02944	141320.3676	0	18	41.69128	-80.51248	8.620833397	10.90833378	30.05050468	935.9450073	27	-9.300000191	36.29999924	19.76666641	-2.400000095	19.76666641	-3.233333349	1054	108	55	19.77835846	313	188	313	198	1230
N/A	N/A	Pe_16S00471	Rana clamitans	6/3/24	Pennsylvania	Wood Lab Pond	N/A	NA	Adult	N/A	N/A	N/A		101	95	1.01E+05	9500	0.094059406	382	335	10	100	4	1.53E+06	1.34E+06	0.876963351	0.123036649	69299	83853	51178	19322	43471	43991	54649.33333	49055.33333	1.114034492	5.03E+05	9.50E+06	6.01E+06	5.34E+06	1	FALSE	0	NA	96531.15196	-83815.24252	96531.15196	0	18.1	41.56972	-80.4525	8.516666412	11.20000076	30.51771164	937.7253418	27.10000038	-9.600000381	36.70000076	19.68333435	-2.483333349	19.68333435	-3.383333445	1057	110	54	20.1629982	317	189	317	196	800
N/A	N/A	BdSwab00043	Rana clamitans	6/3/22	Pennsylvania	Phelps Pond	N/A		Adult	N/A	N/A	N/A		484	502	4.84E+05	50200	0.103719008	410	338	10	100	4	1.64E+06	1.35E+06	0.824390244	0.175609756	38527	20052	55968	62898	90937	67607	61810.66667	50185.66667	1.231639844	2.18E+05	9.24E+06	9.19E+06	6.22E+06	1	FALSE	0	NA	100686.7892	-83814.81015	100686.7892	0	18.3	41.69128	-80.51248	8.620833397	10.90833378	30.05050468	935.9450073	27	-9.300000191	36.29999924	19.76666641	-2.400000095	19.76666641	-3.233333349	1054	108	55	19.77835846	313	188	313	198	1230
N/A	N/A	Pe_16S00437	Rana clamitans	5/20/24	Pennsylvania	Wood Lab Pond	N/A	NA	Adult	N/A	N/A	N/A		278	90	2.78E+05	9000	0.032374101	331	378	10	100	4	1.32E+06	1.51E+06	1.141993958	-0.141993958	20083	73620	78530	63513	77497	40903	58703.33333	59345.33333	0.989181963	8.70E+05	9.24E+06	4.89E+05	3.53E+06	1	FALSE	0	NA	134362.0343	-83815.70154	134362.0343	0	18.3	41.56972	-80.4525	8.516666412	11.20000076	30.51771164	937.7253418	27.10000038	-9.600000381	36.70000076	19.68333435	-2.483333349	19.68333435	-3.383333445	1057	110	54	20.1629982	317	189	317	196	800
N/A	N/A	Pe_16S00170	Rana clamitans	6/27/23	Pennsylvania	RV Pond	N/A	NA	Adult	N/A	N/A	N/A		100	536	1.00E+05	53600	0.536	395	380	10	100	4	1.58E+06	1.52E+06	0.962025316	0.037974684	58641	69488	93558	72623	55121	56333	69106.66667	66148	1.044727984	8.98E+05	9.25E+06	4.97E+06	5.04E+06	1	FALSE	0	NA	159371.8382	-83815.49732	159371.8382	0	18.5	41.63888	-80.49512	8.8125	10.74166679	29.51007271	941.782959	27.20000076	-9.199999809	36.40000153	20.03333282	-2.283333302	20.03333282	-3.066666603	1045	108	54	19.86804199	311	186	311	196	800
N/A	N/A	BdSwab00045	Rana clamitans	6/3/22	Pennsylvania	Phelps Pond	N/A		Adult	N/A	N/A	N/A		403	557	4.03E+05	55700	0.1382134	381	363	10	100	4	1.52E+06	1.45E+06	0.952755906	0.047244094	33766	51882	20449	79458	33722	49959	29312.33333	60433	0.485038528	6.64E+05	9.52E+06	6.60E+05	3.61E+06	1	TRUE	3680.924377	NA	138360.8088	-83817.55501	138360.8088	0	18.5	41.69128	-80.51248	8.620833397	10.90833378	30.05050468	935.9450073	27	-9.300000191	36.29999924	19.76666641	-2.400000095	19.76666641	-3.233333349	1054	108	55	19.77835846	313	188	313	198	1230
N/A	N/A	BdSwab00052	Rana clamitans	6/4/22	Pennsylvania	Phelps Pond	N/A		Adult	N/A	N/A	N/A		388	61	3.88E+05	6100	0.015721649	359	316	10	100	4	1.44E+06	1.26E+06	0.880222841	0.119777159	50088	35480	67635	58829	48596	45454	55439.66667	46587.66667	1.19000737	2.77E+05	9.43E+06	1.76E+06	3.82E+06	1	TRUE	12056.04004	NA	87458.84804	-83814.96321	87458.84804	0	18.5	41.69128	-80.51248	8.620833397	10.90833378	30.05050468	935.9450073	27	-9.300000191	36.29999924	19.76666641	-2.400000095	19.76666641	-3.233333349	1054	108	55	19.77835846	313	188	313	198	1230
N/A	N/A	DrySwab00031	Rana clamitans	6/27/22	Pennsylvania	Vorisek Pond	N/A	NA	Adult	N/A	N/A	N/A		388	13	3.88E+05	1300	0.003350515	375	275	10	100	4	1.50E+06	1.10E+06	0.733333333	0.266666667	47316	33414	55054	60316	60111	83685	54160.33333	59138.33333	0.915824479	2.12E+05	9.18E+06	7.98E+06	5.79E+06	1	FALSE	0	NA	133601.0049	-83815.97123	133601.0049	0	18.6	41.59313	-80.35629	8.558333397	11.25	30.99173546	928.5028076	27	-9.300000191	36.29999924	19.63333321	-2.316666842	19.63333321	-3.233333349	1078	113	57	19.97618866	325	194	325	202	180
N/A	N/A	BdSwab00044	Rana clamitans	6/3/22	Pennsylvania	Phelps Pond	N/A		Adult	N/A	N/A	N/A		515	45	5.15E+05	4500	0.008737864	325	272	10	100	4	1.30E+06	1.09E+06	0.836923077	0.163076923	23553	76359	31326	41356	73647	54079	42842	57264.66667	0.748140214	1.35E+05	9.37E+06	4.34E+06	4.61E+06	1	TRUE	9966.793823	NA	126712.5245	-83816.58772	126712.5245	0	18.6	41.69128	-80.51248	8.620833397	10.90833378	30.05050468	935.9450073	27	-9.300000191	36.29999924	19.76666641	-2.400000095	19.76666641	-3.233333349	1054	108	55	19.77835846	313	188	313	198	1230
N/A	N/A	BdSwab00046	Rana clamitans	6/3/22	Pennsylvania	Phelps Pond	N/A		Adult	N/A	N/A	N/A		425	247	4.25E+05	24700	0.058117647	357	325	10	100	4	1.43E+06	1.30E+06	0.910364146	0.089635854	55101	34144	85640	32606	43855	72854	61532	46534.66667	1.322283029	8.35E+05	9.49E+06	5.39E+06	5.24E+06	1	FALSE	0	NA	87263.9951	-83814.4769	87263.9951	0	18.7	41.69128	-80.51248	8.620833397	10.90833378	30.05050468	935.9450073	27	-9.300000191	36.29999924	19.76666641	-2.400000095	19.76666641	-3.233333349	1054	108	55	19.77835846	313	188	313	198	1230
N/A	N/A	Pe_16S00166	Rana clamitans	6/27/23	Pennsylvania	RV Pond	N/A	NA	Adult	N/A	N/A	N/A		303	380	3.03E+05	38000	0.125412541	335	325	10	100	4	1.34E+06	1.30E+06	0.970149254	0.029850746	62358	45360	62738	41450	40037	58762	55044.33333	48524	1.134373369	3.86E+05	9.40E+06	5.56E+06	5.12E+06	1	TRUE	847.9084473	NA	94577.72059	-83815.16774	94577.72059	0	18.7	41.63888	-80.49512	8.8125	10.74166679	29.51007271	941.782959	27.20000076	-9.199999809	36.40000153	20.03333282	-2.283333302	20.03333282	-3.066666603	1045	108	54	19.86804199	311	186	311	196	800
N/A	N/A	Pe_16S00510	Rana clamitans	6/17/24	Pennsylvania	Tyron Weber	N/A		Adult	N/A	N/A	N/A		517	296	5.17E+05	29600	0.057253385	395	332	10	100	4	1.58E+06	1.33E+06	0.840506329	0.159493671	24917	71817	76017	39331	47418	45768	49450.66667	52305.33333	0.945423029	2.76E+05	9.66E+06	7.19E+06	5.71E+06	1	TRUE	41.18740082	NA	108479.6814	-83815.86242	108479.6814	0	18.8	41.59313	-80.35629	8.558333397	11.25	30.99173546	928.5028076	27	-9.300000191	36.29999924	19.63333321	-2.316666842	19.63333321	-3.233333349	1078	113	57	19.97618866	325	194	325	202	800
N/A	N/A	BdSwab00053	Rana clamitans	6/4/22	Pennsylvania	Phelps Pond	N/A		Adult	N/A	N/A	N/A		526	81	5.26E+05	8100	0.01539924	337	387	10	100	4	1.35E+06	1.55E+06	1.148367953	-0.148367953	26650	59967	58970	72267	75121	90026	53580.33333	74086.66667	0.723211554	4.68E+05	9.53E+06	7.95E+06	5.98E+06	1	FALSE	0	NA	188558.1127	-83816.67937	188558.1127	0	18.9	41.69128	-80.51248	8.620833397	10.90833378	30.05050468	935.9450073	27	-9.300000191	36.29999924	19.76666641	-2.400000095	19.76666641	-3.233333349	1054	108	55	19.77835846	313	188	313	198	1230
N/A	N/A	Pe_16S00439	Rana clamitans	5/20/24	Pennsylvania	Wood Lab Pond	N/A	NA	Adult	N/A	N/A	N/A		367	432	3.67E+05	43200	0.117711172	326	334	10	100	4	1.30E+06	1.34E+06	1.024539877	-0.024539877	69069	22862	93251	84438	37001	58443	66440.33333	55247.66667	1.202590758	6.48E+05	9.69E+06	1.34E+06	3.89E+06	1	FALSE	0	NA	119297.0833	-83814.91695	119297.0833	0	18.9	41.56972	-80.4525	8.516666412	11.20000076	30.51771164	937.7253418	27.10000038	-9.600000381	36.70000076	19.68333435	-2.483333349	19.68333435	-3.383333445	1057	110	54	20.1629982	317	189	317	196	800
N/A	N/A	Pe_16S00389	Rana clamitans	5/8/24	Pennsylvania	Tuttle Pond	N/A	NA	Adult	N/A	N/A	N/A		235	24	2.35E+05	2400	0.010212766	314	386	10	100	4	1.26E+06	1.54E+06	1.229299363	-0.229299363	23881	42042	91883	51196	45551	86563	53771.66667	59933.66667	0.897186334	7.83E+05	9.25E+06	5.16E+06	5.06E+06	1	TRUE	242.6317139	NA	136525.0245	-83816.03976	136525.0245	0	19.1	41.69171	-80.50082	8.524999619	10.9333334	30.20257759	935.7143555	26.89999962	-9.300000191	36.20000076	19.66666603	-2.483333349	19.66666603	-3.333333254	1062	109	55	19.7213974	315	189	315	200	800
N/A	N/A	Pe_16S00658	Rana clamitans	7/23/24	Pennsylvania	Vorisek Pond	N/A	NA	Adult	N/A	N/A	N/A		477	360	4.77E+05	36000	0.075471698	296	334	10	100	4	1.18E+06	1.34E+06	1.128378378	-0.128378378	42161	28584	54354	38182	60995	29032	52503.33333	31932.66667	1.644188814	6.11E+05	9.14E+06	1.46E+07	8.11E+06	1	FALSE	0	NA	33580.17157	-83813.29342	33580.17157	0	19.3	41.59313	-80.35629	8.558333397	11.25	30.99173546	928.5028076	27	-9.300000191	36.29999924	19.63333321	-2.316666842	19.63333321	-3.233333349	1078	113	57	19.97618866	325	194	325	202	180
N/A	N/A	Pe_16S00167	Rana clamitans	6/27/23	Pennsylvania	RV Pond	N/A	NA	Adult	N/A	N/A	N/A		308	30	3.08E+05	3000	0.00974026	290	274	10	100	4	1.16E+06	1.10E+06	0.944827586	0.055172414	38500	23400	74332	84070	75835	23906	62889	43792	1.436084216	7.55E+05	9.56E+06	3.22E+05	3.55E+06	1	TRUE	15.59854317	NA	77180.66176	-83814.05851	77180.66176	0	19.3	41.63888	-80.49512	8.8125	10.74166679	29.51007271	941.782959	27.20000076	-9.199999809	36.40000153	20.03333282	-2.283333302	20.03333282	-3.066666603	1045	108	54	19.86804199	311	186	311	196	800
N/A	N/A	Pe_16S00388	Rana clamitans	5/8/24	Pennsylvania	Tuttle Pond	N/A	NA	Adult	N/A	N/A	N/A		341	311	3.41E+05	31100	0.091202346	392	357	10	100	4	1.57E+06	1.43E+06	0.910714286	0.089285714	54877	67025	85156	29607	58107	89295	66046.66667	61975.66667	1.065687071	5.36E+05	9.13E+06	7.43E+06	5.70E+06	1	TRUE	1137.704834	NA	144032.3775	-83815.42027	144032.3775	0	19.5	41.69171	-80.50082	8.524999619	10.9333334	30.20257759	935.7143555	26.89999962	-9.300000191	36.20000076	19.66666603	-2.483333349	19.66666603	-3.333333254	1062	109	55	19.7213974	315	189	315	200	800
N/A	N/A	Pe_16S00165	Rana clamitans	6/27/23	Pennsylvania	RV Pond	N/A	NA	Adult	N/A	N/A	N/A		237	268	2.37E+05	26800	0.113080169	355	389	10	100	4	1.42E+06	1.56E+06	1.095774648	-0.095774648	81691	63519	75134	87789	63923	41034	73582.66667	64114	1.147684853	1.15E+05	9.57E+06	6.53E+06	5.40E+06	1	FALSE	0	NA	151893.8971	-83815.11881	151893.8971	0	19.9	41.63888	-80.49512	8.8125	10.74166679	29.51007271	941.782959	27.20000076	-9.199999809	36.40000153	20.03333282	-2.283333302	20.03333282	-3.066666603	1045	108	54	19.86804199	311	186	311	196	800
N/A	N/A	Pe_16S00440	Rana clamitans	5/20/24	Pennsylvania	Wood Lab Pond	N/A	NA	Adult	N/A	N/A	N/A		185	126	1.85E+05	12600	0.068108108	416	285	10	100	4	1.66E+06	1.14E+06	0.685096154	0.314903846	79792	43740	21623	52817	81228	59716	60881	52091	1.168743161	8.00E+05	9.43E+06	3.47E+05	3.53E+06	1	FALSE	0	NA	107691.6912	-83815.04139	107691.6912	0	19.9	41.56972	-80.4525	8.516666412	11.20000076	30.51771164	937.7253418	27.10000038	-9.600000381	36.70000076	19.68333435	-2.483333349	19.68333435	-3.383333445	1057	110	54	20.1629982	317	189	317	196	800
N/A	N/A	Pe_16S00483	Rana clamitans	6/6/24	Pennsylvania	RV Pond	N/A	NA	Adult	N/A	N/A	N/A		359	639	3.59E+05	63900	0.177994429	354	331	10	100	4	1.42E+06	1.32E+06	0.935028249	0.064971751	73370	50655	32803	40962	29999	23159	45390.66667	38258.66667	1.186415278	8.04E+05	9.50E+06	1.30E+07	7.76E+06	1	FALSE	0	NA	56837.52451	-83814.97641	56837.52451	0	20.1	41.63888	-80.49512	8.8125	10.74166679	29.51007271	941.782959	27.20000076	-9.199999809	36.40000153	20.03333282	-2.283333302	20.03333282	-3.066666603	1045	108	54	19.86804199	311	186	311	196	800
N/A	N/A	Pe_16S00438	Rana clamitans	5/20/24	Pennsylvania	Wood Lab Pond	N/A	NA	Adult	N/A	N/A	N/A		337	183	3.37E+05	18300	0.054302671	295	241	10	100	4	1.18E+06	9.64E+05	0.816949153	0.183050847	31843	47099	69380	48336	59125	28376	53449.33333	41270.33333	1.29510302	3.60E+05	9.14E+06	1.74E+06	3.75E+06	1	TRUE	10.47569561	NA	67909.82843	-83814.57683	67909.82843	0	20.3	41.56972	-80.4525	8.516666412	11.20000076	30.51771164	937.7253418	27.10000038	-9.600000381	36.70000076	19.68333435	-2.483333349	19.68333435	-3.383333445	1057	110	54	20.1629982	317	189	317	196	800
N/A	N/A	Pe_16S00160	Rana clamitans	6/26/23	Pennsylvania	RV Pond	N/A	NA	Adult	N/A	N/A	N/A		127	171	1.27E+05	17100	0.134645669	315	239	10	100	4	1.26E+06	9.56E+05	0.758730159	0.241269841	27252	30688	60465	56258	85217	25430	57644.66667	37458.66667	1.538887307	6.03E+05	9.62E+06	1.87E+06	4.03E+06	1	FALSE	0	1384.9	53896.34804	-83813.68056	53896.34804	0	20.4	41.63888	-80.49512	8.8125	10.74166679	29.51007271	941.782959	27.20000076	-9.199999809	36.40000153	20.03333282	-2.283333302	20.03333282	-3.066666603	1045	108	54	19.86804199	311	186	311	196	800
N/A	N/A	Pe_16S00441	Rana clamitans	5/20/24	Pennsylvania	Wood Lab Pond	N/A	NA	Adult	N/A	N/A	N/A		516	658	5.16E+05	65800	0.12751938	414	323	10	100	4	1.66E+06	1.29E+06	0.780193237	0.219806763	82895	84826	95936	24428	56489	47949	78440	52401	1.496917998	8.81E+05	9.30E+06	7.47E+05	3.64E+06	1	TRUE	77.95071411	NA	108831.3971	-83813.83486	108831.3971	0	21	41.56972	-80.4525	8.516666412	11.20000076	30.51771164	937.7253418	27.10000038	-9.600000381	36.70000076	19.68333435	-2.483333349	19.68333435	-3.383333445	1057	110	54	20.1629982	317	189	317	196	800
N/A	N/A	Pe_16S00159	Rana clamitans	6/26/23	Pennsylvania	RV Pond	N/A	NA	Adult	N/A	N/A	N/A		145	153	1.45E+05	15300	0.105517241	300	260	10	100	4	1.20E+06	1.04E+06	0.866666667	0.133333333	80305	22156	63007	82060	28361	72893	57224.33333	59036.33333	0.969307037	9.20E+05	9.10E+06	9.81E+06	6.61E+06	1	TRUE	1838.977539	2128.5	133226.0049	-83815.77461	133226.0049	0	21.2	41.63888	-80.49512	8.8125	10.74166679	29.51007271	941.782959	27.20000076	-9.199999809	36.40000153	20.03333282	-2.283333302	20.03333282	-3.066666603	1045	108	54	19.86804199	311	186	311	196	800
N/A	N/A	Pe_16S00161	Rana clamitans	6/26/23	Pennsylvania	RV Pond	N/A	NA	Adult	N/A	N/A	N/A		118	187	1.18E+05	18700	0.158474576	347	321	10	100	4	1.39E+06	1.28E+06	0.925072046	0.074927954	77825	63372	88638	52449	59691	77339	75384.66667	64386.66667	1.170811762	1.60E+05	9.18E+06	4.17E+06	4.50E+06	1	TRUE	50.42636108	71.291	152896.348	-83815.03378	152896.348	0	21.3	41.63888	-80.49512	8.8125	10.74166679	29.51007271	941.782959	27.20000076	-9.199999809	36.40000153	20.03333282	-2.283333302	20.03333282	-3.066666603	1045	108	54	19.86804199	311	186	311	196	800
N/A	N/A	Pe_16S00157	Rana clamitans	6/26/23	Pennsylvania	RV Pond	N/A	NA	Adult	N/A	N/A	N/A		374	222	3.74E+05	22200	0.059358289	348	295	10	100	4	1.39E+06	1.18E+06	0.847701149	0.152298851	24242	29275	26627	83797	59085	47195	36651.33333	53422.33333	0.686067625	8.00E+05	9.20E+06	1.21E+07	7.38E+06	1	FALSE	0	422.62	112586.299	-83816.81593	112586.299	0	21.3	41.63888	-80.49512	8.8125	10.74166679	29.51007271	941.782959	27.20000076	-9.199999809	36.40000153	20.03333282	-2.283333302	20.03333282	-3.066666603	1045	108	54	19.86804199	311	186	311	196	800
N/A	N/A	Pe_16S00645	Rana clamitans	7/9/24	Pennsylvania	Tyron Weber	N/A		Adult	N/A	N/A	N/A		311	249	3.11E+05	24900	0.080064309	387	312	10	100	4	1.55E+06	1.25E+06	0.80620155	0.19379845	52390	24036	55950	55319	54123	41040	54154.33333	40131.66667	1.349416504	6.86E+05	9.55E+06	1.09E+07	7.05E+06	1	TRUE	486.4450989	NA	63723.55392	-83814.37715	63723.55392	0	21.3	41.59313	-80.35629	8.558333397	11.25	30.99173546	928.5028076	27	-9.300000191	36.29999924	19.63333321	-2.316666842	19.63333321	-3.233333349	1078	113	57	19.97618866	325	194	325	202	800
N/A	N/A	DrySwab00032	Rana clamitans	6/27/22	Pennsylvania	Vorisek Pond	N/A	NA	Adult	N/A	N/A	N/A		153	334	1.53E+05	33400	0.218300654	291	287	10	100	4	1.16E+06	1.15E+06	0.986254296	0.013745704	84613	30606	65666	25293	59032	31612	69770.33333	29170.33333	2.391825028	8.10E+05	9.14E+06	1.29E+07	7.61E+06	1	FALSE	0	NA	23424.53431	-83810.54476	23424.53431	0	21.4	41.59313	-80.35629	8.558333397	11.25	30.99173546	928.5028076	27	-9.300000191	36.29999924	19.63333321	-2.316666842	19.63333321	-3.233333349	1078	113	57	19.97618866	325	194	325	202	180
N/A	N/A	Pe_16S00621	Rana clamitans	7/8/24	Pennsylvania	Tuttle Pond	N/A	NA	Adult	N/A	N/A	N/A		428	194	4.28E+05	19400	0.045327103	321	231	10	100	4	1.28E+06	9.24E+05	0.719626168	0.280373832	57297	33287	45128	67767	86784	77660	63069.66667	59571.33333	1.058725114	3.51E+05	9.27E+06	1.55E+05	3.26E+06	1	FALSE	0	NA	135192.9167	-83815.44586	135192.9167	0	21.6	41.69171	-80.50082	8.524999619	10.9333334	30.20257759	935.7143555	26.89999962	-9.300000191	36.20000076	19.66666603	-2.483333349	19.66666603	-3.333333254	1062	109	55	19.7213974	315	189	315	200	800
N/A	N/A	Pe_16S00442	Rana clamitans	5/20/24	Pennsylvania	Wood Lab Pond	N/A	NA	Adult	N/A	N/A	N/A		534	211	5.34E+05	21100	0.039513109	312	302	10	100	4	1.25E+06	1.21E+06	0.967948718	0.032051282	63040	76667	77120	29483	46953	40177	62371	48775.66667	1.278731881	6.85E+05	9.22E+06	8.76E+06	6.22E+06	1	TRUE	5292.304199	NA	95502.96569	-83814.63702	95502.96569	0	21.8	41.56972	-80.4525	8.516666412	11.20000076	30.51771164	937.7253418	27.10000038	-9.600000381	36.70000076	19.68333435	-2.483333349	19.68333435	-3.383333445	1057	110	54	20.1629982	317	189	317	196	800
N/A	N/A	Pe_16S00509	Rana clamitans	6/17/24	Pennsylvania	Tyron Weber	N/A		Adult	N/A	N/A	N/A		328	228	3.28E+05	22800	0.069512195	397	321	10	100	4	1.59E+06	1.28E+06	0.808564232	0.191435768	42227	45185	50717	43539	28934	50260	40626	46328	0.876921084	5.04E+05	9.66E+06	6.31E+06	5.49E+06	1	FALSE	0	NA	86504.19118	-83816.11426	86504.19118	0	22.1	41.59313	-80.35629	8.558333397	11.25	30.99173546	928.5028076	27	-9.300000191	36.29999924	19.63333321	-2.316666842	19.63333321	-3.233333349	1078	113	57	19.97618866	325	194	325	202	800
N/A	N/A	Pe_16S00617	Rana clamitans	7/8/24	Pennsylvania	Tuttle Pond	N/A	NA	Adult	N/A	N/A	N/A		301	549	3.01E+05	54900	0.182392027	281	311	10	100	4	1.12E+06	1.24E+06	1.106761566	-0.106761566	42646	49425	78537	42792	50712	87766	57298.33333	59994.33333	0.955062423	6.73E+05	9.52E+06	7.91E+06	6.03E+06	1	FALSE	0	NA	136748.0637	-83815.82698	136748.0637	0	22.6	41.69171	-80.50082	8.524999619	10.9333334	30.20257759	935.7143555	26.89999962	-9.300000191	36.20000076	19.66666603	-2.483333349	19.66666603	-3.333333254	1062	109	55	19.7213974	315	189	315	200	185
N/A	N/A	DrySwab00057	Rana clamitans	7/11/22	Pennsylvania	RV Pond	N/A	NA	Adult	N/A	N/A	N/A		256	645	2.56E+05	64500	0.251953125	335	341	10	100	4	1.34E+06	1.36E+06	1.017910448	-0.017910448	28472	80268	94523	30172	32988	85000	51994.33333	65146.66667	0.798111953	6.33E+05	9.36E+06	9.45E+06	6.48E+06	1	FALSE	0	NA	155690.4657	-83816.404	155690.4657	0	22.8	41.63888	-80.49512	8.8125	10.74166679	29.51007271	941.782959	27.20000076	-9.199999809	36.40000153	20.03333282	-2.283333302	20.03333282	-3.066666603	1045	108	54	19.86804199	311	186	311	196	800
N/A	N/A	Pe_16S00641	Rana clamitans	7/9/24	Pennsylvania	Tyron Weber	N/A		Adult	N/A	N/A	N/A		239	330	2.39E+05	33000	0.138075314	350	321	10	100	4	1.40E+06	1.28E+06	0.917142857	0.082857143	45831	57706	84421	49283	75731	63700	68661	56896.33333	1.206773723	4.08E+05	9.70E+06	1.38E+07	7.96E+06	1	FALSE	0	NA	125358.3578	-83814.90157	125358.3578	0	23.3	41.59313	-80.35629	8.558333397	11.25	30.99173546	928.5028076	27	-9.300000191	36.29999924	19.63333321	-2.316666842	19.63333321	-3.233333349	1078	113	57	19.97618866	325	194	325	202	800
N/A	N/A	Pe_16S00606	Rana clamitans	7/8/24	Pennsylvania	Tuttle Pond	N/A	NA	Adult	N/A	N/A	N/A		163	62	1.63E+05	6200	0.03803681	299	274	10	100	4	1.20E+06	1.10E+06	0.91638796	0.08361204	26809	28448	72496	27408	28454	54606	42586.33333	36820.66667	1.156587786	9.16E+05	9.53E+06	3.40E+06	4.62E+06	1	FALSE	0	NA	51550.7598	-83815.08607	51550.7598	0	23.5	41.69171	-80.50082	8.524999619	10.9333334	30.20257759	935.7143555	26.89999962	-9.300000191	36.20000076	19.66666603	-2.483333349	19.66666603	-3.333333254	1062	109	55	19.7213974	315	189	315	200	800
N/A	N/A	DrySwab00056	Rana clamitans	7/11/22	Pennsylvania	RV Pond	N/A	NA	Adult	N/A	N/A	N/A		145	485	1.45E+05	48500	0.334482759	411	389	10	100	4	1.64E+06	1.56E+06	0.946472019	0.053527981	34321	24046	69218	45464	83386	76017	62308.33333	48509	1.284469549	9.19E+05	9.43E+06	1.14E+07	7.24E+06	1	TRUE	4192.271118	NA	94522.57353	-83814.61592	94522.57353	0	23.6	41.63888	-80.49512	8.8125	10.74166679	29.51007271	941.782959	27.20000076	-9.199999809	36.40000153	20.03333282	-2.283333302	20.03333282	-3.066666603	1045	108	54	19.86804199	311	186	311	196	800
N/A	N/A	DrySwab00059	Rana clamitans	7/11/22	Pennsylvania	RV Pond	N/A	NA	Adult	N/A	N/A	N/A		136	617	1.36E+05	61700	0.453676471	388	303	10	100	4	1.55E+06	1.21E+06	0.780927835	0.219072165	77022	85219	36730	89559	61534	31073	58428.66667	68617	0.851518817	2.95E+05	9.56E+06	1.50E+07	8.27E+06	1	FALSE	0	NA	168449.0441	-83816.20765	168449.0441	0	23.9	41.63888	-80.49512	8.8125	10.74166679	29.51007271	941.782959	27.20000076	-9.199999809	36.40000153	20.03333282	-2.283333302	20.03333282	-3.066666603	1045	108	54	19.86804199	311	186	311	196	800
N/A	N/A	Pe_16S00158	Rana clamitans	6/26/23	Pennsylvania	RV Pond	N/A	NA	Adult	N/A	N/A	N/A		366	501	3.66E+05	50100	0.136885246	283	288	10	100	4	1.13E+06	1.15E+06	1.017667845	-0.017667845	67771	52847	42869	41618	64873	84533	58504.33333	59666	0.980530509	6.54E+05	9.30E+06	1.08E+06	3.68E+06	1	FALSE	0	323.95	135540.9559	-83815.73334	135540.9559	0	NA	41.63888	-80.49512	8.8125	10.74166679	29.51007271	941.782959	27.20000076	-9.199999809	36.40000153	20.03333282	-2.283333302	20.03333282	-3.066666603	1045	108	54	19.86804199	311	186	311	196	800
N/A	N/A	Pe_16S00536	Rana clamitans	7/2/24	Pennsylvania	Tuttle Pond	N/A	NA	Adult	N/A	N/A	N/A		212	449	2.12E+05	44900	0.211792453	313	389	10	100	4	1.25E+06	1.56E+06	1.242811502	-0.242811502	56983	53478	81877	66513	62041	43796	66967	54595.66667	1.226599181	1.79E+05	9.53E+06	8.34E+06	6.02E+06	1	FALSE	0	NA	116900.0245	-83814.82868	116900.0245	0	NA	41.69171	-80.50082	8.524999619	10.9333334	30.20257759	935.7143555	26.89999962	-9.300000191	36.20000076	19.66666603	-2.483333349	19.66666603	-3.333333254	1062	109	55	19.7213974	315	189	315	200	800
N/A	N/A	Pe_16S00537	Rana clamitans	7/2/24	Pennsylvania	Tuttle Pond	N/A	NA	Adult	N/A	N/A	N/A		515	381	5.15E+05	38100	0.073980583	279	367	10	100	4	1.12E+06	1.47E+06	1.315412186	-0.315412186	34081	58008	19217	33930	20653	50752	24650.33333	47563.33333	0.518263368	7.23E+05	9.26E+06	8.81E+05	3.62E+06	1	FALSE	0	NA	91045.85784	-83817.43286	91045.85784	0	NA	41.69171	-80.50082	8.524999619	10.9333334	30.20257759	935.7143555	26.89999962	-9.300000191	36.20000076	19.66666603	-2.483333349	19.66666603	-3.333333254	1062	109	55	19.7213974	315	189	315	200	800
N/A	N/A	DrySwab00058	Rana clamitans	7/11/22	Pennsylvania	RV Pond	N/A	NA	Adult	N/A	N/A	N/A		484	358	4.84E+05	35800	0.073966942	324	374	10	100	4	1.30E+06	1.50E+06	1.154320988	-0.154320988	28298	24927	85243	94795	79569	57291	64370	59004.33333	1.090936824	5.64E+05	9.43E+06	1.39E+07	7.96E+06	1	TRUE	1698.217316	NA	133108.3578	-83815.32744	133108.3578	0	NA	41.63888	-80.49512	8.8125	10.74166679	29.51007271	941.782959	27.20000076	-9.199999809	36.40000153	20.03333282	-2.283333302	20.03333282	-3.066666603	1045	108	54	19.86804199	311	186	311	196	800
Ca113	AJS5091	AJS5091	Rana muscosa	8/4/22	California	Independence Creek	Slim Lake	N/A	Adult	Male	46	10		119	10	1.19E+05	1000	0.008403361	290	254	10	100	4	1.16E+06	1.02E+06	0.875862069	0.124137931	23990	23751	22228	22006	19505	19310	21907.66667	21689	1.010081916	1.11E+06	1.17E+06	1.09E+06	1.12E+06	1	FALSE	0	253.032	-4080.367647	-83815.6247	0	0	8	37.9575	-119.3005	-0.350000024	13.76666641	43.56540298	630.5444946	17.89999962	-13.69999981	31.59999847	-5.183333397	7.133333206	8.449999809	-6.733333111	804	132	21	62.85953522	360	71	81	339	3206
Ca162	AJS5184	AJS5184	Rana muscosa	8/9/22	California	Mulkey Meadows	Mulkey Meadows	N/A	Adult	Female	59	25		152	30	1.52E+05	3000	0.019736842	290	280	10	100	4	1.16E+06	1.12E+06	0.965517241	0.034482759	23708	23471	19698	19502	19779	19582	21061.66667	20851.66667	1.010071137	1.08E+06	1.14E+06	1.06E+06	1.09E+06	1	TRUE	162873.225	58.482	-7158.79902	-83815.62474	0	0	18	36.4053	-118.195	3.229166508	14.1916666	42.49002075	712.854248	22.39999962	-11	33.40000153	-4.716666698	12.01666641	12.51666641	-4.716666698	593	106	11	67.72621155	281	45	60	281	2993
Ca154	AJS5114	AJS5114	Rana muscosa	7/17/22	California	Fourth Recess	Sleet Lake	N/A	Adult	Female	56	20		145	20	1.45E+05	2000	0.013793103	292	268	10	100	4	1.17E+06	1.07E+06	0.917808219	0.082191781	21675	21459	22113	21892	19126	18935	20971.33333	20762	1.010082523	1.09E+06	1.15E+06	1.07E+06	1.10E+06	1	FALSE	0	28.794	-7488.455882	-83815.6247	0	0	17	37.4988	-118.9142	1.070833325	14.00833321	43.10256577	657.918396	19.5	-13	32.5	-6.033333302	9.100000381	10.0666666	-6.033333302	576	97	15	62.93828964	257	51	61	257	2957
Ca161	AJS5183	AJS5183	Rana muscosa	8/9/22	California	Mulkey Meadows	Mulkey Meadows	N/A	Adult	Female	53	18		194	40	1.94E+05	4000	0.020618557	298	263	10	100	4	1.19E+06	1.05E+06	0.882550336	0.117449664	21805	21587	19545	19350	18854	18666	20068	19867.66667	1.010083385	3.09E+06	4.14E+06	4.06E+06	3.77E+06	1	TRUE	4728.766235	58.5	-10776.44608	-83815.62469	0	0	24	36.4053	-118.195	3.229166508	14.1916666	42.49002075	712.854248	22.39999962	-11	33.40000153	-4.716666698	12.01666641	12.51666641	-4.716666698	593	106	11	67.72621155	281	45	60	281	2993
Ca155	AJS5115	AJS5115	Rana muscosa	7/17/22	California	Fourth Recess	Sleet Lake	N/A	Adult	Female	60	26		125	20	1.25E+05	2000	0.016	299	256	10	100	4	1.20E+06	1.02E+06	0.856187291	0.143812709	22482	22258	20826	20618	19331	19138	20879.66667	20671.33333	1.010078369	1.03E+06	1.09E+06	1.01E+06	1.04E+06	1	FALSE	0	168.03	-7821.789216	-83815.62471	0	0	13	37.4988	-118.9142	1.070833325	14.00833321	43.10256577	657.918396	19.5	-13	32.5	-6.033333302	9.100000381	10.0666666	-6.033333302	576	97	15	62.93828964	257	51	61	257	2957
Ca1	AJS5023	AJS5023	Rana muscosa	8/9/22	California	Unicorn	Unicorn	N/A	Adult	Male	49	12		122	10	1.22E+05	1000	0.008196721	299	270	10	100	4	1.20E+06	1.08E+06	0.903010033	0.096989967	24706	24459	20906	20697	22601	22375	22737.66667	22510.33333	1.010099066	1.04E+06	1.09E+06	1.02E+06	1.05E+06	1	TRUE	423.5385652	52.266	-1060.759804	-83815.62464	0	0	17	37.8496	-119.3789	1.100000024	14.14999962	44.92063522	612.6655884	19.20000076	-12.30000019	31.5	-3.583333254	8.566666603	9.600000381	-5.083333492	770	136	18	68.74092865	365	60	70	334	3298
Ca134	AJS5104	AJS5104	Rana muscosa	7/17/22	California	Conness Pond	Conness Pond	N/A	Adult	Male	52	15		124	10	1.24E+05	1000	0.008064516	299	275	10	100	4	1.20E+06	1.10E+06	0.919732441	0.080267559	22346	22123	19691	19495	21506	21291	21181	20969.66667	1.010078049	1.12E+06	1.18E+06	1.10E+06	1.13E+06	1	FALSE	0	160.89	-6724.97549	-83815.62471	0	0	24	37.9525	-119.306	-0.350000024	13.76666641	43.56540298	630.5444946	17.89999962	-13.69999981	31.59999847	-5.183333397	7.133333206	8.449999809	-6.733333111	804	132	21	62.85953522	360	71	81	339	2970
Ca135	AJS5105	AJS5105	Rana muscosa	7/17/22	California	Conness Pond	Conness Pond	N/A	Adult	Female	49	18		190	10	1.90E+05	1000	0.005263158	300	257	10	100	4	1.20E+06	1.03E+06	0.856666667	0.143333333	21898	21680	19586	19391	21378	21165	20954	20745.33333	1.010058487	1.04E+06	1.10E+06	1.02E+06	1.05E+06	1	FALSE	0	52.566	-7549.730392	-83815.62478	0	0	18	37.9525	-119.306	-0.350000024	13.76666641	43.56540298	630.5444946	17.89999962	-13.69999981	31.59999847	-5.183333397	7.133333206	8.449999809	-6.733333111	804	132	21	62.85953522	360	71	81	339	2970
Ca131	AJS5101	AJS5101	Rana muscosa	7/17/22	California	Conness Pond	Conness Pond	N/A	Adult	Male	47	10		123	10	1.23E+05	1000	0.008130081	303	270	10	100	4	1.21E+06	1.08E+06	0.891089109	0.108910891	21211	20999	19331	19138	19597	19402	20046.33333	19846.33333	1.010077428	1.02E+06	1.07E+06	2.97E+06	1.69E+06	1	TRUE	211913.1916	35.196	-10854.87745	-83815.62472	0	0	8	37.9525	-119.306	-0.350000024	13.76666641	43.56540298	630.5444946	17.89999962	-13.69999981	31.59999847	-5.183333397	7.133333206	8.449999809	-6.733333111	804	132	21	62.85953522	360	71	81	339	2970
Ca2	AJS5024	AJS5024	Rana muscosa	8/10/22	California	Unicorn	Unicorn	N/A	Adult	Male	46	12		250	20	2.50E+05	2000	0.008	303	273	10	100	4	1.21E+06	1.09E+06	0.900990099	0.099009901	21107	20896	21834	21616	19180	18989	20707	20500.33333	1.010081137	1.05E+06	1.11E+06	9.03E+06	3.73E+06	1	TRUE	213476.3186	250.602	-8450.465686	-83815.6247	0	0	13	37.8496	-119.3789	1.100000024	14.14999962	44.92063522	612.6655884	19.20000076	-12.30000019	31.5	-3.583333254	8.566666603	9.600000381	-5.083333492	770	136	18	68.74092865	365	60	70	334	3298
Ca4	AJS5026	AJS5026	Rana muscosa	8/10/22	California	Unicorn	Unicorn	N/A	Adult	Female	49	13		218	50	2.18E+05	5000	0.02293578	303	269	10	100	4	1.21E+06	1.08E+06	0.887788779	0.112211221	19833	19635	20109	19908	22065	21845	20669	20462.66667	1.010083404	1.15E+06	4.21E+06	1.13E+06	2.16E+06	1	TRUE	293849.7595	234.954	-8588.946078	-83815.62469	0	0	21	37.8496	-119.3789	1.100000024	14.14999962	44.92063522	612.6655884	19.20000076	-12.30000019	31.5	-3.583333254	8.566666603	9.600000381	-5.083333492	770	136	18	68.74092865	365	60	70	334	3298
Ca151	AJS5111	AJS5111	Rana muscosa	7/17/22	California	Fourth Recess	Sleet Lake	N/A	Adult	Female	60	22		102	10	1.02E+05	1000	0.009803922	303	241	10	100	4	1.21E+06	9.64E+05	0.795379538	0.204620462	23003	22773	19973	19774	21193	20982	21389.66667	21176.33333	1.010074139	1.07E+06	1.13E+06	1.05E+06	1.08E+06	1	FALSE	0	135.522	-5965.171569	-83815.62473	0	0	24	37.4988	-118.9142	1.070833325	14.00833321	43.10256577	657.918396	19.5	-13	32.5	-6.033333302	9.100000381	10.0666666	-6.033333302	576	97	15	62.93828964	257	51	61	257	2957
C75	AJS5049	AJS5049	Rana muscosa	7/29/22	California	Humphreys Basin	Ameletus Lake	N/A	Adult	Male	51	12		123	10	1.23E+05	1000	0.008130081	303	250	10	100	4	1.21E+06	1.00E+06	0.825082508	0.174917492	22101	21880	21553	21338	22900	22671	22184.66667	21963	1.010092732	1.02E+06	1.07E+06	1.99E+06	1.36E+06	1	FALSE	0	1096.188	-3073.014706	-83815.62466	0	0	24	37.954	-119.294	0.158333346	14.28333378	44.22084427	639.338562	18.70000076	-13.60000038	32.30000305	-5.016666412	7.800000191	9.016666412	-6.416666508	744	125	20	64.15598297	339	66	74	334	3066
Ca73	AJS5047	AJS5047	Rana muscosa	7/29/22	California	Humphreys Basin	Ameletus Lake	N/A	Adult	Male	44	9		120	70	1.20E+05	7000	0.058333333	305	253	10	100	4	1.22E+06	1.01E+06	0.829508197	0.170491803	19709	19512	22839	22611	22688	22462	21745.33333	21528.33333	1.01007974	1.00E+06	1.05E+06	1.82E+06	1.29E+06	1	FALSE	0	1539.45	-4671.053922	-83815.62471	0	0	24	37.954	-119.294	0.158333346	14.28333378	44.22084427	639.338562	18.70000076	-13.60000038	32.30000305	-5.016666412	7.800000191	9.016666412	-6.416666508	744	125	20	64.15598297	339	66	74	334	3066
Ca95	AJS5061	AJS5061	Rana muscosa	7/29/22	California	Humphreys Basin	Trapdoor	N/A	Adult	Male	58	21		145	20	1.45E+05	2000	0.013793103	306	225	10	100	4	1.22E+06	9.00E+05	0.735294118	0.264705882	22576	22351	21277	21065	22321	21891	22058	21769	1.013275759	1.09E+06	1.14E+06	1.07E+06	1.10E+06	1	FALSE	0	2678.97	-3786.25	-83815.61296	0	0	17	37.3377	-118.8475	-0.14166671	13.11666679	42.58657837	638.8122559	17.5	-13.30000019	30.79999924	-6.566666603	7.549999714	8.716666222	-6.650000095	689	116	17	62.69108963	310	61	74	290	3176
C5	AJS5027	AJS5027	Rana muscosa	8/10/22	California	Unicorn	Unicorn	N/A	Adult	Female	46	14		125	10	1.25E+05	1000	0.008	308	287	10	100	4	1.23E+06	1.15E+06	0.931818182	0.068181818	22695	22469	22719	22492	22345	22122	22586.33333	22361	1.010077069	1.04E+06	1.09E+06	1.01E+06	1.05E+06	1	TRUE	1824.480077	93.09	-1609.779412	-83815.62472	0	0	13	37.8496	-119.3789	1.100000024	14.14999962	44.92063522	612.6655884	19.20000076	-12.30000019	31.5	-3.583333254	8.566666603	9.600000381	-5.083333492	770	136	18	68.74092865	365	60	70	334	3298
Ca164	AJS5186	AJS5186	Rana muscosa	8/9/22	California	Mulkey Meadows	Mulkey Meadows	N/A	Adult	Male	54	18		223	40	2.23E+05	4000	0.01793722	308	297	10	100	4	1.23E+06	1.19E+06	0.964285714	0.035714286	19925	19726	20809	20601	19843	19645	20192.33333	19990.66667	1.010088041	1.08E+06	5.13E+06	1.05E+06	2.42E+06	1	TRUE	628670.0697	78.732	-10324.2402	-83815.62468	0	0	23	36.4053	-118.195	3.229166508	14.1916666	42.49002075	712.854248	22.39999962	-11	33.40000153	-4.716666698	12.01666641	12.51666641	-4.716666698	593	106	11	67.72621155	281	45	60	281	2993
Ca163	AJS5185	AJS5185	Rana muscosa	8/9/22	California	Mulkey Meadows	Mulkey Meadows	N/A	Adult	Female	59	23		220	20	2.20E+05	2000	0.009090909	310	300	10	100	4	1.24E+06	1.20E+06	0.967741935	0.032258065	21813	21595	20707	20500	19429	19235	20649.66667	20443.33333	1.01009294	3.06E+06	1.11E+06	1.04E+06	1.74E+06	1	TRUE	1922984.941	80.46	-8660.02451	-83815.62466	0	0	24	36.4053	-118.195	3.229166508	14.1916666	42.49002075	712.854248	22.39999962	-11	33.40000153	-4.716666698	12.01666641	12.51666641	-4.716666698	593	106	11	67.72621155	281	45	60	281	2993
Ca71	AJS5045	AJS5045	Rana muscosa	7/29/22	California	Humphreys Basin	Ameletus Lake	N/A	Adult	Male	43	7		198	40	1.98E+05	4000	0.02020202	311	272	10	100	4	1.24E+06	1.09E+06	0.874598071	0.125401929	19949	19750	22609	22383	21587	21372	21381.66667	21168.33333	1.010077947	1.15E+06	1.21E+06	1.13E+06	1.16E+06	1	FALSE	0	14.622	-5994.583333	-83815.62471	0	0	22	37.954	-119.294	0.158333346	14.28333378	44.22084427	639.338562	18.70000076	-13.60000038	32.30000305	-5.016666412	7.800000191	9.016666412	-6.416666508	744	125	20	64.15598297	339	66	74	334	3066
Ca133	AJS5103	AJS5103	Rana muscosa	7/17/22	California	Conness Pond	Conness Pond	N/A	Adult	Male	52	14		129	10	1.29E+05	1000	0.007751938	316	267	10	100	4	1.26E+06	1.07E+06	0.844936709	0.155063291	23091	22861	19554	19359	22697	22471	21780.66667	21563.66667	1.010063224	1.84E+06	1.03E+06	1.65E+06	1.51E+06	1	FALSE	0	575.826	-4541.151961	-83815.62477	0	0	18	37.9525	-119.306	-0.350000024	13.76666641	43.56540298	630.5444946	17.89999962	-13.69999981	31.59999847	-5.183333397	7.133333206	8.449999809	-6.733333111	804	132	21	62.85953522	360	71	81	339	2970
Ca92	AJS5058	AJS5058	Rana muscosa	7/29/22	California	Humphreys Basin	Trapdoor	N/A	Adult	Female	51	15		120	30	1.20E+05	3000	0.025	316	293	10	100	4	1.26E+06	1.17E+06	0.92721519	0.07278481	22747	22520	20889	20681	20500	20295	21378.66667	21165.33333	1.010079375	1.09E+06	1.14E+06	1.06E+06	1.10E+06	1	TRUE	1131.717961	138.246	-6005.612745	-83815.62471	0	0	24	37.3377	-118.8475	-0.14166671	13.11666679	42.58657837	638.8122559	17.5	-13.30000019	30.79999924	-6.566666603	7.549999714	8.716666222	-6.650000095	689	116	17	62.69108963	310	61	74	290	3176
Ca74	AJS5048	AJS5048	Rana muscosa	7/29/22	California	Humphreys Basin	Ameletus Lake	N/A	Adult	Female	52	14		213	10	2.13E+05	1000	0.004694836	317	280	10	100	4	1.27E+06	1.12E+06	0.883280757	0.116719243	20603	20397	22098	21878	21260	21048	21320.33333	21107.66667	1.010075328	8.04E+06	1.09E+06	5.02E+06	4.71E+06	1	TRUE	1764337.172	78.444	-6217.622549	-83815.62472	0	0	18	37.954	-119.294	0.158333346	14.28333378	44.22084427	639.338562	18.70000076	-13.60000038	32.30000305	-5.016666412	7.800000191	9.016666412	-6.416666508	744	125	20	64.15598297	339	66	74	334	3066
Ca91	AJS5057	AJS5057	Rana muscosa	7/29/22	California	Humphreys Basin	Trapdoor	N/A	Adult	Male	57	19		259	20	2.59E+05	2000	0.007722008	317	272	10	100	4	1.27E+06	1.09E+06	0.858044164	0.141955836	20714	20507	20256	20054	21278	21066	20749.33333	20542.33333	1.010076752	2.72E+06	1.02E+06	6.53E+06	3.42E+06	1	TRUE	3993.374509	154.5	-8296.053922	-83815.62472	0	0	18	37.3377	-118.8475	-0.14166671	13.11666679	42.58657837	638.8122559	17.5	-13.30000019	30.79999924	-6.566666603	7.549999714	8.716666222	-6.650000095	689	116	17	62.69108963	310	61	74	290	3176
Ca94	AJS5060	AJS5060	Rana muscosa	7/29/22	California	Humphreys Basin	Trapdoor	N/A	Adult	Female	58	22		330	20	3.30E+05	2000	0.006060606	317	289	10	100	4	1.27E+06	1.16E+06	0.911671924	0.088328076	20718	20511	21165	20954	22102	21881	21328.33333	21115.33333	1.010087456	8.48E+06	8.90E+06	8.30E+06	8.56E+06	1	TRUE	121.2541985	136.416	-6189.436275	-83815.62468	0	0	23	37.3377	-118.8475	-0.14166671	13.11666679	42.58657837	638.8122559	17.5	-13.30000019	30.79999924	-6.566666603	7.549999714	8.716666222	-6.650000095	689	116	17	62.69108963	310	61	74	290	3176
Ca3	AJS5025	AJS5025	Rana muscosa	8/10/22	California	Unicorn	Unicorn	N/A	Adult	Female	49	14		324	40	3.24E+05	4000	0.012345679	318	273	10	100	4	1.27E+06	1.09E+06	0.858490566	0.141509434	20268	20066	20165	19964	19102	18911	19845	19647	1.010077874	8.48E+06	8.92E+06	8.32E+06	8.57E+06	1	TRUE	16198.30524	154.05	-11587.72059	-83815.62471	0	0	22	37.8496	-119.3789	1.100000024	14.14999962	44.92063522	612.6655884	19.20000076	-12.30000019	31.5	-3.583333254	8.566666603	9.600000381	-5.083333492	770	136	18	68.74092865	365	60	70	334	3298
Ca72	AJS5046	AJS5046	Rana muscosa	7/29/22	California	Humphreys Basin	Ameletus Lake	N/A	Adult	Male	45	10		220	60	2.20E+05	6000	0.027272727	320	263	10	100	4	1.28E+06	1.05E+06	0.821875	0.178125	20304	20101	23226	22994	24651	24405	22727	22500	1.010088889	1.01E+06	6.06E+06	1.93E+06	3.00E+06	1	FALSE	0	25.632	-1098.75	-83815.62467	0	0	8	37.954	-119.294	0.158333346	14.28333378	44.22084427	639.338562	18.70000076	-13.60000038	32.30000305	-5.016666412	7.800000191	9.016666412	-6.416666508	744	125	20	64.15598297	339	66	74	334	3066
Ca152	AJS5112	AJS5112	Rana muscosa	7/17/22	California	Fourth Recess	Sleet Lake	N/A	Adult	Male	46	11		222	10	2.22E+05	1000	0.004504505	320	226	10	100	4	1.28E+06	9.04E+05	0.70625	0.29375	19234	19042	22677	22451	19776	19579	20562.33333	20357.33333	1.010070081	1.06E+06	1.11E+06	7.04E+06	3.07E+06	1	FALSE	0	24.09	-8976.20098	-83815.62474	0	0	23	37.4988	-118.9142	1.070833325	14.00833321	43.10256577	657.918396	19.5	-13	32.5	-6.033333302	9.100000381	10.0666666	-6.033333302	576	97	15	62.93828964	257	51	61	257	2957
Ca165	AJS5187	AJS5187	Rana muscosa	8/9/22	California	Mulkey Meadows	Mulkey Meadows	N/A	Adult	Female	54	22		330	10	3.30E+05	1000	0.003030303	320	249	10	100	4	1.28E+06	9.96E+05	0.778125	0.221875	20793	20586	20638	20432	19646	19450	20359	20156	1.010071443	8.64E+06	9.04E+06	8.44E+06	8.70E+06	1	TRUE	1064752.177	112.95	-9716.397059	-83815.62474	0	0	23	36.4053	-118.195	3.229166508	14.1916666	42.49002075	712.854248	22.39999962	-11	33.40000153	-4.716666698	12.01666641	12.51666641	-4.716666698	593	106	11	67.72621155	281	45	60	281	2993
Ca114	AJS5092	AJS5092	Rana muscosa	8/4/22	California	Independence Creek	Slim Lake	N/A	Adult	Female	68	29		190	10	1.90E+05	1000	0.005263158	320	229	10	100	4	1.28E+06	9.16E+05	0.715625	0.284375	21005	20795	21399	21186	19712	19515	20705.33333	20498.66667	1.010081957	1.11E+06	1.16E+06	1.09E+06	1.12E+06	1	FALSE	0	84.654	-8456.593137	-83815.6247	0	0	24	37.9575	-119.3005	-0.350000024	13.76666641	43.56540298	630.5444946	17.89999962	-13.69999981	31.59999847	-5.183333397	7.133333206	8.449999809	-6.733333111	804	132	21	62.85953522	360	71	81	339	3206
Ca112	AJS5090	AJS5090	Rana muscosa	8/4/22	California	Independence Creek	Slim Lake	N/A	Adult	Female	62	32		310	10	3.10E+05	1000	0.003225806	323	229	10	100	4	1.29E+06	9.16E+05	0.708978328	0.291021672	21094	20884	23333	23100	21364	21151	21930.33333	21711.66667	1.01007139	8.32E+06	8.71E+06	8.13E+06	8.39E+06	1	FALSE	0	64.8	-3997.034314	-83815.62474	0	0	22	37.9575	-119.3005	-0.350000024	13.76666641	43.56540298	630.5444946	17.89999962	-13.69999981	31.59999847	-5.183333397	7.133333206	8.449999809	-6.733333111	804	132	21	62.85953522	360	71	81	339	3206
Ca153	AJS5113	AJS5113	Rana muscosa	7/17/22	California	Fourth Recess	Sleet Lake	N/A	Adult	Male	49	16		315	10	3.15E+05	1000	0.003174603	323	255	10	100	4	1.29E+06	1.02E+06	0.789473684	0.210526316	19478	19284	21546	21331	19976	19777	20333.33333	20130.66667	1.010067559	8.08E+06	8.51E+06	1.55E+07	1.07E+07	1	FALSE	0	94.158	-9809.534314	-83815.62475	0	0	23	37.4988	-118.9142	1.070833325	14.00833321	43.10256577	657.918396	19.5	-13	32.5	-6.033333302	9.100000381	10.0666666	-6.033333302	576	97	15	62.93828964	257	51	61	257	2957
Ca111	AJS5089	AJS5089	Rana muscosa	8/4/22	California	Independence Creek	Slim Lake	N/A	Adult	Male	53	18		313	10	3.13E+05	1000	0.003194888	324	265	10	100	4	1.30E+06	1.06E+06	0.817901235	0.182098765	21297	21085	22839	22611	20340	20137	21492	21277.66667	1.01007316	9.20E+06	9.70E+06	9.05E+06	9.32E+06	1	FALSE	0	753.102	-5592.622549	-83815.62473	0	0	13	37.9575	-119.3005	-0.350000024	13.76666641	43.56540298	630.5444946	17.89999962	-13.69999981	31.59999847	-5.183333397	7.133333206	8.449999809	-6.733333111	804	132	21	62.85953522	360	71	81	339	3206
Ca93	AJS5059	AJS5059	Rana muscosa	7/29/22	California	Humphreys Basin	Trapdoor	N/A	Adult	Female	60	22		360	30	3.60E+05	3000	0.008333333	324	302	10	100	4	1.30E+06	1.21E+06	0.932098765	0.067901235	20665	20459	21241	21029	20749	20542	20885	20676.66667	1.01007577	8.40E+06	8.86E+06	8.27E+06	8.51E+06	1	TRUE	10181.9107	846.63	-7802.181373	-83815.62472	0	0	23	37.3377	-118.8475	-0.14166671	13.11666679	42.58657837	638.8122559	17.5	-13.30000019	30.79999924	-6.566666603	7.549999714	8.716666222	-6.650000095	689	116	17	62.69108963	310	61	74	290	3176
Ca132	AJS5102	AJS5102	Rana muscosa	7/17/22	California	Conness Pond	Conness Pond	N/A	Adult	Male	49	12		202	10	2.02E+05	1000	0.004950495	324	295	10	100	4	1.30E+06	1.18E+06	0.910493827	0.089506173	20398	20195	18855	18667	20257	20055	19836.66667	19639	1.010065007	1.07E+06	1.12E+06	2.05E+06	1.41E+06	1	TRUE	16628.98393	177.81	-11617.13235	-83815.62476	0	0	24	37.9525	-119.306	-0.350000024	13.76666641	43.56540298	630.5444946	17.89999962	-13.69999981	31.59999847	-5.183333397	7.133333206	8.449999809	-6.733333111	804	132	21	62.85953522	360	71	81	339	2970
Ca115	AJS5093	AJS5093	Rana muscosa	8/4/22	California	Independence Creek	Slim Lake	N/A	Adult	Female	58	12		310	10	3.10E+05	1000	0.003225806	325	225	10	100	4	1.30E+06	9.00E+05	0.692307692	0.307692308	20992	20783	21441	21227	19870	19672	20767.66667	20560.66667	1.010067767	8.56E+06	8.98E+06	8.38E+06	8.64E+06	1	FALSE	0	46.272	-8228.651961	-83815.62475	0	0	18	37.9575	-119.3005	-0.350000024	13.76666641	43.56540298	630.5444946	17.89999962	-13.69999981	31.59999847	-5.183333397	7.133333206	8.449999809	-6.733333111	804	132	21	62.85953522	360	71	81	339	3206
N/A	N/A	SN_16S0098	Rana muscosa	9/7/23	California	50783	N/A	day	Adult	N/A	N/A	N/A		137	498	1.37E+05	49800	0.36350365	395	296	10	100	4	1.58E+06	1.18E+06	0.749367089	0.250632911	43805	85913	53205	34447	64960	56505	53990	58955	0.915783224	5.89E+05	9.15E+06	1.93E+06	3.89E+06	1	TRUE	62460.93588	NA	132926.9853	-83815.97139	132926.9853	0	12	37.4988	-118.9142	1.070833325	14.00833321	43.10256577	657.918396	19.5	-13	32.5	-6.033333302	9.100000381	10.0666666	-6.033333302	576	97	15	62.93828964	257	51	61	257	2871
N/A	N/A	SN_16S0095	Rana muscosa	9/7/23	California	50783	N/A	day	Adult	N/A	N/A	N/A		334	541	3.34E+05	54100	0.161976048	417	386	10	100	4	1.67E+06	1.54E+06	0.925659472	0.074340528	75818	24571	35649	66404	40117	34927	50528	41967.33333	1.203984051	4.24E+05	9.54E+06	1.28E+07	7.58E+06	1	TRUE	352879.6895	50.664	70472.32843	-83814.91182	70472.32843	0	14	37.4988	-118.9142	1.070833325	14.00833321	43.10256577	657.918396	19.5	-13	32.5	-6.033333302	9.100000381	10.0666666	-6.033333302	576	97	15	62.93828964	257	51	61	257	2871
N/A	N/A	SN_16S0092	Rana muscosa	9/7/23	California	50783	N/A	day	Adult	N/A	N/A	N/A		375	308	3.75E+05	30800	0.082133333	393	295	10	100	4	1.57E+06	1.18E+06	0.750636132	0.249363868	63225	64209	51170	42235	70304	24714	61566.33333	43719.33333	1.40821757	2.71E+05	9.19E+06	4.69E+06	4.72E+06	1	FALSE	0	65.958	76913.5049	-83814.16096	76913.5049	0	14	37.4988	-118.9142	1.070833325	14.00833321	43.10256577	657.918396	19.5	-13	32.5	-6.033333302	9.100000381	10.0666666	-6.033333302	576	97	15	62.93828964	257	51	61	257	2871
N/A	N/A	SN_16S0100	Rana muscosa	9/7/23	California	50783	N/A	day	Adult	N/A	N/A	N/A		177	621	1.77E+05	62100	0.350847458	291	310	10	100	4	1.16E+06	1.24E+06	1.065292096	-0.065292096	55691	45270	27316	94801	66263	43747	49756.66667	61272.66667	0.812053227	6.16E+05	9.59E+06	1.34E+07	7.86E+06	1	TRUE	136.8505341	NA	141447.8186	-83816.35275	141447.8186	0	14	37.4988	-118.9142	1.070833325	14.00833321	43.10256577	657.918396	19.5	-13	32.5	-6.033333302	9.100000381	10.0666666	-6.033333302	576	97	15	62.93828964	257	51	61	257	2871
N/A	N/A	SN_16S0099	Rana muscosa	9/7/23	California	50783	N/A	day	Adult	N/A	N/A	N/A		246	465	2.46E+05	46500	0.18902439	310	334	10	100	4	1.24E+06	1.34E+06	1.077419355	-0.077419355	69133	49279	77435	93701	64403	48611	70323.66667	63863.66667	1.101152977	4.34E+05	9.11E+06	2.93E+06	4.16E+06	1	FALSE	0	183.882	150973.5539	-83815.28988	150973.5539	0	15	37.4988	-118.9142	1.070833325	14.00833321	43.10256577	657.918396	19.5	-13	32.5	-6.033333302	9.100000381	10.0666666	-6.033333302	576	97	15	62.93828964	257	51	61	257	2871
N/A	N/A	SN_16S0096	Rana muscosa	9/7/23	California	50783	N/A	day	Adult	N/A	N/A	N/A		550	153	5.50E+05	15300	0.027818182	308	227	10	100	4	1.23E+06	9.08E+05	0.737012987	0.262987013	45597	41587	62420	21517	84044	44649	64020.33333	35917.66667	1.782419051	1.36E+05	9.46E+06	1.50E+07	8.19E+06	1	TRUE	33234.71013	NA	48230.90686	-83812.78522	48230.90686	0	16	37.4988	-118.9142	1.070833325	14.00833321	43.10256577	657.918396	19.5	-13	32.5	-6.033333302	9.100000381	10.0666666	-6.033333302	576	97	15	62.93828964	257	51	61	257	2871
N/A	N/A	SN_16S0097	Rana muscosa	9/7/23	California	50783	N/A	day	Adult	N/A	N/A	N/A		401	19	4.01E+05	1900	0.004738155	417	247	10	100	4	1.67E+06	9.88E+05	0.592326139	0.407673861	22900	22151	56344	37734	88447	46158	55897	35347.66667	1.581349075	3.20E+05	9.59E+06	1.73E+06	3.88E+06	1	TRUE	2364.327839	97.518	46135.31863	-83813.52445	46135.31863	0	NA	37.4988	-118.9142	1.070833325	14.00833321	43.10256577	657.918396	19.5	-13	32.5	-6.033333302	9.100000381	10.0666666	-6.033333302	576	97	15	62.93828964	257	51	61	257	2871
N/A	N/A	SN_16S0093	Rana muscosa	9/7/23	California	50783	N/A	day	Adult	N/A	N/A	N/A		483	413	4.83E+05	41300	0.085507246	307	245	10	100	4	1.23E+06	9.80E+05	0.798045603	0.201954397	47479	39314	90953	31161	51665	23913	63365.66667	31462.66667	2.013995423	2.61E+05	9.32E+06	1.31E+07	7.57E+06	1	TRUE	165.1149922	437.868	31852.23039	-83811.93384	31852.23039	0	NA	37.4988	-118.9142	1.070833325	14.00833321	43.10256577	657.918396	19.5	-13	32.5	-6.033333302	9.100000381	10.0666666	-6.033333302	576	97	15	62.93828964	257	51	61	257	2871
N/A	N/A	SN_16S0094	Rana muscosa	9/7/23	California	50783	N/A	day	Adult	N/A	N/A	N/A		288	350	2.88E+05	35000	0.121527778	365	295	10	100	4	1.46E+06	1.18E+06	0.808219178	0.191780822	79520	32639	38458	40867	19982	67413	45986.66667	46973	0.979002122	6.37E+05	9.62E+06	4.10E+06	4.79E+06	1	TRUE	81193.14994	NA	88875.51471	-83815.73896	88875.51471	0	NA	37.4988	-118.9142	1.070833325	14.00833321	43.10256577	657.918396	19.5	-13	32.5	-6.033333302	9.100000381	10.0666666	-6.033333302	576	97	15	62.93828964	257	51	61	257	2871
N/A	N/A	SN_16S0091	Rana muscosa	9/7/23	California	50783	N/A	day	Adult	N/A	N/A	N/A		297	636	2.97E+05	63600	0.214141414	309	249	10	100	4	1.24E+06	9.96E+05	0.805825243	0.194174757	74393	49468	27276	50264	20132	58089	40600.33333	52607	0.771766748	7.26E+05	9.39E+06	5.26E+06	5.13E+06	1	TRUE	246870.8381	NA	109588.75	-83816.50086	109588.75	0	NA	37.4988	-118.9142	1.070833325	14.00833321	43.10256577	657.918396	19.5	-13	32.5	-6.033333302	9.100000381	10.0666666	-6.033333302	576	97	15	62.93828964	257	51	61	257	2871
PA155	BacSwab00254	BacSwab00254	Rana pipiens	6/27/22	Pennsylvania	Tuttle Pond	N/A	NA	Adult	Unknown	29.5	2.4		230	500	2.30E+05	50000	0.217391304	312	275	10	100	4	1.25E+06	1.10E+06	0.881410256	0.118589744	21655	21439	21439	21225	22738	22511	21944	21725	1.010080552	1.40E+06	1.42E+06	1.13E+06	1.32E+06	1	FALSE	0	NA	-3948.014706	-83815.6247	0	0	NA	41.69171	-80.50082	8.524999619	10.9333334	30.20257759	935.7143555	26.89999962	-9.300000191	36.20000076	19.66666603	-2.483333349	19.66666603	-3.333333254	1062	109	55	19.7213974	315	189	315	200	800
PA154	BacSwab00253	BacSwab00253	Rana pipiens	6/27/22	Pennsylvania	Tuttle Pond	N/A	NA	Adult	Unknown	34.9	3.3		230	300	2.30E+05	30000	0.130434783	324	227	10	100	4	1.30E+06	9.08E+05	0.700617284	0.299382716	22629	22403	22403	22179	23761	23524	22931	22702	1.010087217	1.11E+06	1.25E+06	1.38E+06	1.25E+06	1	FALSE	0	NA	-356.1029412	-83815.62468	0	0	21.7	41.69171	-80.50082	8.524999619	10.9333334	30.20257759	935.7143555	26.89999962	-9.300000191	36.20000076	19.66666603	-2.483333349	19.66666603	-3.333333254	1062	109	55	19.7213974	315	189	315	200	800
PA94	BacSwab00194	BacSwab00194	Rana pipiens	6/27/22	Pennsylvania	Tuttle Pond	N/A	NA	Juvenile	Unknown	29.2	1.7		255	331	2.55E+05	33100	0.129803922	356	297	10	100	4	1.42E+06	1.19E+06	0.834269663	0.165730337	53342	52809	52809	52281	56010	55450	54053.66667	53513.33333	1.010097172	1.35E+06	1.30E+06	1.40E+06	1.35E+06	1	FALSE	0	NA	112920.8578	-83815.62464	112920.8578	0	22.4	41.71212	-80.38903	8.445833206	10.92500019	30.2631588	931.9516602	26.79999924	-9.300000191	36.09999847	19.58333206	-2.450000048	19.58333206	-3.383333445	1086	111	58	19.02963638	321	197	321	207	330
N/A	N/A	DrySwab00155	Rana pipiens	7/19/22	Pennsylvania	Tuttle Pond	N/A	NA	Adult	N/A	N/A	N/A		310	555	3.10E+05	55500	0.179032258	362	328	10	100	4	1.45E+06	1.31E+06	0.906077348	0.093922652	29922	19158	23781	72048	59499	35530	37734	42245.33333	0.893211084	7.91E+05	9.50E+06	4.73E+06	5.01E+06	1	FALSE	0	NA	71494.38725	-83816.05437	71494.38725	0	25.1	41.69171	-80.50082	8.524999619	10.9333334	30.20257759	935.7143555	26.89999962	-9.300000191	36.20000076	19.66666603	-2.483333349	19.66666603	-3.333333254	1062	109	55	19.7213974	315	189	315	200	185
N/A	N/A	DrySwab00094	Rana pipiens	7/18/22	Pennsylvania	Tuttle Pond	N/A	NA	Adult	N/A	N/A	N/A		334	460	3.34E+05	46000	0.137724551	289	315	10	100	4	1.16E+06	1.26E+06	1.089965398	-0.089965398	25563	70047	75377	77305	71919	87706	57619.66667	78352.66667	0.735388713	7.43E+05	9.42E+06	9.43E+06	6.53E+06	1	FALSE	0	NA	204241.9363	-83816.6346	204241.9363	0	NA	41.69171	-80.50082	8.524999619	10.9333334	30.20257759	935.7143555	26.89999962	-9.300000191	36.20000076	19.66666603	-2.483333349	19.66666603	-3.333333254	1062	109	55	19.7213974	315	189	315	200	185
N/A	N/A	DrySwab00154	Rana pipiens	7/19/22	Pennsylvania	Tuttle Pond	N/A	NA	Adult	N/A	N/A	N/A		243	620	2.43E+05	62000	0.255144033	294	288	10	100	4	1.18E+06	1.15E+06	0.979591837	0.020408163	19457	59089	95353	72985	77756	34349	64188.66667	55474.33333	1.157087662	4.70E+05	9.52E+06	7.13E+06	5.71E+06	1	FALSE	0	NA	120130.4167	-83815.08424	120130.4167	0	NA	41.69171	-80.50082	8.524999619	10.9333334	30.20257759	935.7143555	26.89999962	-9.300000191	36.20000076	19.66666603	-2.483333349	19.66666603	-3.333333254	1062	109	55	19.7213974	315	189	315	200	185
N/A	N/A	SN_16S0058	Rana sierrae	9/15/23	California	70459	N/A	day	Adult	N/A	N/A	N/A		135	473	1.35E+05	47300	0.35037037	302	337	10	100	4	1.21E+06	1.35E+06	1.11589404	-0.11589404	28202	23324	93932	39078	36028	50270	52720.66667	56075.66667	0.940170127	6.38E+05	9.61E+06	9.05E+06	6.43E+06	1	TRUE	6444.062066	NA	122341.201	-83815.88173	122341.201	0	3.5	37.8496	-119.3789	1.100000024	14.14999962	44.92063522	612.6655884	19.20000076	-12.30000019	31.5	-3.583333254	8.566666603	9.600000381	-5.083333492	770	136	18	68.74092865	365	60	70	334	3298
N/A	N/A	SN_16S0059	Rana sierrae	9/15/23	California	70459	N/A	day	Adult	N/A	N/A	N/A		389	186	3.89E+05	18600	0.04781491	349	307	10	100	4	1.40E+06	1.23E+06	0.87965616	0.12034384	24922	22005	62255	29130	20123	32163	35766.66667	27766	1.288146174	3.95E+05	9.37E+06	9.50E+06	5.89E+06	1	FALSE	0	22.386	18261.54412	-83814.6024	18261.54412	0	4.3	37.8496	-119.3789	1.100000024	14.14999962	44.92063522	612.6655884	19.20000076	-12.30000019	31.5	-3.583333254	8.566666603	9.600000381	-5.083333492	770	136	18	68.74092865	365	60	70	334	3298
N/A	N/A	SN_16S0060	Rana sierrae	9/15/23	California	70459	N/A	day	Adult	N/A	N/A	N/A		344	314	3.44E+05	31400	0.09127907	315	307	10	100	4	1.26E+06	1.23E+06	0.974603175	0.025396825	78879	75961	62307	58682	23348	66104	54844.66667	66915.66667	0.819608761	6.25E+05	9.22E+06	6.66E+06	6.10E+06	1	FALSE	0	NA	162194.1422	-83816.32497	162194.1422	0	4.7	37.8496	-119.3789	1.100000024	14.14999962	44.92063522	612.6655884	19.20000076	-12.30000019	31.5	-3.583333254	8.566666603	9.600000381	-5.083333492	770	136	18	68.74092865	365	60	70	334	3298
N/A	N/A	SN_16S0068	Rana sierrae	8/31/23	California	70481	N/A	day	Adult	N/A	N/A	N/A		148	44	1.48E+05	4400	0.02972973	298	332	10	100	4	1.19E+06	1.33E+06	1.11409396	-0.11409396	79605	19531	34046	81770	43550	23265	52400.33333	41522	1.261989628	2.97E+05	9.26E+06	1.16E+07	7.05E+06	1	FALSE	0	NA	68835.07353	-83814.69857	68835.07353	0	7	36.4053	-118.195	3.229166508	14.1916666	42.49002075	712.854248	22.39999962	-11	33.40000153	-4.716666698	12.01666641	12.51666641	-4.716666698	593	106	11	67.72621155	281	45	60	281	2993
N/A	N/A	SN_16S0032	Rana sierrae	9/14/23	California	72808	N/A	day	Adult	N/A	N/A	N/A		294	64	2.94E+05	6400	0.021768707	278	374	10	100	4	1.11E+06	1.50E+06	1.345323741	-0.345323741	61854	41464	89176	29393	86399	52880	79143	41245.66667	1.918819755	1.85E+05	9.15E+06	7.38E+06	#REF!	1	TRUE	58220.40485	110.718	67819.14216	-83812.28375	67819.14216	0	8	37.954	-119.294	0.158333346	14.28333378	44.22084427	639.338562	18.70000076	-13.60000038	32.30000305	-5.016666412	7.800000191	9.016666412	-6.416666508	744	125	20	64.15598297	339	66	74	334	3066
N/A	N/A	SN_16S0041	Rana sierrae	9/10/23	California	54188	N/A	day	Adult	N/A	N/A	N/A		435	85	4.35E+05	8500	0.01954023	323	234	10	100	4	1.29E+06	9.36E+05	0.724458204	0.275541796	84890	78800	52410	38549	41629	53453	59643	56934	1.04758141	5.17E+05	9.36E+06	1.23E+07	7.38E+06	1	TRUE	674.1746709	151.65	125496.8382	-83815.48683	125496.8382	0	8	37.3377	-118.8475	-0.14166671	13.11666679	42.58657837	638.8122559	17.5	-13.30000019	30.79999924	-6.566666603	7.549999714	8.716666222	-6.650000095	689	116	17	62.69108963	310	61	74	290	3395
N/A	N/A	SN_16S0072	Rana sierrae	9/15/23	California	70459	N/A	day	Adult	N/A	N/A	N/A		435	95	4.35E+05	9500	0.02183908	287	277	10	100	4	1.15E+06	1.11E+06	0.965156794	0.034843206	68185	83257	88536	75946	47428	58544	68049.66667	72582.33333	0.937551378	8.43E+05	9.40E+06	7.41E+06	5.89E+06	1	FALSE	0	NA	183027.4755	-83815.89136	183027.4755	0	8	37.8496	-119.3789	1.100000024	14.14999962	44.92063522	612.6655884	19.20000076	-12.30000019	31.5	-3.583333254	8.566666603	9.600000381	-5.083333492	770	136	18	68.74092865	365	60	70	334	3298
N/A	N/A	SN_16S0065	Rana sierrae	9/15/23	California	70459	N/A	day	Adult	N/A	N/A	N/A		226	548	2.26E+05	54800	0.242477876	314	325	10	100	4	1.26E+06	1.30E+06	1.035031847	-0.035031847	48925	76702	61425	54834	51409	86742	53919.66667	72759.33333	0.741068729	5.36E+05	9.65E+06	8.12E+06	6.10E+06	1	TRUE	309.484126	41.688	183678.2108	-83816.61372	183678.2108	0	9	37.8496	-119.3789	1.100000024	14.14999962	44.92063522	612.6655884	19.20000076	-12.30000019	31.5	-3.583333254	8.566666603	9.600000381	-5.083333492	770	136	18	68.74092865	365	60	70	334	3298
N/A	N/A	SN_16S0115	Rana sierrae	9/13/23	California	50731	N/A	day	Adult	N/A	N/A	N/A		168	559	1.68E+05	55900	0.332738095	344	346	10	100	4	1.38E+06	1.38E+06	1.005813953	-0.005813953	37086	83470	45162	55896	90725	62467	57657.66667	67277.66667	0.857010499	8.65E+05	9.31E+06	1.19E+07	7.35E+06	1	FALSE	0	NA	163525.0245	-83816.18746	163525.0245	0	9	37.8496	-119.3789	1.100000024	14.14999962	44.92063522	612.6655884	19.20000076	-12.30000019	31.5	-3.583333254	8.566666603	9.600000381	-5.083333492	770	136	18	68.74092865	365	60	70	334	3359
N/A	N/A	SN_16S0116	Rana sierrae	9/13/23	California	50731	N/A	day	Adult	N/A	N/A	N/A		444	19	4.44E+05	1900	0.004279279	351	267	10	100	4	1.40E+06	1.07E+06	0.760683761	0.239316239	86311	26150	35808	42522	90018	44957	70712.33333	37876.33333	1.866926577	7.14E+05	9.46E+06	5.31E+06	5.16E+06	1	FALSE	0	NA	55431.88725	-83812.47453	55431.88725	0	9	37.8496	-119.3789	1.100000024	14.14999962	44.92063522	612.6655884	19.20000076	-12.30000019	31.5	-3.583333254	8.566666603	9.600000381	-5.083333492	770	136	18	68.74092865	365	60	70	334	3359
N/A	N/A	SN_16S0448	Rana sierrae	9/2/24	California	70459	N/A	day	Adult	N/A	N/A	N/A		121	385	1.21E+05	38500	0.318181818	293	271	10	100	4	1.17E+06	1.08E+06	0.924914676	0.075085324	52225	53126	72270	49512	44358	44295	56284.33333	48977.66667	1.149183642	1.03E+05	9.51E+06	1.51E+07	8.25E+06	1	FALSE	0	NA	96245.61275	-83815.1133	96245.61275	0	9	37.8496	-119.3789	1.100000024	14.14999962	44.92063522	612.6655884	19.20000076	-12.30000019	31.5	-3.583333254	8.566666603	9.600000381	-5.083333492	770	136	18	68.74092865	365	60	70	334	3298
N/A	N/A	SN_16S0073	Rana sierrae	9/15/23	California	70459	N/A	day	Adult	N/A	N/A	N/A		128	215	1.28E+05	21500	0.16796875	397	384	10	100	4	1.59E+06	1.54E+06	0.967254408	0.032745592	37241	56106	49497	61398	43056	51501	43264.66667	56335	0.767989113	3.62E+05	9.21E+06	9.61E+05	3.51E+06	1	FALSE	0	80.562	123294.6324	-83816.51475	123294.6324	0	10	37.8496	-119.3789	1.100000024	14.14999962	44.92063522	612.6655884	19.20000076	-12.30000019	31.5	-3.583333254	8.566666603	9.600000381	-5.083333492	770	136	18	68.74092865	365	60	70	334	3298
N/A	N/A	SN_16S0110	Rana sierrae	9/13/23	California	50731	N/A	day	Adult	N/A	N/A	N/A		146	76	1.46E+05	7600	0.052054795	314	246	10	100	4	1.26E+06	9.84E+05	0.78343949	0.21656051	53235	26281	25618	78156	32243	46529	37032	50322	0.735900799	4.70E+05	9.11E+06	1.25E+07	7.36E+06	1	FALSE	0	262.5	101188.0147	-83816.63272	101188.0147	0	10	37.8496	-119.3789	1.100000024	14.14999962	44.92063522	612.6655884	19.20000076	-12.30000019	31.5	-3.583333254	8.566666603	9.600000381	-5.083333492	770	136	18	68.74092865	365	60	70	334	3359
N/A	N/A	SN_16S0064	Rana sierrae	9/15/23	California	70459	N/A	day	Adult	N/A	N/A	N/A		406	9	4.06E+05	900	0.002216749	373	331	10	100	4	1.49E+06	1.32E+06	0.887399464	0.112600536	62147	22521	50918	75298	22805	25769	45290	41196	1.09937858	5.39E+05	9.54E+06	2.16E+06	4.08E+06	1	TRUE	381.3967013	NA	67636.54412	-83815.2964	67636.54412	0	10	37.8496	-119.3789	1.100000024	14.14999962	44.92063522	612.6655884	19.20000076	-12.30000019	31.5	-3.583333254	8.566666603	9.600000381	-5.083333492	770	136	18	68.74092865	365	60	70	334	3298
N/A	N/A	SN_16S0063	Rana sierrae	9/15/23	California	70459	N/A	day	Adult	N/A	N/A	N/A		340	260	3.40E+05	26000	0.076470588	368	385	10	100	4	1.47E+06	1.54E+06	1.046195652	-0.046195652	66873	86262	41768	33012	55261	27433	54634	48902.33333	1.117206405	8.83E+05	9.43E+06	1.43E+07	8.19E+06	1	TRUE	675.1437151	90.936	95968.65196	-83815.23086	95968.65196	0	11	37.8496	-119.3789	1.100000024	14.14999962	44.92063522	612.6655884	19.20000076	-12.30000019	31.5	-3.583333254	8.566666603	9.600000381	-5.083333492	770	136	18	68.74092865	365	60	70	334	3298
N/A	N/A	SN_16S0111	Rana sierrae	9/13/23	California	50731	N/A	day	Adult	N/A	N/A	N/A		156	593	1.56E+05	59300	0.380128205	402	286	10	100	4	1.61E+06	1.14E+06	0.711442786	0.288557214	84551	66620	85418	21372	41940	52145	70636.33333	46712.33333	1.512155962	8.22E+05	9.16E+06	1.40E+07	8.00E+06	1	FALSE	0	NA	87917.18137	-83813.77884	87917.18137	0	11	37.8496	-119.3789	1.100000024	14.14999962	44.92063522	612.6655884	19.20000076	-12.30000019	31.5	-3.583333254	8.566666603	9.600000381	-5.083333492	770	136	18	68.74092865	365	60	70	334	3359
N/A	N/A	SN_16S0088	Rana sierrae	9/6/23	California	50837	N/A	day	Adult	N/A	N/A	N/A		211	499	2.11E+05	49900	0.236492891	363	318	10	100	4	1.45E+06	1.27E+06	0.876033058	0.123966942	51876	41921	95155	63766	42373	26493	63134.66667	44060	1.4329248	7.59E+05	9.30E+06	1.45E+07	8.18E+06	1	FALSE	0	NA	78165.95588	-83814.07013	78165.95588	0	11	37.954	-119.294	0.158333346	14.28333378	44.22084427	639.338562	18.70000076	-13.60000038	32.30000305	-5.016666412	7.800000191	9.016666412	-6.416666508	744	125	20	64.15598297	339	66	74	334	3219
N/A	N/A	SN_16S0071	Rana sierrae	8/31/23	California	70481	N/A	day	Adult	N/A	N/A	N/A		123	183	1.23E+05	18300	0.148780488	315	247	10	100	4	1.26E+06	9.88E+05	0.784126984	0.215873016	68679	26002	51594	95436	77017	72976	65763.33333	64804.66667	1.014793173	1.05E+05	9.24E+06	1.47E+06	3.61E+06	1	FALSE	0	NA	154433.1127	-83815.60738	154433.1127	0	11	36.4053	-118.195	3.229166508	14.1916666	42.49002075	712.854248	22.39999962	-11	33.40000153	-4.716666698	12.01666641	12.51666641	-4.716666698	593	106	11	67.72621155	281	45	60	281	2993
N/A	N/A	SN_16S0077	Rana sierrae	9/10/23	California	72808	N/A	day	Adult	N/A	N/A	N/A		221	68	2.21E+05	6800	0.030769231	409	338	10	100	4	1.64E+06	1.35E+06	0.826405868	0.173594132	44636	71492	59636	86515	86368	40106	63546.66667	66037.66667	0.962279103	4.50E+05	9.19E+06	4.00E+06	4.55E+06	1	FALSE	0	NA	158966.201	-83815.80044	158966.201	0	11	37.954	-119.294	0.158333346	14.28333378	44.22084427	639.338562	18.70000076	-13.60000038	32.30000305	-5.016666412	7.800000191	9.016666412	-6.416666508	744	125	20	64.15598297	339	66	74	334	3066
N/A	N/A	SN_16S0062	Rana sierrae	9/15/23	California	70459	N/A	day	Adult	N/A	N/A	N/A		556	217	5.56E+05	21700	0.039028777	411	370	10	100	4	1.64E+06	1.48E+06	0.900243309	0.099756691	38909	77977	65900	55505	61269	47682	55359.33333	60388	0.916727385	1.83E+05	9.56E+06	2.94E+06	4.23E+06	1	TRUE	91.14862141	NA	138195.3676	-83815.96791	138195.3676	0	11	37.8496	-119.3789	1.100000024	14.14999962	44.92063522	612.6655884	19.20000076	-12.30000019	31.5	-3.583333254	8.566666603	9.600000381	-5.083333492	770	136	18	68.74092865	365	60	70	334	3298
N/A	N/A	SN_16S0069	Rana sierrae	8/31/23	California	70481	N/A	day	Adult	N/A	N/A	N/A		506	198	5.06E+05	19800	0.039130435	385	245	10	100	4	1.54E+06	9.80E+05	0.636363636	0.363636364	64519	78842	52375	32273	23372	64642	46755.33333	58585.66667	0.798067787	2.58E+05	9.21E+06	1.75E+06	3.74E+06	1	TRUE	25710.12533	NA	131569.1422	-83816.40416	131569.1422	0	11	36.4053	-118.195	3.229166508	14.1916666	42.49002075	712.854248	22.39999962	-11	33.40000153	-4.716666698	12.01666641	12.51666641	-4.716666698	593	106	11	67.72621155	281	45	60	281	2993
N/A	N/A	SN_16S0061	Rana sierrae	9/15/23	California	70459	N/A	day	Adult	N/A	N/A	N/A		209	424	2.09E+05	42400	0.202870813	302	304	10	100	4	1.21E+06	1.22E+06	1.006622517	-0.006622517	68187	37792	22963	75458	87884	65635	59678	59628.33333	1.000832937	5.60E+05	9.62E+06	4.25E+06	4.81E+06	1	TRUE	3550.552725	25.278	135402.4755	-83815.6587	135402.4755	0	11.5	37.8496	-119.3789	1.100000024	14.14999962	44.92063522	612.6655884	19.20000076	-12.30000019	31.5	-3.583333254	8.566666603	9.600000381	-5.083333492	770	136	18	68.74092865	365	60	70	334	3298
N/A	N/A	SN_16S0035	Rana sierrae	8/3/23	California	70397	N/A	day	Adult	N/A	N/A	N/A		249	51	2.49E+05	5100	0.020481928	302	335	10	100	4	1.21E+06	1.34E+06	1.109271523	-0.109271523	22827	51056	21932	21063	23275	23141	22678	31753.33333	0.714192736	1.49E+05	9.57E+06	1.16E+07	7.10E+06	1	TRUE	1025.162674	NA	32920.85784	-83816.71253	32920.85784	0	11.5	37.4988	-118.9142	1.070833325	14.00833321	43.10256577	657.918396	19.5	-13	32.5	-6.033333302	9.100000381	10.0666666	-6.033333302	576	97	15	62.93828964	257	51	61	257	3176
N/A	N/A	SN_16S0016	Rana sierrae	8/10/23	California	72996	N/A	day	Adult	N/A	N/A	N/A		357	38	3.57E+05	3800	0.010644258	406	258	10	100	4	1.62E+06	1.03E+06	0.63546798	0.36453202	62858	66333	46791	75650	31809	48549	47152.66667	63510.66667	0.742436966	7.56E+05	9.59E+06	6.26E+06	5.54E+06	1	TRUE	592.6910235	135.876	149675.7598	-83816.60869	149675.7598	0	11.9	37.3377	-118.8475	-0.14166671	13.11666679	42.58657837	638.8122559	17.5	-13.30000019	30.79999924	-6.566666603	7.549999714	8.716666222	-6.650000095	689	116	17	62.69108963	310	61	74	290	3176
N/A	N/A	SN_16S0454	Rana sierrae	9/2/24	California	70459	N/A	day	Adult	N/A	N/A	N/A		105	317	1.05E+05	31700	0.301904762	417	354	10	100	4	1.67E+06	1.42E+06	0.848920863	0.151079137	50828	84981	60095	58252	80556	89187	63826.33333	77473.33333	0.823849066	2.34E+05	9.42E+06	1.08E+07	6.83E+06	1	FALSE	0	53.766	201009.0931	-83816.30938	201009.0931	0	12	37.8496	-119.3789	1.100000024	14.14999962	44.92063522	612.6655884	19.20000076	-12.30000019	31.5	-3.583333254	8.566666603	9.600000381	-5.083333492	770	136	18	68.74092865	365	60	70	334	3298
N/A	N/A	SN_16S0429	Rana sierrae	8/30/24	California	50837	N/A	day	Adult	N/A	N/A	N/A		359	567	3.59E+05	56700	0.157938719	420	259	10	100	4	1.68E+06	1.04E+06	0.616666667	0.383333333	87306	62616	58606	66156	20070	21917	55327.33333	50229.66667	1.101487169	8.69E+05	9.67E+06	1.25E+07	7.69E+06	1	FALSE	0	56.862	100848.5539	-83815.28865	100848.5539	0	12	37.954	-119.294	0.158333346	14.28333378	44.22084427	639.338562	18.70000076	-13.60000038	32.30000305	-5.016666412	7.800000191	9.016666412	-6.416666508	744	125	20	64.15598297	339	66	74	334	3219
N/A	N/A	SN_16S0456	Rana sierrae	9/2/24	California	70459	N/A	day	Adult	N/A	N/A	N/A		363	580	3.63E+05	58000	0.159779614	361	281	10	100	4	1.44E+06	1.12E+06	0.778393352	0.221606648	79471	55234	38030	37917	58383	62395	58628	51848.66667	1.130752318	3.59E+05	9.13E+06	1.24E+07	7.29E+06	1	FALSE	0	86.88	106800.7598	-83815.18106	106800.7598	0	12	37.8496	-119.3789	1.100000024	14.14999962	44.92063522	612.6655884	19.20000076	-12.30000019	31.5	-3.583333254	8.566666603	9.600000381	-5.083333492	770	136	18	68.74092865	365	60	70	334	3298
N/A	N/A	SN_16S0118	Rana sierrae	9/13/23	California	50731	N/A	day	Adult	N/A	N/A	N/A		441	481	4.41E+05	48100	0.109070295	365	327	10	100	4	1.46E+06	1.31E+06	0.895890411	0.104109589	60881	21552	31489	62921	82527	34360	58299	39611	1.47178814	3.14E+05	9.63E+06	8.07E+06	6.00E+06	1	FALSE	0	91.35	61809.33824	-83813.92725	61809.33824	0	12	37.8496	-119.3789	1.100000024	14.14999962	44.92063522	612.6655884	19.20000076	-12.30000019	31.5	-3.583333254	8.566666603	9.600000381	-5.083333492	770	136	18	68.74092865	365	60	70	334	3359
N/A	N/A	SN_16S0453	Rana sierrae	9/2/24	California	70459	N/A	day	Adult	N/A	N/A	N/A		302	171	3.02E+05	17100	0.056622517	357	298	10	100	4	1.43E+06	1.19E+06	0.834733894	0.165266106	67401	26170	30281	25621	91184	75561	62955.33333	42450.66667	1.483023431	5.03E+05	9.69E+06	1.18E+06	3.79E+06	1	TRUE	2500.340613	109.278	72249.28922	-83813.88594	72249.28922	0	12	37.8496	-119.3789	1.100000024	14.14999962	44.92063522	612.6655884	19.20000076	-12.30000019	31.5	-3.583333254	8.566666603	9.600000381	-5.083333492	770	136	18	68.74092865	365	60	70	334	3298
N/A	N/A	SN_16S0089	Rana sierrae	9/6/23	California	50837	N/A	day	Adult	N/A	N/A	N/A		461	563	4.61E+05	56300	0.122125813	377	325	10	100	4	1.51E+06	1.30E+06	0.862068966	0.137931034	49971	71137	80437	54681	62784	50963	64397.33333	58927	1.092832375	5.70E+05	9.13E+06	1.22E+07	7.29E+06	1	FALSE	0	110.232	132824.0441	-83815.32047	132824.0441	0	12	37.954	-119.294	0.158333346	14.28333378	44.22084427	639.338562	18.70000076	-13.60000038	32.30000305	-5.016666412	7.800000191	9.016666412	-6.416666508	744	125	20	64.15598297	339	66	74	334	3219
N/A	N/A	SN_16S0067	Rana sierrae	8/31/23	California	70481	N/A	day	Adult	N/A	N/A	N/A		447	605	4.47E+05	60500	0.135346756	382	389	10	100	4	1.53E+06	1.56E+06	1.018324607	-0.018324607	37063	28465	59478	51149	46037	21461	47526	33691.66667	1.410615879	9.16E+05	9.12E+06	1.71E+06	3.91E+06	1	FALSE	0	NA	40047.08333	-83814.15215	40047.08333	0	12	36.4053	-118.195	3.229166508	14.1916666	42.49002075	712.854248	22.39999962	-11	33.40000153	-4.716666698	12.01666641	12.51666641	-4.716666698	593	106	11	67.72621155	281	45	60	281	2993
N/A	N/A	SN_16S0451	Rana sierrae	9/2/24	California	70459	N/A	day	Adult	N/A	N/A	N/A		142	121	1.42E+05	12100	0.085211268	336	350	10	100	4	1.34E+06	1.40E+06	1.041666667	-0.041666667	56267	46628	70909	56371	45801	71194	57659	58064.33333	0.993019237	2.92E+05	9.50E+06	1.29E+06	3.69E+06	1	TRUE	1403.985824	NA	129652.4755	-83815.68743	129652.4755	0	12	37.8496	-119.3789	1.100000024	14.14999962	44.92063522	612.6655884	19.20000076	-12.30000019	31.5	-3.583333254	8.566666603	9.600000381	-5.083333492	770	136	18	68.74092865	365	60	70	334	3298
N/A	N/A	SN_16S0430	Rana sierrae	8/30/24	California	50837	N/A	day	Adult	N/A	N/A	N/A		160	194	1.60E+05	19400	0.12125	408	389	10	100	4	1.63E+06	1.56E+06	0.953431373	0.046568627	81725	34963	23012	25086	19321	22436	41352.66667	27495	1.504006789	2.02E+05	9.56E+06	3.89E+06	4.55E+06	1	FALSE	0	7.734	17265.22059	-83813.8088	17265.22059	0	13	37.954	-119.294	0.158333346	14.28333378	44.22084427	639.338562	18.70000076	-13.60000038	32.30000305	-5.016666412	7.800000191	9.016666412	-6.416666508	744	125	20	64.15598297	339	66	74	334	3219
N/A	N/A	SN_16S0084	Rana sierrae	9/14/23	California	72808	N/A	day	Adult	N/A	N/A	N/A		271	225	2.71E+05	22500	0.08302583	319	256	10	100	4	1.28E+06	1.02E+06	0.802507837	0.197492163	80168	54491	31138	36660	60848	79136	57384.66667	56762.33333	1.010963843	5.10E+05	9.30E+06	7.98E+06	5.93E+06	1	TRUE	709.7748677	454.92	124865.7108	-83815.62146	124865.7108	0	13	37.954	-119.294	0.158333346	14.28333378	44.22084427	639.338562	18.70000076	-13.60000038	32.30000305	-5.016666412	7.800000191	9.016666412	-6.416666508	744	125	20	64.15598297	339	66	74	334	3066
N/A	N/A	SN_16S0042	Rana sierrae	9/10/23	California	54188	N/A	day	Adult	N/A	N/A	N/A		364	330	3.64E+05	33000	0.090659341	343	323	10	100	4	1.37E+06	1.29E+06	0.941690962	0.058309038	38407	43531	54309	88494	77213	87732	56643	73252.33333	0.773258645	1.24E+05	9.58E+06	1.94E+06	3.88E+06	1	FALSE	0	NA	185490.7108	-83816.49537	185490.7108	0	13	37.3377	-118.8475	-0.14166671	13.11666679	42.58657837	638.8122559	17.5	-13.30000019	30.79999924	-6.566666603	7.549999714	8.716666222	-6.650000095	689	116	17	62.69108963	310	61	74	290	3395
N/A	N/A	SN_16S0199	Rana sierrae	7/26/24	California	72996	N/A	day	Adult	N/A	N/A	N/A		415	158	4.15E+05	15800	0.038072289	365	354	10	100	4	1.46E+06	1.42E+06	0.969863014	0.030136986	85900	57151	62726	60874	36452	30579	61692.66667	49534.66667	1.245444268	2.25E+05	9.35E+06	9.91E+06	6.49E+06	1	FALSE	0	NA	98293.40686	-83814.7594	98293.40686	0	13	37.3377	-118.8475	-0.14166671	13.11666679	42.58657837	638.8122559	17.5	-13.30000019	30.79999924	-6.566666603	7.549999714	8.716666222	-6.650000095	689	116	17	62.69108963	310	61	74	290	3176
N/A	N/A	SN_16S0018	Rana sierrae	8/10/23	California	72996	N/A	day	Adult	N/A	N/A	N/A		527	344	5.27E+05	34400	0.065275142	347	265	10	100	4	1.39E+06	1.06E+06	0.763688761	0.236311239	65535	75538	20650	91918	35926	83832	40703.66667	83762.66667	0.485940435	3.38E+05	9.15E+06	9.96E+06	6.48E+06	1	TRUE	10506.54919	62.904	224131.6422	-83817.55169	224131.6422	0	13.3	37.3377	-118.8475	-0.14166671	13.11666679	42.58657837	638.8122559	17.5	-13.30000019	30.79999924	-6.566666603	7.549999714	8.716666222	-6.650000095	689	116	17	62.69108963	310	61	74	290	3176
N/A	N/A	SN_16S0014	Rana sierrae	8/10/23	California	72996	N/A	day	Adult	N/A	N/A	N/A		229	110	2.29E+05	11000	0.048034934	320	250	10	100	4	1.28E+06	1.00E+06	0.78125	0.21875	21799	82085	23805	37376	65661	73891	37088.33333	64450.66667	0.57545306	2.94E+05	9.27E+06	6.43E+06	5.33E+06	1	TRUE	37891.07892	458.7	153131.6422	-83817.2226	153131.6422	0	13.5	37.3377	-118.8475	-0.14166671	13.11666679	42.58657837	638.8122559	17.5	-13.30000019	30.79999924	-6.566666603	7.549999714	8.716666222	-6.650000095	689	116	17	62.69108963	310	61	74	290	3176
N/A	N/A	SN_16S0395	Rana sierrae	8/28/24	California	50731	N/A	day	Adult	N/A	N/A	N/A		153	533	1.53E+05	53300	0.348366013	307	323	10	100	4	1.23E+06	1.29E+06	1.052117264	-0.052117264	28158	26069	94248	70578	75681	39792	66029	45479.66667	1.451835619	8.34E+05	9.14E+06	1.15E+06	3.71E+06	1	FALSE	0	6.072	83385.31863	-83814.0006	83385.31863	0	14	37.8496	-119.3789	1.100000024	14.14999962	44.92063522	612.6655884	19.20000076	-12.30000019	31.5	-3.583333254	8.566666603	9.600000381	-5.083333492	770	136	18	68.74092865	365	60	70	334	3359
N/A	N/A	SN_16S0083	Rana sierrae	9/14/23	California	72808	N/A	day	Adult	N/A	N/A	N/A		153	477	1.53E+05	47700	0.311764706	367	359	10	100	4	1.47E+06	1.44E+06	0.978201635	0.021798365	35606	75510	50441	19505	59085	59604	48377.33333	51539.66667	0.938642728	5.20E+05	9.61E+06	4.08E+06	4.74E+06	1	TRUE	10126.71733	56.154	105664.7304	-83815.88734	105664.7304	0	14	37.954	-119.294	0.158333346	14.28333378	44.22084427	639.338562	18.70000076	-13.60000038	32.30000305	-5.016666412	7.800000191	9.016666412	-6.416666508	744	125	20	64.15598297	339	66	74	334	3066
N/A	N/A	SN_16S0223	Rana sierrae	6/28/24	California	54188	N/A	day	Adult	N/A	N/A	N/A		549	372	5.49E+05	37200	0.067759563	381	241	10	100	4	1.52E+06	9.64E+05	0.632545932	0.367454068	23109	27955	46316	62728	26008	36341	31811	42341.33333	0.751298967	4.13E+05	9.42E+06	1.54E+07	8.41E+06	1	FALSE	0	129	71847.32843	-83816.57611	71847.32843	0	14	37.3377	-118.8475	-0.14166671	13.11666679	42.58657837	638.8122559	17.5	-13.30000019	30.79999924	-6.566666603	7.549999714	8.716666222	-6.650000095	689	116	17	62.69108963	310	61	74	290	3395
N/A	N/A	SN_16S0076	Rana sierrae	9/10/23	California	72808	N/A	day	Adult	N/A	N/A	N/A		342	220	3.42E+05	22000	0.064327485	342	228	10	100	4	1.37E+06	9.12E+05	0.666666667	0.333333333	80039	44400	67266	26679	78571	29055	75292	33378	2.255737312	4.62E+05	9.35E+06	1.33E+06	3.72E+06	1	FALSE	0	523.83	38893.89706	-83811.04508	38893.89706	0	14	37.954	-119.294	0.158333346	14.28333378	44.22084427	639.338562	18.70000076	-13.60000038	32.30000305	-5.016666412	7.800000191	9.016666412	-6.416666508	744	125	20	64.15598297	339	66	74	334	3066
N/A	N/A	SN_16S0422	Rana sierrae	8/29/24	California	72808	N/A	day	Adult	N/A	N/A	N/A		141	81	1.41E+05	8100	0.057446809	400	284	10	100	4	1.60E+06	1.14E+06	0.71	0.29	71151	66713	26884	71929	75634	39647	57889.66667	59429.66667	0.974087016	7.11E+05	9.58E+06	9.67E+06	6.65E+06	1	TRUE	752.0620583	1214.51	134672.0833	-83815.75703	134672.0833	0	14	37.954	-119.294	0.158333346	14.28333378	44.22084427	639.338562	18.70000076	-13.60000038	32.30000305	-5.016666412	7.800000191	9.016666412	-6.416666508	744	125	20	64.15598297	339	66	74	334	3066
N/A	N/A	SN_16S0117	Rana sierrae	9/13/23	California	50731	N/A	day	Adult	N/A	N/A	N/A		150	403	1.50E+05	40300	0.268666667	305	267	10	100	4	1.22E+06	1.07E+06	0.875409836	0.124590164	45702	77679	68410	41805	74180	43949	62764	54477.66667	1.152105144	3.81E+05	9.34E+06	1.35E+07	7.75E+06	1	FALSE	0	NA	116466.201	-83815.10255	116466.201	0	14	37.8496	-119.3789	1.100000024	14.14999962	44.92063522	612.6655884	19.20000076	-12.30000019	31.5	-3.583333254	8.566666603	9.600000381	-5.083333492	770	136	18	68.74092865	365	60	70	334	3359
N/A	N/A	SN_16S0416	Rana sierrae	8/29/24	California	72808	N/A	day	Adult	N/A	N/A	N/A		469	374	4.69E+05	37400	0.079744136	365	287	10	100	4	1.46E+06	1.15E+06	0.78630137	0.21369863	29759	39241	39482	74601	24529	85163	31256.66667	66335	0.471194191	6.06E+05	9.38E+06	2.06E+06	4.02E+06	1	TRUE	547.2362985	NA	160059.3382	-83817.6059	160059.3382	0	14	37.954	-119.294	0.158333346	14.28333378	44.22084427	639.338562	18.70000076	-13.60000038	32.30000305	-5.016666412	7.800000191	9.016666412	-6.416666508	744	125	20	64.15598297	339	66	74	334	3066
N/A	N/A	SN_16S0011	Rana sierrae	6/28/24	California	50731	N/A	day	Adult	N/A	N/A	N/A		374	524	3.74E+05	52400	0.140106952	329	354	10	100	4	1.32E+06	1.42E+06	1.075987842	-0.075987842	60063	74061	60519	59115	40178	21496	53586.66667	51557.33333	1.039360712	5.23E+05	9.64E+06	1.37E+07	7.95E+06	1	FALSE	0	61.482	105729.6814	-83815.51706	105729.6814	0	15	37.8496	-119.3789	1.100000024	14.14999962	44.92063522	612.6655884	19.20000076	-12.30000019	31.5	-3.583333254	8.566666603	9.600000381	-5.083333492	770	136	18	68.74092865	365	60	70	334	3359
N/A	N/A	SN_16S0009	Rana sierrae	6/28/24	California	50731	N/A	day	Adult	N/A	N/A	N/A		319	261	3.19E+05	26100	0.081818182	374	339	10	100	4	1.50E+06	1.36E+06	0.906417112	0.093582888	28834	66923	23498	64534	81002	35451	44444.66667	55636	0.798847269	7.51E+05	9.59E+06	1.05E+07	6.96E+06	1	FALSE	0	63.354	120724.7794	-83816.4013	120724.7794	0	15	37.8496	-119.3789	1.100000024	14.14999962	44.92063522	612.6655884	19.20000076	-12.30000019	31.5	-3.583333254	8.566666603	9.600000381	-5.083333492	770	136	18	68.74092865	365	60	70	334	3359
N/A	N/A	SN_16S0220	Rana sierrae	6/28/24	California	54188	N/A	day	Adult	N/A	N/A	N/A		406	26	4.06E+05	2600	0.006403941	338	321	10	100	4	1.35E+06	1.28E+06	0.949704142	0.050295858	66435	80680	78107	39260	55744	35734	66762	51891.33333	1.286573224	3.33E+05	9.11E+06	2.44E+06	3.96E+06	1	TRUE	114.0857082	83.556	106957.6225	-83814.60819	106957.6225	0	15	37.3377	-118.8475	-0.14166671	13.11666679	42.58657837	638.8122559	17.5	-13.30000019	30.79999924	-6.566666603	7.549999714	8.716666222	-6.650000095	689	116	17	62.69108963	310	61	74	290	3395
N/A	N/A	SN_16S0114	Rana sierrae	9/13/23	California	50731	N/A	day	Adult	N/A	N/A	N/A		421	435	4.21E+05	43500	0.103325416	385	337	10	100	4	1.54E+06	1.35E+06	0.875324675	0.124675325	47409	25490	82804	57907	56923	64303	62378.66667	49233.33333	1.267000677	6.04E+05	9.20E+06	7.79E+06	5.86E+06	1	FALSE	0	262.926	97185.56373	-83814.68014	97185.56373	0	15	37.8496	-119.3789	1.100000024	14.14999962	44.92063522	612.6655884	19.20000076	-12.30000019	31.5	-3.583333254	8.566666603	9.600000381	-5.083333492	770	136	18	68.74092865	365	60	70	334	3359
N/A	N/A	SN_16S0410	Rana sierrae	8/29/24	California	72808	N/A	day	Adult	N/A	N/A	N/A		166	125	1.66E+05	12500	0.075301205	350	227	10	100	4	1.40E+06	9.08E+05	0.648571429	0.351428571	81335	41770	51696	50120	51291	83882	61440.66667	58590.66667	1.04864256	9.18E+05	9.41E+06	1.18E+07	7.37E+06	1	FALSE	0	3407.58	131587.5245	-83815.48293	131587.5245	0	15.7	37.954	-119.294	0.158333346	14.28333378	44.22084427	639.338562	18.70000076	-13.60000038	32.30000305	-5.016666412	7.800000191	9.016666412	-6.416666508	744	125	20	64.15598297	339	66	74	334	3066
N/A	N/A	SN_16S0030	Rana sierrae	9/14/23	California	72808	N/A	day	Adult	N/A	N/A	N/A		160	528	1.60E+05	52800	0.33	292	348	10	100	4	1.17E+06	1.39E+06	1.191780822	-0.191780822	47906	66772	28005	29318	19575	47334	31828.66667	47808	0.665760263	8.00E+05	9.45E+06	1.20E+07	7.41E+06	1	TRUE	24366.29675	19.692	91945.36765	-83816.89059	91945.36765	0	16	37.954	-119.294	0.158333346	14.28333378	44.22084427	639.338562	18.70000076	-13.60000038	32.30000305	-5.016666412	7.800000191	9.016666412	-6.416666508	744	125	20	64.15598297	339	66	74	334	3066
N/A	N/A	SN_16S0216	Rana sierrae	6/28/24	California	54188	N/A	day	Adult	N/A	N/A	N/A		458	325	4.58E+05	32500	0.070960699	312	283	10	100	4	1.25E+06	1.13E+06	0.907051282	0.092948718	77682	79612	54882	84287	75733	50192	69432.33333	71363.66667	0.972936742	4.24E+05	9.66E+06	2.15E+06	4.08E+06	1	TRUE	1172.274881	23.142	178547.0833	-83815.76126	178547.0833	0	16	37.3377	-118.8475	-0.14166671	13.11666679	42.58657837	638.8122559	17.5	-13.30000019	30.79999924	-6.566666603	7.549999714	8.716666222	-6.650000095	689	116	17	62.69108963	310	61	74	290	3395
N/A	N/A	SN_16S0082	Rana sierrae	9/14/23	California	72808	N/A	day	Adult	N/A	N/A	N/A		271	314	2.71E+05	31400	0.115867159	300	244	10	100	4	1.20E+06	9.76E+05	0.813333333	0.186666667	47811	73634	19804	73550	28168	36957	31927.66667	61380.33333	0.520161181	7.56E+05	9.14E+06	6.93E+06	5.61E+06	1	TRUE	12231.19612	34.608	141843.652	-83817.42588	141843.652	0	16	37.954	-119.294	0.158333346	14.28333378	44.22084427	639.338562	18.70000076	-13.60000038	32.30000305	-5.016666412	7.800000191	9.016666412	-6.416666508	744	125	20	64.15598297	339	66	74	334	3066
N/A	N/A	SN_16S0036	Rana sierrae	8/3/23	California	70397	N/A	day	Adult	N/A	N/A	N/A		439	422	4.39E+05	42200	0.096127563	308	388	10	100	4	1.23E+06	1.55E+06	1.25974026	-0.25974026	59366	75352	59474	26928	23040	85128	47293.33333	62469.33333	0.7570648	4.24E+05	9.52E+06	6.18E+06	5.37E+06	1	FALSE	0	80.154	145847.3284	-83816.55491	145847.3284	0	16	37.4988	-118.9142	1.070833325	14.00833321	43.10256577	657.918396	19.5	-13	32.5	-6.033333302	9.100000381	10.0666666	-6.033333302	576	97	15	62.93828964	257	51	61	257	3176
N/A	N/A	SN_16S0112	Rana sierrae	9/13/23	California	50731	N/A	day	Adult	N/A	N/A	N/A		215	171	2.15E+05	17100	0.079534884	385	330	10	100	4	1.54E+06	1.32E+06	0.857142857	0.142857143	56721	28060	25359	62325	40182	19912	40754	36765.66667	1.108479832	8.37E+05	9.19E+06	1.07E+07	6.91E+06	1	FALSE	0	48.66	51348.55392	-83815.26294	51348.55392	0	17	37.8496	-119.3789	1.100000024	14.14999962	44.92063522	612.6655884	19.20000076	-12.30000019	31.5	-3.583333254	8.566666603	9.600000381	-5.083333492	770	136	18	68.74092865	365	60	70	334	3359
N/A	N/A	SN_16S0007	Rana sierrae	6/28/24	California	50731	N/A	day	Adult	N/A	N/A	N/A		496	521	4.96E+05	52100	0.105040323	417	227	10	100	4	1.67E+06	9.08E+05	0.544364508	0.455635492	29236	44369	77429	41912	22175	90690	42946.66667	58990.33333	0.728028886	6.54E+05	9.48E+06	8.66E+06	6.26E+06	1	FALSE	0	52.818	133056.8873	-83816.66166	133056.8873	0	17	37.8496	-119.3789	1.100000024	14.14999962	44.92063522	612.6655884	19.20000076	-12.30000019	31.5	-3.583333254	8.566666603	9.600000381	-5.083333492	770	136	18	68.74092865	365	60	70	334	3359
N/A	N/A	SN_16S0413	Rana sierrae	8/29/24	California	72808	N/A	day	Adult	N/A	N/A	N/A		248	149	2.48E+05	14900	0.060080645	345	288	10	100	4	1.38E+06	1.15E+06	0.834782609	0.165217391	73012	46607	46063	48985	45323	79112	54799.33333	58234.66667	0.941008792	6.19E+05	9.41E+06	1.40E+07	8.02E+06	1	TRUE	2346.754585	60.85	130278.701	-83815.87864	130278.701	0	17	37.954	-119.294	0.158333346	14.28333378	44.22084427	639.338562	18.70000076	-13.60000038	32.30000305	-5.016666412	7.800000191	9.016666412	-6.416666508	744	125	20	64.15598297	339	66	74	334	3066
N/A	N/A	SN_16S0418	Rana sierrae	8/29/24	California	72808	N/A	day	Adult	N/A	N/A	N/A		417	555	4.17E+05	55500	0.133093525	294	294	10	100	4	1.18E+06	1.18E+06	1	0	41083	74389	48887	56523	54794	31262	48254.66667	54058	0.89264617	6.07E+05	9.49E+06	1.58E+06	3.89E+06	1	TRUE	17745.09269	150.29	114923.3088	-83816.05645	114923.3088	0	17	37.954	-119.294	0.158333346	14.28333378	44.22084427	639.338562	18.70000076	-13.60000038	32.30000305	-5.016666412	7.800000191	9.016666412	-6.416666508	744	125	20	64.15598297	339	66	74	334	3066
N/A	N/A	SN_16S0421	Rana sierrae	8/29/24	California	72808	N/A	day	Adult	N/A	N/A	N/A		350	373	3.50E+05	37300	0.106571429	307	264	10	100	4	1.23E+06	1.06E+06	0.859934853	0.140065147	68188	56056	73020	29863	85065	22983	75424.33333	36300.66667	2.077767167	3.84E+05	9.40E+06	2.44E+06	4.07E+06	1	TRUE	340.3715779	415.36	49638.9951	-83811.69939	49638.9951	0	17	37.954	-119.294	0.158333346	14.28333378	44.22084427	639.338562	18.70000076	-13.60000038	32.30000305	-5.016666412	7.800000191	9.016666412	-6.416666508	744	125	20	64.15598297	339	66	74	334	3066
N/A	N/A	SN_16S0414	Rana sierrae	8/29/24	California	72808	N/A	day	Adult	N/A	N/A	N/A		361	628	3.61E+05	62800	0.173961219	387	359	10	100	4	1.55E+06	1.44E+06	0.927648579	0.072351421	24118	21280	50744	84189	31617	60879	35493	55449.33333	0.640097867	2.46E+05	9.66E+06	4.14E+06	4.68E+06	1	TRUE	3722.750902	467.22	120038.5049	-83816.98493	120038.5049	0	17	37.954	-119.294	0.158333346	14.28333378	44.22084427	639.338562	18.70000076	-13.60000038	32.30000305	-5.016666412	7.800000191	9.016666412	-6.416666508	744	125	20	64.15598297	339	66	74	334	3066
N/A	N/A	SN_16S0070	Rana sierrae	8/31/23	California	70481	N/A	day	Adult	N/A	N/A	N/A		524	371	5.24E+05	37100	0.070801527	334	373	10	100	4	1.34E+06	1.49E+06	1.116766467	-0.116766467	26503	21333	91643	24599	35036	46733	51060.66667	30888.33333	1.653072897	8.34E+05	9.45E+06	1.36E+07	7.96E+06	1	FALSE	0	NA	29740.71078	-83813.26076	29740.71078	0	17	36.4053	-118.195	3.229166508	14.1916666	42.49002075	712.854248	22.39999962	-11	33.40000153	-4.716666698	12.01666641	12.51666641	-4.716666698	593	106	11	67.72621155	281	45	60	281	2993
N/A	N/A	SN_16S0399	Rana sierrae	8/28/24	California	50731	N/A	day	Adult	N/A	N/A	N/A		350	542	3.50E+05	54200	0.154857143	352	320	10	100	4	1.41E+06	1.28E+06	0.909090909	0.090909091	62104	60996	41013	73591	79100	90496	60739	75027.66667	0.809554698	1.56E+05	9.33E+06	8.09E+06	5.86E+06	1	FALSE	0	3.912	192017.6716	-83816.36193	192017.6716	0	18	37.8496	-119.3789	1.100000024	14.14999962	44.92063522	612.6655884	19.20000076	-12.30000019	31.5	-3.583333254	8.566666603	9.600000381	-5.083333492	770	136	18	68.74092865	365	60	70	334	3359
N/A	N/A	SN_16S0224	Rana sierrae	6/28/24	California	54188	N/A	day	Adult	N/A	N/A	N/A		413	629	4.13E+05	62900	0.152300242	397	385	10	100	4	1.59E+06	1.54E+06	0.9697733	0.0302267	85357	78709	79476	21611	50825	74044	71886	58121.33333	1.236826409	3.40E+05	9.50E+06	3.53E+06	4.46E+06	1	FALSE	0	219.978	129862.0343	-83814.79108	129862.0343	0	18	37.3377	-118.8475	-0.14166671	13.11666679	42.58657837	638.8122559	17.5	-13.30000019	30.79999924	-6.566666603	7.549999714	8.716666222	-6.650000095	689	116	17	62.69108963	310	61	74	290	3395
N/A	N/A	SN_16S0411	Rana sierrae	8/29/24	California	72808	N/A	day	Adult	N/A	N/A	N/A		249	569	2.49E+05	56900	0.228514056	369	343	10	100	4	1.48E+06	1.37E+06	0.929539295	0.070460705	39384	57475	23422	56828	35540	73007	32782	62436.66667	0.525044045	8.04E+05	9.56E+06	1.36E+07	7.98E+06	1	TRUE	32298.43231	555.31	145727.2304	-83817.40793	145727.2304	0	18	37.954	-119.294	0.158333346	14.28333378	44.22084427	639.338562	18.70000076	-13.60000038	32.30000305	-5.016666412	7.800000191	9.016666412	-6.416666508	744	125	20	64.15598297	339	66	74	334	3066
N/A	N/A	SN_16S0113	Rana sierrae	9/13/23	California	50731	N/A	day	Adult	N/A	N/A	N/A		278	349	2.78E+05	34900	0.125539568	365	257	10	100	4	1.46E+06	1.03E+06	0.704109589	0.295890411	52180	50624	74967	71613	71965	80847	66370.66667	67694.66667	0.980441591	4.70E+05	9.50E+06	7.34E+06	5.77E+06	1	FALSE	0	NA	165058.1127	-83815.73367	165058.1127	0	18	37.8496	-119.3789	1.100000024	14.14999962	44.92063522	612.6655884	19.20000076	-12.30000019	31.5	-3.583333254	8.566666603	9.600000381	-5.083333492	770	136	18	68.74092865	365	60	70	334	3359
N/A	N/A	SN_16S0022	Rana sierrae	8/10/23	California	72996	N/A	day	Adult	N/A	N/A	N/A		406	327	4.06E+05	32700	0.080541872	372	344	10	100	4	1.49E+06	1.38E+06	0.924731183	0.075268817	39430	49788	47103	78266	68078	77099	51537	68384.33333	0.753637529	1.94E+05	9.53E+06	6.04E+06	5.26E+06	1	TRUE	1579.126766	107.82	167593.652	-83816.56751	167593.652	0	18.8	37.3377	-118.8475	-0.14166671	13.11666679	42.58657837	638.8122559	17.5	-13.30000019	30.79999924	-6.566666603	7.549999714	8.716666222	-6.650000095	689	116	17	62.69108963	310	61	74	290	3176
N/A	N/A	SN_16S0419	Rana sierrae	8/29/24	California	72808	N/A	day	Adult	N/A	N/A	N/A		537	196	5.37E+05	19600	0.036499069	416	334	10	100	4	1.66E+06	1.34E+06	0.802884615	0.197115385	37513	51544	66638	86596	64128	51020	56093	63053.33333	0.889611969	5.92E+05	9.16E+06	9.74E+05	3.57E+06	1	TRUE	2269.060006	108.87	147994.3873	-83816.0676	147994.3873	0	19	37.954	-119.294	0.158333346	14.28333378	44.22084427	639.338562	18.70000076	-13.60000038	32.30000305	-5.016666412	7.800000191	9.016666412	-6.416666508	744	125	20	64.15598297	339	66	74	334	3066
N/A	N/A	SN_16S0008	Rana sierrae	6/28/24	California	50731	N/A	day	Adult	N/A	N/A	N/A		189	630	1.89E+05	63000	0.333333333	302	264	10	100	4	1.21E+06	1.06E+06	0.874172185	0.125827815	43910	74353	67040	63509	33304	70870	48084.66667	69577.33333	0.691096717	8.95E+05	9.65E+06	4.56E+06	5.03E+06	1	FALSE	0	76.38	171979.6814	-83816.79744	171979.6814	0	21	37.8496	-119.3789	1.100000024	14.14999962	44.92063522	612.6655884	19.20000076	-12.30000019	31.5	-3.583333254	8.566666603	9.600000381	-5.083333492	770	136	18	68.74092865	365	60	70	334	3359
N/A	N/A	SN_16S0132	Rana sierrae	6/28/24	California	50731	N/A	day	Adult	N/A	N/A	N/A		553	471	5.53E+05	47100	0.08517179	404	312	10	100	4	1.62E+06	1.25E+06	0.772277228	0.227722772	20320	81047	42835	88248	89114	29957	50756.33333	66417.33333	0.76420312	7.64E+05	9.58E+06	8.94E+06	6.43E+06	1	FALSE	0	79.11	160362.0343	-83816.52867	160362.0343	0	22	37.8496	-119.3789	1.100000024	14.14999962	44.92063522	612.6655884	19.20000076	-12.30000019	31.5	-3.583333254	8.566666603	9.600000381	-5.083333492	770	136	18	68.74092865	365	60	70	334	3359
N/A	N/A	SN_16S0020	Rana sierrae	8/10/23	California	72996	N/A	day	Adult	N/A	N/A	N/A		360	124	3.60E+05	12400	0.034444444	352	252	10	100	4	1.41E+06	1.01E+06	0.715909091	0.284090909	64164	45014	37457	63749	57290	79524	52970.33333	62762.33333	0.843982856	4.62E+05	9.65E+06	1.25E+06	3.79E+06	1	TRUE	44989.87765	58.386	146924.5343	-83816.23536	146924.5343	0	22.5	37.3377	-118.8475	-0.14166671	13.11666679	42.58657837	638.8122559	17.5	-13.30000019	30.79999924	-6.566666603	7.549999714	8.716666222	-6.650000095	689	116	17	62.69108963	310	61	74	290	3176
N/A	N/A	SN_16S0010	Rana sierrae	6/28/24	California	50731	N/A	day	Adult	N/A	N/A	N/A		505	634	5.05E+05	63400	0.125544554	410	339	10	100	4	1.64E+06	1.36E+06	0.826829268	0.173170732	69102	37302	70443	60890	41143	49745	60229.33333	49312.33333	1.221384779	1.35E+05	9.16E+06	9.94E+06	6.41E+06	1	FALSE	0	1238.82	97476.0049	-83814.84785	97476.0049	0	24	37.8496	-119.3789	1.100000024	14.14999962	44.92063522	612.6655884	19.20000076	-12.30000019	31.5	-3.583333254	8.566666603	9.600000381	-5.083333492	770	136	18	68.74092865	365	60	70	334	3359
N/A	N/A	AJS5045	Rana sierrae	8/10/22	California	52127	N/A	day	Adult	N/A	N/A	N/A		281	379	2.81E+05	37900	0.134875445	329	282	10	100	4	1.32E+06	1.13E+06	0.857142857	0.142857143	38108	51465	19751	60144	88353	38296	48737.33333	49968.33333	0.975364397	2.82E+05	9.65E+06	1.34E+06	3.76E+06	1	FALSE	0	14.622	99887.76961	-83815.75234	99887.76961	0	NA	37.954	-119.294	0.158333346	14.28333378	44.22084427	639.338562	18.70000076	-13.60000038	32.30000305	-5.016666412	7.800000191	9.016666412	-6.416666508	744	125	20	64.15598297	339	66	74	334	3554
N/A	N/A	AJS5053	Rana sierrae	8/10/22	California	52127	N/A	day	Adult	N/A	N/A	N/A		465	307	4.65E+05	30700	0.066021505	306	249	10	100	4	1.22E+06	9.96E+05	0.81372549	0.18627451	25758	75368	91037	55268	84631	54635	67142	61757	1.087196593	6.19E+05	9.49E+06	7.84E+05	3.63E+06	1	FALSE	0	15.15	143228.4559	-83815.34119	143228.4559	0	NA	37.954	-119.294	0.158333346	14.28333378	44.22084427	639.338562	18.70000076	-13.60000038	32.30000305	-5.016666412	7.800000191	9.016666412	-6.416666508	744	125	20	64.15598297	339	66	74	334	3554
N/A	N/A	AJS5054	Rana sierrae	8/10/22	California	52127	N/A	day	Adult	N/A	N/A	N/A		535	366	5.35E+05	36600	0.068411215	304	299	10	100	4	1.22E+06	1.20E+06	0.983552632	0.016447368	34965	35867	56728	41641	88498	45065	60063.66667	40857.66667	1.470070897	3.85E+05	9.13E+06	1.20E+07	7.17E+06	1	FALSE	0	19.398	66392.67157	-83813.93356	66392.67157	0	NA	37.954	-119.294	0.158333346	14.28333378	44.22084427	639.338562	18.70000076	-13.60000038	32.30000305	-5.016666412	7.800000191	9.016666412	-6.416666508	744	125	20	64.15598297	339	66	74	334	3554
N/A	N/A	AJS5046	Rana sierrae	8/10/22	California	52127	N/A	day	Adult	N/A	N/A	N/A		498	651	4.98E+05	65100	0.130722892	322	369	10	100	4	1.29E+06	1.48E+06	1.145962733	-0.145962733	44717	38355	85847	42913	90436	83187	73666.66667	54818.33333	1.343832659	1.77E+05	9.59E+06	1.84E+06	3.87E+06	1	FALSE	0	25.632	117718.652	-83814.39767	117718.652	0	NA	37.954	-119.294	0.158333346	14.28333378	44.22084427	639.338562	18.70000076	-13.60000038	32.30000305	-5.016666412	7.800000191	9.016666412	-6.416666508	744	125	20	64.15598297	339	66	74	334	3554
N/A	N/A	AJS5048	Rana sierrae	8/10/22	California	52127	N/A	day	Adult	N/A	N/A	N/A		384	28	3.84E+05	2800	0.007291667	320	345	10	100	4	1.28E+06	1.38E+06	1.078125	-0.078125	67859	85751	82353	33484	36014	63109	62075.33333	60781.33333	1.021289431	8.55E+05	9.59E+06	1.52E+07	8.55E+06	1	TRUE	1764337.172	78.444	139641.4461	-83815.58349	139641.4461	0	NA	37.954	-119.294	0.158333346	14.28333378	44.22084427	639.338562	18.70000076	-13.60000038	32.30000305	-5.016666412	7.800000191	9.016666412	-6.416666508	744	125	20	64.15598297	339	66	74	334	3554
N/A	N/A	AJS5006	Rana sierrae	7/17/22	California	10055	N/A	day	Adult	N/A	N/A	N/A		213	218	2.13E+05	21800	0.102347418	340	355	10	100	4	1.36E+06	1.42E+06	1.044117647	-0.044117647	35592	23079	45443	47416	22679	35897	34571.33333	35464	0.974828935	6.74E+05	9.54E+06	1.39E+07	8.02E+06	1	FALSE	0	NA	46563.01471	-83815.75431	46563.01471	0	NA	36.4053	-118.195	3.229166508	14.1916666	42.49002075	712.854248	22.39999962	-11	33.40000153	-4.716666698	12.01666641	12.51666641	-4.716666698	593	106	11	67.72621155	281	45	60	281	3371
N/A	N/A	AJS5003	Rana sierrae	7/17/22	California	10055	N/A	day	Adult	N/A	N/A	N/A		237	200	2.37E+05	20000	0.084388186	303	375	10	100	4	1.21E+06	1.50E+06	1.237623762	-0.237623762	52410	62525	95963	74411	67953	35796	72108.66667	57577.33333	1.252379409	8.26E+05	9.38E+06	1.21E+07	7.44E+06	1	FALSE	0	NA	127862.0343	-83814.7339	127862.0343	0	NA	36.4053	-118.195	3.229166508	14.1916666	42.49002075	712.854248	22.39999962	-11	33.40000153	-4.716666698	12.01666641	12.51666641	-4.716666698	593	106	11	67.72621155	281	45	60	281	3371
N/A	N/A	AJS5007	Rana sierrae	7/17/22	California	10055	N/A	day	Adult	N/A	N/A	N/A		276	346	2.76E+05	34600	0.125362319	372	336	10	100	4	1.49E+06	1.34E+06	0.903225806	0.096774194	77925	67705	93473	55771	29262	55802	66886.66667	59759.33333	1.119267283	6.44E+05	9.47E+06	9.20E+05	3.68E+06	1	FALSE	0	NA	135884.0931	-83815.22328	135884.0931	0	NA	36.4053	-118.195	3.229166508	14.1916666	42.49002075	712.854248	22.39999962	-11	33.40000153	-4.716666698	12.01666641	12.51666641	-4.716666698	593	106	11	67.72621155	281	45	60	281	3371
N/A	N/A	AJS5009	Rana sierrae	7/17/22	California	10055	N/A	day	Adult	N/A	N/A	N/A		158	295	1.58E+05	29500	0.186708861	307	231	10	100	4	1.23E+06	9.24E+05	0.752442997	0.247557003	52490	77216	45165	51681	41722	39201	46459	56032.66667	0.829141334	1.81E+05	9.15E+06	1.13E+07	6.87E+06	1	FALSE	0	NA	122183.1127	-83816.28992	122183.1127	0	NA	36.4053	-118.195	3.229166508	14.1916666	42.49002075	712.854248	22.39999962	-11	33.40000153	-4.716666698	12.01666641	12.51666641	-4.716666698	593	106	11	67.72621155	281	45	60	281	3371
N/A	N/A	AJS5005	Rana sierrae	7/17/22	California	10055	N/A	day	Adult	N/A	N/A	N/A		323	442	3.23E+05	44200	0.136842105	419	231	10	100	4	1.68E+06	9.24E+05	0.551312649	0.448687351	35499	55454	30938	55828	90330	53387	52255.66667	54889.66667	0.952012826	2.42E+05	9.67E+06	5.34E+06	5.08E+06	1	FALSE	0	NA	117980.9069	-83815.83819	117980.9069	0	NA	36.4053	-118.195	3.229166508	14.1916666	42.49002075	712.854248	22.39999962	-11	33.40000153	-4.716666698	12.01666641	12.51666641	-4.716666698	593	106	11	67.72621155	281	45	60	281	3371
N/A	N/A	AJS5004	Rana sierrae	7/17/22	California	10055	N/A	day	Adult	N/A	N/A	N/A		405	515	4.05E+05	51500	0.127160494	349	242	10	100	4	1.40E+06	9.68E+05	0.693409742	0.306590258	33914	42545	27361	25854	46530	54507	35935	40968.66667	0.877133744	4.62E+05	9.19E+06	1.61E+06	3.75E+06	1	FALSE	0	NA	66800.7598	-83816.11348	66800.7598	0	NA	36.4053	-118.195	3.229166508	14.1916666	42.49002075	712.854248	22.39999962	-11	33.40000153	-4.716666698	12.01666641	12.51666641	-4.716666698	593	106	11	67.72621155	281	45	60	281	3371
N/A	N/A	SN_16S0048	Rana sierrae	8/30/23	California	10223	N/A	day	Adult	N/A	N/A	N/A		406	560	4.06E+05	56000	0.137931034	289	234	10	100	4	1.16E+06	9.36E+05	0.809688581	0.190311419	64560	77358	72711	39965	48364	58032	61878.33333	58451.66667	1.058623934	2.56E+05	9.69E+06	9.12E+06	6.36E+06	1	FALSE	0	NA	131076.4951	-83815.44624	131076.4951	0	NA	37.954	-119.294	0.158333346	14.28333378	44.22084427	639.338562	18.70000076	-13.60000038	32.30000305	-5.016666412	7.800000191	9.016666412	-6.416666508	744	125	20	64.15598297	339	66	74	334	3495
N/A	N/A	SN_16S0047	Rana sierrae	8/30/23	California	10223	N/A	day	Adult	N/A	N/A	N/A		104	402	1.04E+05	40200	0.386538462	361	281	10	100	4	1.44E+06	1.12E+06	0.778393352	0.221606648	23377	23967	82139	87662	28010	86224	44508.66667	65951	0.674874781	6.39E+05	9.59E+06	1.40E+07	8.07E+06	1	FALSE	0	NA	158647.5735	-83816.85708	158647.5735	0	NA	37.954	-119.294	0.158333346	14.28333378	44.22084427	639.338562	18.70000076	-13.60000038	32.30000305	-5.016666412	7.800000191	9.016666412	-6.416666508	744	125	20	64.15598297	339	66	74	334	3495
N/A	N/A	SN_16S0050	Rana sierrae	8/30/23	California	10223	N/A	day	Adult	N/A	N/A	N/A		227	312	2.27E+05	31200	0.137444934	306	281	10	100	4	1.22E+06	1.12E+06	0.918300654	0.081699346	64594	59787	82529	37779	21904	65075	56342.33333	54213.66667	1.039264392	2.74E+05	9.18E+06	1.43E+07	7.92E+06	1	FALSE	0	NA	115495.6127	-83815.51741	115495.6127	0	NA	37.954	-119.294	0.158333346	14.28333378	44.22084427	639.338562	18.70000076	-13.60000038	32.30000305	-5.016666412	7.800000191	9.016666412	-6.416666508	744	125	20	64.15598297	339	66	74	334	3495
N/A	N/A	SN_16S0051	Rana sierrae	8/30/23	California	10223	N/A	day	Adult	N/A	N/A	N/A		356	301	3.56E+05	30100	0.084550562	305	254	10	100	4	1.22E+06	1.02E+06	0.832786885	0.167213115	57697	19911	87192	60354	65097	76970	69995.33333	52411.66667	1.335491462	2.01E+05	9.14E+06	7.95E+06	5.76E+06	1	FALSE	0	NA	108870.6127	-83814.42834	108870.6127	0	NA	37.954	-119.294	0.158333346	14.28333378	44.22084427	639.338562	18.70000076	-13.60000038	32.30000305	-5.016666412	7.800000191	9.016666412	-6.416666508	744	125	20	64.15598297	339	66	74	334	3495
N/A	N/A	SN_16S0046	Rana sierrae	8/30/23	California	10223	N/A	day	Adult	N/A	N/A	N/A		111	251	1.11E+05	25100	0.226126126	357	343	10	100	4	1.43E+06	1.37E+06	0.960784314	0.039215686	27715	76173	72221	56110	78545	46913	59493.66667	59732	0.996009956	1.30E+05	9.12E+06	6.94E+06	5.40E+06	1	FALSE	0	NA	135783.6029	-83815.67643	135783.6029	0	NA	37.954	-119.294	0.158333346	14.28333378	44.22084427	639.338562	18.70000076	-13.60000038	32.30000305	-5.016666412	7.800000191	9.016666412	-6.416666508	744	125	20	64.15598297	339	66	74	334	3495
N/A	N/A	SN_16S0027	Rana sierrae	8/30/23	California	10225	N/A	day	Adult	N/A	N/A	N/A		153	141	1.53E+05	14100	0.092156863	371	305	10	100	4	1.48E+06	1.22E+06	0.822102426	0.177897574	60901	78104	91346	75252	55785	39164	69344	64173.33333	1.080573447	3.96E+05	9.61E+06	2.10E+06	4.04E+06	1	FALSE	0	NA	152112.0343	-83815.36554	152112.0343	0	NA	37.8496	-119.3789	1.100000024	14.14999962	44.92063522	612.6655884	19.20000076	-12.30000019	31.5	-3.583333254	8.566666603	9.600000381	-5.083333492	770	136	18	68.74092865	365	60	70	334	3493
N/A	N/A	SN_16S0028	Rana sierrae	8/31/23	California	10225	N/A	day	Adult	N/A	N/A	N/A		109	246	1.09E+05	24600	0.225688073	417	351	10	100	4	1.67E+06	1.40E+06	0.841726619	0.158273381	27133	71459	55218	68998	18872	27187	33741	55881.33333	0.603797332	6.30E+05	9.28E+06	5.21E+06	5.04E+06	1	FALSE	0	NA	121626.7402	-83817.11839	121626.7402	0	NA	37.8496	-119.3789	1.100000024	14.14999962	44.92063522	612.6655884	19.20000076	-12.30000019	31.5	-3.583333254	8.566666603	9.600000381	-5.083333492	770	136	18	68.74092865	365	60	70	334	3493
N/A	N/A	AJS5016	Rana sierrae	7/29/22	California	10593	N/A	day	Adult	N/A	N/A	N/A		143	290	1.43E+05	29000	0.202797203	304	353	10	100	4	1.22E+06	1.41E+06	1.161184211	-0.161184211	25595	19665	69730	89055	37819	82262	44381.33333	63660.66667	0.697154706	3.64E+05	9.32E+06	1.36E+07	7.75E+06	1	FALSE	0	NA	150227.2304	-83816.77517	150227.2304	0	NA	37.8496	-119.3789	1.100000024	14.14999962	44.92063522	612.6655884	19.20000076	-12.30000019	31.5	-3.583333254	8.566666603	9.600000381	-5.083333492	770	136	18	68.74092865	365	60	70	334	2926
N/A	N/A	AJS5021	Rana sierrae	7/29/22	California	10593	N/A	day	Adult	N/A	N/A	N/A		166	633	1.66E+05	63300	0.381325301	356	283	10	100	4	1.42E+06	1.13E+06	0.79494382	0.20505618	56765	39326	90553	30463	57322	37031	68213.33333	35606.66667	1.915746115	9.00E+05	9.46E+06	2.64E+06	4.34E+06	1	FALSE	0	NA	47087.52451	-83812.29505	47087.52451	0	NA	37.8496	-119.3789	1.100000024	14.14999962	44.92063522	612.6655884	19.20000076	-12.30000019	31.5	-3.583333254	8.566666603	9.600000381	-5.083333492	770	136	18	68.74092865	365	60	70	334	2926
N/A	N/A	SN_16S0049	Rana sierrae	8/30/23	California	10223	N/A	day	Adult	N/A	N/A	N/A		554	539	5.54E+05	53900	0.097292419	407	289	10	100	4	1.63E+06	1.16E+06	0.71007371	0.28992629	54888	40223	28863	44523	73007	43865	52252.66667	42870.33333	1.218853753	2.40E+05	9.28E+06	1.24E+07	7.31E+06	1	TRUE	128.9712638	NA	73792.18137	-83814.85716	73792.18137	0	NA	37.954	-119.294	0.158333346	14.28333378	44.22084427	639.338562	18.70000076	-13.60000038	32.30000305	-5.016666412	7.800000191	9.016666412	-6.416666508	744	125	20	64.15598297	339	66	74	334	3495
N/A	N/A	KMMB0206	Rana sierrae	8/16/23	California	10037	N/A	day	Adult	N/A	N/A	N/A		226	258	2.26E+05	25800	0.114159292	307	305	10	100	4	1.23E+06	1.22E+06	0.993485342	0.006514658	64092	41674	21415	58038	82291	55388	55932.66667	51700	1.081869761	8.32E+05	9.37E+06	6.49E+06	5.57E+06	1	TRUE	159.7834926	NA	106254.1912	-83815.36077	106254.1912	0	NA	37.9575	-119.3005	-0.350000024	13.76666641	43.56540298	630.5444946	17.89999962	-13.69999981	31.59999847	-5.183333397	7.133333206	8.449999809	-6.733333111	804	132	21	62.85953522	360	71	81	339	3420
N/A	N/A	AJS5010	Rana sierrae	7/17/22	California	10055	N/A	day	Adult	N/A	N/A	N/A		446	427	4.46E+05	42700	0.09573991	403	265	10	100	4	1.61E+06	1.06E+06	0.657568238	0.342431762	43106	76653	57902	60602	40800	35466	47269.33333	57573.66667	0.8210235	1.21E+05	9.40E+06	1.40E+06	3.64E+06	1	TRUE	289.6065721	NA	127848.5539	-83816.31977	127848.5539	0	NA	36.4053	-118.195	3.229166508	14.1916666	42.49002075	712.854248	22.39999962	-11	33.40000153	-4.716666698	12.01666641	12.51666641	-4.716666698	593	106	11	67.72621155	281	45	60	281	3371
N/A	N/A	AJS5020	Rana sierrae	7/29/22	California	10593	N/A	day	Adult	N/A	N/A	N/A		429	287	4.29E+05	28700	0.066899767	348	260	10	100	4	1.39E+06	1.04E+06	0.747126437	0.252873563	32016	81986	59421	29603	88481	38701	59972.66667	50096.66667	1.197138865	4.77E+05	9.47E+06	1.90E+06	3.95E+06	1	TRUE	372.9306229	NA	100359.5833	-83814.93699	100359.5833	0	NA	37.8496	-119.3789	1.100000024	14.14999962	44.92063522	612.6655884	19.20000076	-12.30000019	31.5	-3.583333254	8.566666603	9.600000381	-5.083333492	770	136	18	68.74092865	365	60	70	334	2926
N/A	N/A	AJS5014	Rana sierrae	7/29/22	California	10593	N/A	day	Adult	N/A	N/A	N/A		118	616	1.18E+05	61600	0.522033898	411	249	10	100	4	1.64E+06	9.96E+05	0.605839416	0.394160584	84874	50990	41662	77791	45037	51660	57191	60147	0.950853742	6.49E+05	9.55E+06	1.09E+07	7.04E+06	1	TRUE	448.204515	NA	137309.3382	-83815.84245	137309.3382	0	NA	37.8496	-119.3789	1.100000024	14.14999962	44.92063522	612.6655884	19.20000076	-12.30000019	31.5	-3.583333254	8.566666603	9.600000381	-5.083333492	770	136	18	68.74092865	365	60	70	334	2926
N/A	N/A	AJS5002	Rana sierrae	7/17/22	California	10055	N/A	day	Adult	N/A	N/A	N/A		348	363	3.48E+05	36300	0.104310345	343	241	10	100	4	1.37E+06	9.64E+05	0.702623907	0.297376093	75886	78076	56527	34179	68992	31755	67135	48003.33333	1.398548712	6.11E+05	9.64E+06	8.15E+06	6.14E+06	1	TRUE	540.7804862	NA	92663.5049	-83814.19651	92663.5049	0	NA	36.4053	-118.195	3.229166508	14.1916666	42.49002075	712.854248	22.39999962	-11	33.40000153	-4.716666698	12.01666641	12.51666641	-4.716666698	593	106	11	67.72621155	281	45	60	281	3371
N/A	N/A	KMMB0235	Rana sierrae	9/11/23	California	10223	N/A	day	Adult	N/A	N/A	N/A		131	233	1.31E+05	23300	0.177862595	290	299	10	100	4	1.16E+06	1.20E+06	1.031034483	-0.031034483	82040	31809	91652	46336	56093	81750	76595	53298.33333	1.437099346	2.97E+05	9.60E+06	7.19E+06	5.69E+06	1	TRUE	572.0604938	NA	112130.4167	-83814.05478	112130.4167	0	NA	37.954	-119.294	0.158333346	14.28333378	44.22084427	639.338562	18.70000076	-13.60000038	32.30000305	-5.016666412	7.800000191	9.016666412	-6.416666508	744	125	20	64.15598297	339	66	74	334	3495
N/A	N/A	AJS5012	Rana sierrae	7/29/22	California	10593	N/A	day	Adult	N/A	N/A	N/A		490	542	4.90E+05	54200	0.110612245	285	273	10	100	4	1.14E+06	1.09E+06	0.957894737	0.042105263	82047	32596	20911	62498	43424	18845	48794	37979.66667	1.28474008	3.77E+05	9.45E+06	1.31E+07	7.63E+06	1	TRUE	642.3994726	NA	55811.78922	-83814.61493	55811.78922	0	NA	37.8496	-119.3789	1.100000024	14.14999962	44.92063522	612.6655884	19.20000076	-12.30000019	31.5	-3.583333254	8.566666603	9.600000381	-5.083333492	770	136	18	68.74092865	365	60	70	334	2926
N/A	N/A	KMMB0116	Rana sierrae	7/27/23	California	54188	N/A	day	Adult	N/A	N/A	N/A		133	324	1.33E+05	32400	0.243609023	409	260	10	100	4	1.64E+06	1.04E+06	0.635696822	0.364303178	42600	19148	20758	70770	55320	31187	39559.33333	40368.33333	0.979959539	1.85E+05	9.33E+06	1.47E+07	8.06E+06	1	TRUE	1021.410391	NA	64593.65196	-83815.73544	64593.65196	0	NA	37.3377	-118.8475	-0.14166671	13.11666679	42.58657837	638.8122559	17.5	-13.30000019	30.79999924	-6.566666603	7.549999714	8.716666222	-6.650000095	689	116	17	62.69108963	310	61	74	290	3395
N/A	N/A	AJS5008	Rana sierrae	7/17/22	California	10055	N/A	day	Adult	N/A	N/A	N/A		260	582	2.60E+05	58200	0.223846154	313	354	10	100	4	1.25E+06	1.42E+06	1.130990415	-0.130990415	74159	44388	36298	22681	69870	61405	60109	42824.66667	1.403606955	5.97E+05	9.50E+06	7.92E+06	6.01E+06	1	TRUE	1156.551372	NA	73624.28922	-83814.17792	73624.28922	0	NA	36.4053	-118.195	3.229166508	14.1916666	42.49002075	712.854248	22.39999962	-11	33.40000153	-4.716666698	12.01666641	12.51666641	-4.716666698	593	106	11	67.72621155	281	45	60	281	3371
N/A	N/A	SN_16S0026	Rana sierrae	8/30/23	California	10225	N/A	day	Adult	N/A	N/A	N/A		390	572	3.90E+05	57200	0.146666667	310	345	10	100	4	1.24E+06	1.38E+06	1.112903226	-0.112903226	45914	48735	52594	28422	32489	88808	43665.66667	55321.66667	0.789304974	9.07E+05	9.68E+06	1.42E+06	4.00E+06	1	TRUE	1264.72753	NA	119569.1422	-83816.43638	119569.1422	0	NA	37.8496	-119.3789	1.100000024	14.14999962	44.92063522	612.6655884	19.20000076	-12.30000019	31.5	-3.583333254	8.566666603	9.600000381	-5.083333492	770	136	18	68.74092865	365	60	70	334	3493
N/A	N/A	KMMB0208	Rana sierrae	8/16/23	California	10037	N/A	day	Adult	N/A	N/A	N/A		538	542	5.38E+05	54200	0.100743494	402	253	10	100	4	1.61E+06	1.01E+06	0.629353234	0.370646766	29563	35111	93093	52020	44804	54714	55820	47281.66667	1.180584441	2.28E+05	9.49E+06	4.24E+06	4.65E+06	1	TRUE	1295.058856	NA	90010.31863	-83814.99785	90010.31863	0	NA	37.9575	-119.3005	-0.350000024	13.76666641	43.56540298	630.5444946	17.89999962	-13.69999981	31.59999847	-5.183333397	7.133333206	8.449999809	-6.733333111	804	132	21	62.85953522	360	71	81	339	3420
N/A	N/A	AJS5017	Rana sierrae	7/29/22	California	10593	N/A	day	Adult	N/A	N/A	N/A		431	32	4.31E+05	3200	0.007424594	370	251	10	100	4	1.48E+06	1.00E+06	0.678378378	0.321621622	51611	20523	29035	68799	29959	23755	36868.33333	37692.33333	0.97813879	3.84E+05	9.42E+06	1.41E+07	7.98E+06	1	TRUE	1415.118528	NA	54755.41667	-83815.74214	54755.41667	0	NA	37.8496	-119.3789	1.100000024	14.14999962	44.92063522	612.6655884	19.20000076	-12.30000019	31.5	-3.583333254	8.566666603	9.600000381	-5.083333492	770	136	18	68.74092865	365	60	70	334	2926
N/A	N/A	AJS5015	Rana sierrae	7/29/22	California	10593	N/A	day	Adult	N/A	N/A	N/A		524	410	5.24E+05	41000	0.078244275	294	327	10	100	4	1.18E+06	1.31E+06	1.112244898	-0.112244898	74021	43045	19039	21804	41431	30161	44830.33333	31670	1.415545732	5.43E+05	9.44E+06	3.83E+06	4.60E+06	1	TRUE	1510.528774	NA	32614.48529	-83814.13402	32614.48529	0	NA	37.8496	-119.3789	1.100000024	14.14999962	44.92063522	612.6655884	19.20000076	-12.30000019	31.5	-3.583333254	8.566666603	9.600000381	-5.083333492	770	136	18	68.74092865	365	60	70	334	2926
N/A	N/A	KMMB0121	Rana sierrae	7/27/23	California	54188	N/A	day	Adult	N/A	N/A	N/A		499	72	4.99E+05	7200	0.014428858	380	259	10	100	4	1.52E+06	1.04E+06	0.681578947	0.318421053	86896	75720	46797	79766	82105	85904	71932.66667	80463.33333	0.893980695	5.59E+05	9.55E+06	1.71E+06	3.94E+06	1	TRUE	1557.06613	NA	212001.7402	-83816.05154	212001.7402	0	NA	37.3377	-118.8475	-0.14166671	13.11666679	42.58657837	638.8122559	17.5	-13.30000019	30.79999924	-6.566666603	7.549999714	8.716666222	-6.650000095	689	116	17	62.69108963	310	61	74	290	3395
N/A	N/A	KMMB0125	Rana sierrae	7/27/23	California	54188	N/A	day	Adult	N/A	N/A	N/A		428	557	4.28E+05	55700	0.130140187	413	258	10	100	4	1.65E+06	1.03E+06	0.624697337	0.375302663	51915	20476	33038	79573	25594	50369	36849	50139.33333	0.73493199	4.27E+05	9.68E+06	8.42E+06	6.18E+06	1	TRUE	1664.376645	NA	100516.4461	-83816.63628	100516.4461	0	NA	37.3377	-118.8475	-0.14166671	13.11666679	42.58657837	638.8122559	17.5	-13.30000019	30.79999924	-6.566666603	7.549999714	8.716666222	-6.650000095	689	116	17	62.69108963	310	61	74	290	3395
N/A	N/A	AJS5019	Rana sierrae	7/29/22	California	10593	N/A	day	Adult	N/A	N/A	N/A		461	140	4.61E+05	14000	0.030368764	362	298	10	100	4	1.45E+06	1.19E+06	0.82320442	0.17679558	41932	43690	64699	25578	49178	53697	51936.33333	40988.33333	1.267100394	8.95E+05	9.36E+06	7.73E+06	5.99E+06	1	TRUE	2028.385592	NA	66873.06373	-83814.67978	66873.06373	0	NA	37.8496	-119.3789	1.100000024	14.14999962	44.92063522	612.6655884	19.20000076	-12.30000019	31.5	-3.583333254	8.566666603	9.600000381	-5.083333492	770	136	18	68.74092865	365	60	70	334	2926
N/A	N/A	KMMB0237	Rana sierrae	9/11/23	California	10223	N/A	day	Adult	N/A	N/A	N/A		433	485	4.33E+05	48500	0.112009238	360	364	10	100	4	1.44E+06	1.46E+06	1.011111111	-0.011111111	83612	27923	41177	82535	23579	61257	49456	57238.33333	0.864036339	7.70E+05	9.13E+06	5.27E+06	5.06E+06	1	TRUE	2088.909584	NA	126615.7108	-83816.16163	126615.7108	0	NA	37.954	-119.294	0.158333346	14.28333378	44.22084427	639.338562	18.70000076	-13.60000038	32.30000305	-5.016666412	7.800000191	9.016666412	-6.416666508	744	125	20	64.15598297	339	66	74	334	3495
N/A	N/A	KMMB0124	Rana sierrae	7/27/23	California	54188	N/A	day	Adult	N/A	N/A	N/A		432	635	4.32E+05	63500	0.146990741	351	325	10	100	4	1.40E+06	1.30E+06	0.925925926	0.074074074	64255	79325	51397	69476	50605	51715	55419	66838.66667	0.829145804	6.67E+05	9.37E+06	8.24E+06	6.09E+06	1	TRUE	3391.083834	NA	161911.0539	-83816.28991	161911.0539	0	NA	37.3377	-118.8475	-0.14166671	13.11666679	42.58657837	638.8122559	17.5	-13.30000019	30.79999924	-6.566666603	7.549999714	8.716666222	-6.650000095	689	116	17	62.69108963	310	61	74	290	3395
N/A	N/A	AJS5018	Rana sierrae	7/29/22	California	10593	N/A	day	Adult	N/A	N/A	N/A		159	516	1.59E+05	51600	0.324528302	295	351	10	100	4	1.18E+06	1.40E+06	1.189830508	-0.189830508	21330	30445	74372	92158	42411	39253	46037.66667	53952	0.853307879	7.74E+05	9.51E+06	2.71E+06	4.33E+06	1	TRUE	5603.414359	NA	114533.6029	-83816.20107	114533.6029	0	NA	37.8496	-119.3789	1.100000024	14.14999962	44.92063522	612.6655884	19.20000076	-12.30000019	31.5	-3.583333254	8.566666603	9.600000381	-5.083333492	770	136	18	68.74092865	365	60	70	334	2926
N/A	N/A	KMMB0232	Rana sierrae	9/11/23	California	10223	N/A	day	Adult	N/A	N/A	N/A		540	81	5.40E+05	8100	0.015	330	280	10	100	4	1.32E+06	1.12E+06	0.848484848	0.151515152	25040	23898	33862	28041	59501	75104	39467.66667	42347.66667	0.93199153	6.93E+05	9.11E+06	1.50E+07	8.27E+06	1	TRUE	6941.000937	NA	71870.61275	-83815.9118	71870.61275	0	NA	37.954	-119.294	0.158333346	14.28333378	44.22084427	639.338562	18.70000076	-13.60000038	32.30000305	-5.016666412	7.800000191	9.016666412	-6.416666508	744	125	20	64.15598297	339	66	74	334	3495
N/A	N/A	AJS5013	Rana sierrae	7/29/22	California	10593	N/A	day	Adult	N/A	N/A	N/A		307	430	3.07E+05	43000	0.140065147	340	330	10	100	4	1.36E+06	1.32E+06	0.970588235	0.029411765	73817	26150	77415	65099	20281	39926	57171	43725	1.307512864	5.02E+05	9.19E+06	1.18E+07	7.17E+06	1	TRUE	8939.355895	NA	76934.33824	-83814.5312	76934.33824	0	NA	37.8496	-119.3789	1.100000024	14.14999962	44.92063522	612.6655884	19.20000076	-12.30000019	31.5	-3.583333254	8.566666603	9.600000381	-5.083333492	770	136	18	68.74092865	365	60	70	334	2926
N/A	N/A	KMMB0118	Rana sierrae	7/27/23	California	54188	N/A	day	Adult	N/A	N/A	N/A		129	657	1.29E+05	65700	0.509302326	386	257	10	100	4	1.54E+06	1.03E+06	0.665803109	0.334196891	78301	65598	73205	21637	25768	51611	59091.33333	46282	1.276767066	3.05E+05	9.48E+06	5.15E+06	4.98E+06	1	TRUE	11449.36723	NA	86335.07353	-83814.64424	86335.07353	0	NA	37.3377	-118.8475	-0.14166671	13.11666679	42.58657837	638.8122559	17.5	-13.30000019	30.79999924	-6.566666603	7.549999714	8.716666222	-6.650000095	689	116	17	62.69108963	310	61	74	290	3395
N/A	N/A	KMMB0120	Rana sierrae	7/27/23	California	54188	N/A	day	Adult	N/A	N/A	N/A		440	177	4.40E+05	17700	0.040227273	357	334	10	100	4	1.43E+06	1.34E+06	0.93557423	0.06442577	38054	29678	54077	67041	37387	60813	43172.66667	52510.66667	0.822169464	7.05E+05	9.45E+06	7.59E+06	5.92E+06	1	TRUE	21428.95936	NA	109234.5833	-83816.31555	109234.5833	0	NA	37.3377	-118.8475	-0.14166671	13.11666679	42.58657837	638.8122559	17.5	-13.30000019	30.79999924	-6.566666603	7.549999714	8.716666222	-6.650000095	689	116	17	62.69108963	310	61	74	290	3395
N/A	N/A	KMMB0123	Rana sierrae	7/27/23	California	54188	N/A	day	Adult	N/A	N/A	N/A		172	327	1.72E+05	32700	0.190116279	333	232	10	100	4	1.33E+06	9.28E+05	0.696696697	0.303303303	20343	61358	25362	21368	28473	51524	24726	44750	0.552536313	3.38E+05	9.17E+06	7.54E+06	5.68E+06	1	TRUE	29241.0499	NA	80702.72059	-83817.30685	80702.72059	0	NA	37.3377	-118.8475	-0.14166671	13.11666679	42.58657837	638.8122559	17.5	-13.30000019	30.79999924	-6.566666603	7.549999714	8.716666222	-6.650000095	689	116	17	62.69108963	310	61	74	290	3395
N/A	N/A	AJS5001	Rana sierrae	7/17/22	California	10055	N/A	day	Adult	N/A	N/A	N/A		175	172	1.75E+05	17200	0.098285714	285	229	10	100	4	1.14E+06	9.16E+05	0.803508772	0.196491228	62555	32651	90935	24658	68070	34953	73853.33333	30754	2.401422037	7.20E+05	9.61E+06	4.32E+06	4.88E+06	1	TRUE	38834.65252	NA	29246.83824	-83810.50948	29246.83824	0	NA	36.4053	-118.195	3.229166508	14.1916666	42.49002075	712.854248	22.39999962	-11	33.40000153	-4.716666698	12.01666641	12.51666641	-4.716666698	593	106	11	67.72621155	281	45	60	281	3371
N/A	N/A	SN_16S0025	Rana sierrae	8/30/23	California	10225	N/A	day	Adult	N/A	N/A	N/A		146	127	1.46E+05	12700	0.086986301	383	299	10	100	4	1.53E+06	1.20E+06	0.780678851	0.219321149	41529	68882	45122	32244	64025	48029	50225.33333	49718.33333	1.010197446	8.45E+05	9.60E+06	1.01E+06	3.82E+06	1	TRUE	42172.23308	NA	98968.65196	-83815.62427	98968.65196	0	NA	37.8496	-119.3789	1.100000024	14.14999962	44.92063522	612.6655884	19.20000076	-12.30000019	31.5	-3.583333254	8.566666603	9.600000381	-5.083333492	770	136	18	68.74092865	365	60	70	334	3493
N/A	N/A	KMMB0214	Rana sierrae	8/16/23	California	10037	N/A	day	Adult	N/A	N/A	N/A		278	377	2.78E+05	37700	0.135611511	399	253	10	100	4	1.60E+06	1.01E+06	0.634085213	0.365914787	64312	82706	73497	54380	84823	48599	74210.66667	61895	1.198976762	7.69E+05	9.56E+06	1.07E+07	7.01E+06	1	TRUE	78040.00368	NA	143735.8088	-83814.93023	143735.8088	0	NA	37.9575	-119.3005	-0.350000024	13.76666641	43.56540298	630.5444946	17.89999962	-13.69999981	31.59999847	-5.183333397	7.133333206	8.449999809	-6.733333111	804	132	21	62.85953522	360	71	81	339	3420
N/A	N/A	KMMB0200	Rana sierrae	8/16/23	California	10037	N/A	day	Adult	N/A	N/A	N/A		118	456	1.18E+05	45600	0.386440678	283	243	10	100	4	1.13E+06	9.72E+05	0.858657244	0.141342756	55935	49555	41957	67944	20445	57443	39445.66667	58314	0.676435619	7.02E+05	9.10E+06	5.49E+06	5.10E+06	1	TRUE	79372.42534	NA	130570.3676	-83816.85134	130570.3676	0	NA	37.9575	-119.3005	-0.350000024	13.76666641	43.56540298	630.5444946	17.89999962	-13.69999981	31.59999847	-5.183333397	7.133333206	8.449999809	-6.733333111	804	132	21	62.85953522	360	71	81	339	3420
N/A	N/A	KMMB0238	Rana sierrae	9/11/23	California	10223	N/A	day	Adult	N/A	N/A	N/A		125	226	1.25E+05	22600	0.1808	334	387	10	100	4	1.34E+06	1.55E+06	1.158682635	-0.158682635	64867	28108	95430	39950	41369	77611	67222	48556.33333	1.384412607	5.16E+05	9.13E+06	1.43E+07	7.98E+06	1	TRUE	96154.24784	NA	94696.59314	-83814.24848	94696.59314	0	NA	37.954	-119.294	0.158333346	14.28333378	44.22084427	639.338562	18.70000076	-13.60000038	32.30000305	-5.016666412	7.800000191	9.016666412	-6.416666508	744	125	20	64.15598297	339	66	74	334	3495
N/A	N/A	KMMB0117	Rana sierrae	7/27/23	California	54188	N/A	day	Adult	N/A	N/A	N/A		512	373	5.12E+05	37300	0.072851563	396	371	10	100	4	1.58E+06	1.48E+06	0.936868687	0.063131313	62795	75893	74236	63615	88256	50357	75095.66667	63288.33333	1.186564138	7.60E+05	9.29E+06	1.06E+07	6.87E+06	1	TRUE	110981.3243	NA	148858.3578	-83814.97587	148858.3578	0	NA	37.3377	-118.8475	-0.14166671	13.11666679	42.58657837	638.8122559	17.5	-13.30000019	30.79999924	-6.566666603	7.549999714	8.716666222	-6.650000095	689	116	17	62.69108963	310	61	74	290	3395
N/A	N/A	KMMB0250	Rana sierrae	8/16/23	California	10037	N/A	day	Adult	N/A	N/A	N/A		542	442	5.42E+05	44200	0.081549815	323	340	10	100	4	1.29E+06	1.36E+06	1.052631579	-0.052631579	84397	37512	78714	48987	68208	85661	77106.33333	57386.66667	1.34362802	6.58E+05	9.25E+06	5.18E+05	3.47E+06	1	TRUE	131205.7827	NA	127161.0539	-83814.39843	127161.0539	0	NA	37.9575	-119.3005	-0.350000024	13.76666641	43.56540298	630.5444946	17.89999962	-13.69999981	31.59999847	-5.183333397	7.133333206	8.449999809	-6.733333111	804	132	21	62.85953522	360	71	81	339	3420
N/A	N/A	KMMB0211	Rana sierrae	8/16/23	California	10037	N/A	day	Adult	N/A	N/A	N/A		159	46	1.59E+05	4600	0.028930818	402	271	10	100	4	1.61E+06	1.08E+06	0.674129353	0.325870647	25058	67379	83311	21102	87329	58741	65232.66667	49074	1.32927144	3.05E+05	9.22E+06	1.97E+05	3.24E+06	1	TRUE	251653.2122	NA	96599.77941	-83814.45121	96599.77941	0	NA	37.9575	-119.3005	-0.350000024	13.76666641	43.56540298	630.5444946	17.89999962	-13.69999981	31.59999847	-5.183333397	7.133333206	8.449999809	-6.733333111	804	132	21	62.85953522	360	71	81	339	3420
N/A	N/A	KMMB0249	Rana sierrae	8/16/23	California	10037	N/A	day	Adult	N/A	N/A	N/A		141	8	1.41E+05	800	0.005673759	377	371	10	100	4	1.51E+06	1.48E+06	0.984084881	0.015915119	35743	39158	30452	58346	36347	78747	34180.66667	58750.33333	0.581795281	1.69E+05	9.50E+06	8.73E+06	6.13E+06	1	TRUE	378160.813	NA	132174.5343	-83817.19928	132174.5343	0	NA	37.9575	-119.3005	-0.350000024	13.76666641	43.56540298	630.5444946	17.89999962	-13.69999981	31.59999847	-5.183333397	7.133333206	8.449999809	-6.733333111	804	132	21	62.85953522	360	71	81	339	3420
N/A	N/A	KMMB0215	Rana sierrae	8/16/23	California	10037	N/A	day	Adult	N/A	N/A	N/A		144	256	1.44E+05	25600	0.177777778	383	345	10	100	4	1.53E+06	1.38E+06	0.90078329	0.09921671	29863	34634	44969	19990	75520	89144	50117.33333	47922.66667	1.045796005	8.35E+05	9.12E+06	3.78E+06	4.58E+06	1	TRUE	396144.4963	NA	92366.93627	-83815.4934	92366.93627	0	NA	37.9575	-119.3005	-0.350000024	13.76666641	43.56540298	630.5444946	17.89999962	-13.69999981	31.59999847	-5.183333397	7.133333206	8.449999809	-6.733333111	804	132	21	62.85953522	360	71	81	339	3420
N/A	N/A	KMMB0207	Rana sierrae	8/16/23	California	10037	N/A	day	Adult	N/A	N/A	N/A		369	393	3.69E+05	39300	0.106504065	284	379	10	100	4	1.14E+06	1.52E+06	1.334507042	-0.334507042	29413	76045	38078	25786	21767	83584	29752.66667	61805	0.481395788	3.86E+05	9.39E+06	1.11E+06	3.63E+06	1	TRUE	627588.9127	NA	143404.9265	-83817.5684	143404.9265	0	NA	37.9575	-119.3005	-0.350000024	13.76666641	43.56540298	630.5444946	17.89999962	-13.69999981	31.59999847	-5.183333397	7.133333206	8.449999809	-6.733333111	804	132	21	62.85953522	360	71	81	339	3420
N/A	N/A	AJS5023	Rana sierrae	8/4/22	California	72808	N/A	day	Adult	N/A	N/A	N/A		503	128	5.03E+05	12800	0.025447316	357	354	10	100	4	1.43E+06	1.42E+06	0.991596639	0.008403361	52781	31046	56283	23700	72860	83843	60641.33333	46196.33333	1.312687154	7.64E+05	9.33E+06	1.06E+07	6.91E+06	1	TRUE	423.5385652	52.266	86020.12255	-83814.51218	86020.12255	0	NA	37.954	-119.294	0.158333346	14.28333378	44.22084427	639.338562	18.70000076	-13.60000038	32.30000305	-5.016666412	7.800000191	9.016666412	-6.416666508	744	125	20	64.15598297	339	66	74	334	3066
N/A	N/A	AJS5027	Rana sierrae	8/4/22	California	72808	N/A	day	Adult	N/A	N/A	N/A		330	83	3.30E+05	8300	0.025151515	372	225	10	100	4	1.49E+06	9.00E+05	0.60483871	0.39516129	20607	41248	76423	32593	79619	28482	58883	34107.66667	1.726386052	4.72E+05	9.30E+06	4.68E+05	3.41E+06	1	TRUE	1824.480077	93.09	41576.4951	-83812.99123	41576.4951	0	NA	37.954	-119.294	0.158333346	14.28333378	44.22084427	639.338562	18.70000076	-13.60000038	32.30000305	-5.016666412	7.800000191	9.016666412	-6.416666508	744	125	20	64.15598297	339	66	74	334	3066
N/A	N/A	AJS5025	Rana sierrae	8/4/22	California	72808	N/A	day	Adult	N/A	N/A	N/A		515	287	5.15E+05	28700	0.055728155	310	373	10	100	4	1.24E+06	1.49E+06	1.203225806	-0.203225806	83686	20972	34215	19744	89762	60697	69221	33804.33333	2.047696055	2.18E+05	9.47E+06	6.54E+06	5.41E+06	1	TRUE	16198.30524	154.05	40461.29902	-83811.80994	40461.29902	0	NA	37.954	-119.294	0.158333346	14.28333378	44.22084427	639.338562	18.70000076	-13.60000038	32.30000305	-5.016666412	7.800000191	9.016666412	-6.416666508	744	125	20	64.15598297	339	66	74	334	3066
N/A	N/A	AJS5026	Rana sierrae	8/4/22	California	72808	N/A	day	Adult	N/A	N/A	N/A		556	65	5.56E+05	6500	0.011690647	366	269	10	100	4	1.46E+06	1.08E+06	0.734972678	0.265027322	77173	80314	51081	62600	51428	29860	59894	57591.33333	1.039982868	6.51E+05	9.48E+06	4.14E+06	4.76E+06	1	TRUE	293849.7595	234.954	127913.5049	-83815.51477	127913.5049	0	NA	37.954	-119.294	0.158333346	14.28333378	44.22084427	639.338562	18.70000076	-13.60000038	32.30000305	-5.016666412	7.800000191	9.016666412	-6.416666508	744	125	20	64.15598297	339	66	74	334	3066
N/A	N/A	AJS5024	Rana sierrae	8/4/22	California	72808	N/A	day	Adult	N/A	N/A	N/A		135	452	1.35E+05	45200	0.334814815	384	351	10	100	4	1.54E+06	1.40E+06	0.9140625	0.0859375	55396	54180	62259	83744	41625	29396	53093.33333	55773.33333	0.951948362	2.98E+05	9.50E+06	4.28E+06	4.69E+06	1	TRUE	213476.3186	250.602	121229.6814	-83815.83843	121229.6814	0	NA	37.954	-119.294	0.158333346	14.28333378	44.22084427	639.338562	18.70000076	-13.60000038	32.30000305	-5.016666412	7.800000191	9.016666412	-6.416666508	744	125	20	64.15598297	339	66	74	334	3066
N/A	N/A	AJS5030	Rana sierrae	8/18/22	California	72808	N/A	day	Adult	N/A	N/A	N/A		140	518	1.40E+05	51800	0.37	348	251	10	100	4	1.39E+06	1.00E+06	0.721264368	0.278735632	63542	24197	36379	91344	81381	77975	60434	64505.33333	0.936883772	7.97E+05	9.58E+06	4.94E+05	3.62E+06	1	TRUE	834.5512184	286.95	153332.6225	-83815.89381	153332.6225	0	NA	37.954	-119.294	0.158333346	14.28333378	44.22084427	639.338562	18.70000076	-13.60000038	32.30000305	-5.016666412	7.800000191	9.016666412	-6.416666508	744	125	20	64.15598297	339	66	74	334	3066
N/A	N/A	SN_16S0034	Rana sierrae	8/3/23	California	70397	N/A	day	Adult	N/A	N/A	N/A		164	437	1.64E+05	43700	0.266463415	299	348	10	100	4	1.20E+06	1.39E+06	1.163879599	-0.163879599	79894	71084	38921	27090	33981	59362	50932	52512	0.969911639	1.37E+05	9.14E+06	4.89E+06	4.72E+06	1	FALSE	0	292.092	109239.4853	-83815.77238	109239.4853	0	NA	37.4988	-118.9142	1.070833325	14.00833321	43.10256577	657.918396	19.5	-13	32.5	-6.033333302	9.100000381	10.0666666	-6.033333302	576	97	15	62.93828964	257	51	61	257	3176
N/A	N/A	AJS5033	Rana sierrae	8/18/22	California	72808	N/A	day	Adult	N/A	N/A	N/A		102	16	1.02E+05	1600	0.015686275	404	375	10	100	4	1.62E+06	1.50E+06	0.928217822	0.071782178	39297	32413	66751	38173	75381	60659	60476.33333	43748.33333	1.382368852	5.00E+05	9.48E+06	6.01E+05	3.53E+06	1	TRUE	16858.64588	440.448	77020.12255	-83814.256	77020.12255	0	NA	37.954	-119.294	0.158333346	14.28333378	44.22084427	639.338562	18.70000076	-13.60000038	32.30000305	-5.016666412	7.800000191	9.016666412	-6.416666508	744	125	20	64.15598297	339	66	74	334	3066
N/A	N/A	AJS5031	Rana sierrae	8/18/22	California	72808	N/A	day	Adult	N/A	N/A	N/A		166	621	1.66E+05	62100	0.374096386	379	326	10	100	4	1.52E+06	1.30E+06	0.860158311	0.139841689	26785	38651	83852	27614	84140	42537	64925.66667	36267.33333	1.790196871	6.42E+05	9.21E+06	8.70E+05	3.57E+06	1	TRUE	10209.49618	2565.09	49516.44608	-83812.75663	49516.44608	0	NA	37.954	-119.294	0.158333346	14.28333378	44.22084427	639.338562	18.70000076	-13.60000038	32.30000305	-5.016666412	7.800000191	9.016666412	-6.416666508	744	125	20	64.15598297	339	66	74	334	3066
N/A	N/A	AJS5029	Rana sierrae	8/18/22	California	72808	N/A	day	Adult	N/A	N/A	N/A		239	538	2.39E+05	53800	0.225104603	340	328	10	100	4	1.36E+06	1.31E+06	0.964705882	0.035294118	44755	62196	25498	42730	43939	85563	38064	63496.33333	0.599467686	4.51E+05	9.18E+06	5.44E+06	5.02E+06	1	TRUE	4749.766055	5203.56	149623.0637	-83817.13431	149623.0637	0	NA	37.954	-119.294	0.158333346	14.28333378	44.22084427	639.338562	18.70000076	-13.60000038	32.30000305	-5.016666412	7.800000191	9.016666412	-6.416666508	744	125	20	64.15598297	339	66	74	334	3066
N/A	N/A	AJS5032	Rana sierrae	8/18/22	California	72808	N/A	day	Adult	N/A	N/A	N/A		492	210	4.92E+05	21000	0.042682927	414	310	10	100	4	1.66E+06	1.24E+06	0.748792271	0.251207729	67105	68705	22522	77523	73309	19631	54312	55286.33333	0.982376597	2.09E+05	9.39E+06	8.11E+06	5.90E+06	1	TRUE	13054.19767	5505.54	119439.2402	-83815.72656	119439.2402	0	NA	37.954	-119.294	0.158333346	14.28333378	44.22084427	639.338562	18.70000076	-13.60000038	32.30000305	-5.016666412	7.800000191	9.016666412	-6.416666508	744	125	20	64.15598297	339	66	74	334	3066
N/A	N/A	KMMB0134	Rana sierrae	8/1/23	California	70122	N/A	day	Adult	N/A	N/A	N/A		418	81	4.18E+05	8100	0.01937799	343	267	10	100	4	1.37E+06	1.07E+06	0.778425656	0.221574344	74285	59192	21428	23949	80292	82151	58668.33333	55097.33333	1.064812574	7.98E+05	9.21E+06	4.26E+06	4.76E+06	1	FALSE	0	NA	118744.3873	-83815.42348	118744.3873	0	NA	37.4988	-118.9142	1.070833325	14.00833321	43.10256577	657.918396	19.5	-13	32.5	-6.033333302	9.100000381	10.0666666	-6.033333302	576	97	15	62.93828964	257	51	61	257	2987
N/A	N/A	SN_16S0033	Rana sierrae	8/3/23	California	70397	N/A	day	Adult	N/A	N/A	N/A		245	470	2.45E+05	47000	0.191836735	379	305	10	100	4	1.52E+06	1.22E+06	0.80474934	0.19525066	66174	39145	76587	56954	81132	38001	74631	44700	1.669597315	6.56E+05	9.51E+06	8.74E+06	6.30E+06	1	FALSE	0	NA	80518.89706	-83813.20001	80518.89706	0	NA	37.4988	-118.9142	1.070833325	14.00833321	43.10256577	657.918396	19.5	-13	32.5	-6.033333302	9.100000381	10.0666666	-6.033333302	576	97	15	62.93828964	257	51	61	257	3176
N/A	N/A	KMMB0255	Rana sierrae	8/25/23	California	70413	N/A	day	Adult	N/A	N/A	N/A		304	444	3.04E+05	44400	0.146052632	400	227	10	100	4	1.60E+06	9.08E+05	0.5675	0.4325	71250	35077	68784	84739	39190	41503	59741.33333	53773	1.110991266	3.05E+05	9.28E+06	9.02E+06	6.20E+06	1	FALSE	0	NA	113875.5147	-83815.25371	113875.5147	0	NA	37.9575	-119.3005	-0.350000024	13.76666641	43.56540298	630.5444946	17.89999962	-13.69999981	31.59999847	-5.183333397	7.133333206	8.449999809	-6.733333111	804	132	21	62.85953522	360	71	81	339	3322
N/A	N/A	AJS5042	Rana sierrae	8/9/22	California	70567	N/A	day	Adult	N/A	N/A	N/A		440	240	4.40E+05	24000	0.054545455	286	355	10	100	4	1.14E+06	1.42E+06	1.241258741	-0.241258741	77481	22054	72851	69634	87614	67455	79315.33333	53047.66667	1.49517101	2.92E+05	9.39E+06	1.63E+05	3.28E+06	1	FALSE	0	NA	111208.848	-83813.84128	111208.848	0	NA	37.9575	-119.3005	-0.350000024	13.76666641	43.56540298	630.5444946	17.89999962	-13.69999981	31.59999847	-5.183333397	7.133333206	8.449999809	-6.733333111	804	132	21	62.85953522	360	71	81	339	3206
N/A	N/A	KMMB0251	Rana sierrae	8/25/23	California	70413	N/A	day	Adult	N/A	N/A	N/A		283	586	2.83E+05	58600	0.207067138	380	299	10	100	4	1.52E+06	1.20E+06	0.786842105	0.213157895	23102	33001	41384	45855	56017	87811	40167.66667	55555.66667	0.723016554	6.16E+05	9.52E+06	7.02E+06	5.72E+06	1	TRUE	120.8842302	NA	120429.4363	-83816.68009	120429.4363	0	NA	37.9575	-119.3005	-0.350000024	13.76666641	43.56540298	630.5444946	17.89999962	-13.69999981	31.59999847	-5.183333397	7.133333206	8.449999809	-6.733333111	804	132	21	62.85953522	360	71	81	339	3322
N/A	N/A	KMMB0261	Rana sierrae	8/25/23	California	70413	N/A	day	Adult	N/A	N/A	N/A		100	311	1.00E+05	31100	0.311	358	354	10	100	4	1.43E+06	1.42E+06	0.988826816	0.011173184	61957	46463	52200	59337	61584	54099	58580.33333	53299.66667	1.099075041	4.03E+05	9.32E+06	8.90E+06	6.21E+06	1	TRUE	324.167495	NA	112135.3186	-83815.29752	112135.3186	0	NA	37.9575	-119.3005	-0.350000024	13.76666641	43.56540298	630.5444946	17.89999962	-13.69999981	31.59999847	-5.183333397	7.133333206	8.449999809	-6.733333111	804	132	21	62.85953522	360	71	81	339	3322
N/A	N/A	KMMB0252	Rana sierrae	8/25/23	California	70413	N/A	day	Adult	N/A	N/A	N/A		529	84	5.29E+05	8400	0.015879017	352	254	10	100	4	1.41E+06	1.02E+06	0.721590909	0.278409091	70536	71776	61928	58618	22372	68350	51612	66248	0.779072576	5.11E+05	9.21E+06	9.81E+06	6.51E+06	1	TRUE	481.0307686	NA	159739.4853	-83816.474	159739.4853	0	NA	37.9575	-119.3005	-0.350000024	13.76666641	43.56540298	630.5444946	17.89999962	-13.69999981	31.59999847	-5.183333397	7.133333206	8.449999809	-6.733333111	804	132	21	62.85953522	360	71	81	339	3322
N/A	N/A	KMMB0138	Rana sierrae	8/1/23	California	70122	N/A	day	Adult	N/A	N/A	N/A		402	9	4.02E+05	900	0.002238806	375	240	10	100	4	1.50E+06	9.60E+05	0.64	0.36	75832	47722	81842	68612	75318	23136	77664	46490	1.670552807	5.80E+05	9.53E+06	1.70E+06	3.94E+06	1	TRUE	568.5013391	NA	87099.77941	-83813.1965	87099.77941	0	NA	37.4988	-118.9142	1.070833325	14.00833321	43.10256577	657.918396	19.5	-13	32.5	-6.033333302	9.100000381	10.0666666	-6.033333302	576	97	15	62.93828964	257	51	61	257	2987
N/A	N/A	KMMB0129	Rana sierrae	8/1/23	California	70122	N/A	day	Adult	N/A	N/A	N/A		232	210	2.32E+05	21000	0.090517241	332	265	10	100	4	1.33E+06	1.06E+06	0.798192771	0.201807229	35722	62328	37438	42143	51889	55193	41683	53221.33333	0.783200972	1.85E+05	9.15E+06	8.17E+06	5.84E+06	1	TRUE	848.9892752	NA	111847.3284	-83816.45882	111847.3284	0	NA	37.4988	-118.9142	1.070833325	14.00833321	43.10256577	657.918396	19.5	-13	32.5	-6.033333302	9.100000381	10.0666666	-6.033333302	576	97	15	62.93828964	257	51	61	257	2987
N/A	N/A	KMMB0135	Rana sierrae	8/1/23	California	70122	N/A	day	Adult	N/A	N/A	N/A		248	221	2.48E+05	22100	0.089112903	319	371	10	100	4	1.28E+06	1.48E+06	1.163009404	-0.163009404	58679	55832	66823	33048	75787	37705	67096.33333	42195	1.590148912	6.50E+05	9.27E+06	2.62E+06	4.18E+06	1	TRUE	983.2321152	NA	71309.33824	-83813.4921	71309.33824	0	NA	37.4988	-118.9142	1.070833325	14.00833321	43.10256577	657.918396	19.5	-13	32.5	-6.033333302	9.100000381	10.0666666	-6.033333302	576	97	15	62.93828964	257	51	61	257	2987
N/A	N/A	SN_16S0037	Rana sierrae	8/3/23	California	70397	N/A	day	Adult	N/A	N/A	N/A		360	64	3.60E+05	6400	0.017777778	279	271	10	100	4	1.12E+06	1.08E+06	0.971326165	0.028673835	44472	82943	78203	73287	55171	37016	59282	64415.33333	0.920308829	1.42E+05	9.31E+06	1.12E+07	6.87E+06	1	TRUE	1306.656989	NA	153001.7402	-83815.95475	153001.7402	0	NA	37.4988	-118.9142	1.070833325	14.00833321	43.10256577	657.918396	19.5	-13	32.5	-6.033333302	9.100000381	10.0666666	-6.033333302	576	97	15	62.93828964	257	51	61	257	3176
N/A	N/A	KMMB0216	Rana sierrae	9/7/23	California	70481	N/A	day	Adult	N/A	N/A	N/A		202	483	2.02E+05	48300	0.239108911	279	302	10	100	4	1.12E+06	1.21E+06	1.082437276	-0.082437276	61380	55752	87006	23363	87491	27668	78625.66667	35594.33333	2.208937752	4.55E+05	9.34E+06	1.48E+07	8.19E+06	1	TRUE	1359.638532	NA	47042.18137	-83811.21714	47042.18137	0	NA	36.4053	-118.195	3.229166508	14.1916666	42.49002075	712.854248	22.39999962	-11	33.40000153	-4.716666698	12.01666641	12.51666641	-4.716666698	593	106	11	67.72621155	281	45	60	281	2993
N/A	N/A	AJS5037	Rana sierrae	8/9/22	California	70567	N/A	day	Adult	N/A	N/A	N/A		448	608	4.48E+05	60800	0.135714286	296	347	10	100	4	1.18E+06	1.39E+06	1.172297297	-0.172297297	74112	85105	86148	58745	42294	87101	67518	76983.66667	0.877043182	5.41E+05	9.59E+06	1.20E+07	7.37E+06	1	TRUE	3119.445137	NA	199208.848	-83816.11381	199208.848	0	NA	37.9575	-119.3005	-0.350000024	13.76666641	43.56540298	630.5444946	17.89999962	-13.69999981	31.59999847	-5.183333397	7.133333206	8.449999809	-6.733333111	804	132	21	62.85953522	360	71	81	339	3206
N/A	N/A	AJS5034	Rana sierrae	8/9/22	California	70567	N/A	day	Adult	N/A	N/A	N/A		304	104	3.04E+05	10400	0.034210526	311	343	10	100	4	1.24E+06	1.37E+06	1.102893891	-0.102893891	54385	53296	73905	75151	36078	67336	54789.33333	65261	0.839541738	2.22E+05	9.59E+06	1.41E+06	3.74E+06	1	TRUE	3964.023442	NA	156110.8088	-83816.25168	156110.8088	0	NA	37.9575	-119.3005	-0.350000024	13.76666641	43.56540298	630.5444946	17.89999962	-13.69999981	31.59999847	-5.183333397	7.133333206	8.449999809	-6.733333111	804	132	21	62.85953522	360	71	81	339	3206
N/A	N/A	KMMB0264	Rana sierrae	8/25/23	California	70413	N/A	day	Adult	N/A	N/A	N/A		409	294	4.09E+05	29400	0.071882641	289	324	10	100	4	1.16E+06	1.30E+06	1.121107266	-0.121107266	27616	37842	93808	80407	26523	38195	49315.66667	52148	0.945686635	3.91E+05	9.51E+06	5.78E+06	5.23E+06	1	TRUE	8264.856968	NA	107901.25	-83815.86145	107901.25	0	NA	37.9575	-119.3005	-0.350000024	13.76666641	43.56540298	630.5444946	17.89999962	-13.69999981	31.59999847	-5.183333397	7.133333206	8.449999809	-6.733333111	804	132	21	62.85953522	360	71	81	339	3322
N/A	N/A	KMMB0218	Rana sierrae	9/7/23	California	70481	N/A	day	Adult	N/A	N/A	N/A		279	200	2.79E+05	20000	0.071684588	359	240	10	100	4	1.44E+06	9.60E+05	0.668523677	0.331476323	23179	60968	85316	46294	72418	25980	60304.33333	44414	1.357777578	5.59E+05	9.69E+06	3.52E+06	4.59E+06	1	TRUE	8459.008816	NA	79467.42647	-83814.34641	79467.42647	0	NA	36.4053	-118.195	3.229166508	14.1916666	42.49002075	712.854248	22.39999962	-11	33.40000153	-4.716666698	12.01666641	12.51666641	-4.716666698	593	106	11	67.72621155	281	45	60	281	2993
N/A	N/A	AJS5079	Rana sierrae	8/18/22	California	70481	N/A	day	Adult	N/A	N/A	N/A		148	259	1.48E+05	25900	0.175	407	330	10	100	4	1.63E+06	1.32E+06	0.810810811	0.189189189	70904	81591	20212	94663	22512	68767	37876	81673.66667	0.463748005	6.05E+05	9.41E+06	1.43E+07	8.09E+06	1	TRUE	9183.596768	NA	216451.4951	-83817.63328	216451.4951	0	NA	36.4053	-118.195	3.229166508	14.1916666	42.49002075	712.854248	22.39999962	-11	33.40000153	-4.716666698	12.01666641	12.51666641	-4.716666698	593	106	11	67.72621155	281	45	60	281	2993
N/A	N/A	AJS5044	Rana sierrae	8/9/22	California	70567	N/A	day	Adult	N/A	N/A	N/A		125	570	1.25E+05	57000	0.456	309	285	10	100	4	1.24E+06	1.14E+06	0.922330097	0.077669903	46614	37189	93570	72815	44488	36098	61557.33333	48700.66667	1.263993648	5.73E+05	9.39E+06	8.34E+06	6.10E+06	1	TRUE	10010.99657	NA	95227.23039	-83814.6912	95227.23039	0	NA	37.9575	-119.3005	-0.350000024	13.76666641	43.56540298	630.5444946	17.89999962	-13.69999981	31.59999847	-5.183333397	7.133333206	8.449999809	-6.733333111	804	132	21	62.85953522	360	71	81	339	3206
N/A	N/A	AJS5035	Rana sierrae	8/9/22	California	70567	N/A	day	Adult	N/A	N/A	N/A		269	435	2.69E+05	43500	0.161710037	347	370	10	100	4	1.39E+06	1.48E+06	1.066282421	-0.066282421	54591	56094	84190	94648	70710	44969	69830.33333	65237	1.070409941	3.77E+05	9.26E+06	3.77E+06	4.47E+06	1	TRUE	11153.01313	NA	156022.5735	-83815.4029	156022.5735	0	NA	37.9575	-119.3005	-0.350000024	13.76666641	43.56540298	630.5444946	17.89999962	-13.69999981	31.59999847	-5.183333397	7.133333206	8.449999809	-6.733333111	804	132	21	62.85953522	360	71	81	339	3206
N/A	N/A	AJS5040	Rana sierrae	8/9/22	California	70567	N/A	day	Adult	N/A	N/A	N/A		130	76	1.30E+05	7600	0.058461538	398	232	10	100	4	1.59E+06	9.28E+05	0.582914573	0.417085427	77539	56638	82850	87565	88447	45974	82945.33333	63392.33333	1.308444239	7.85E+05	9.15E+06	1.03E+07	6.73E+06	1	TRUE	12902.93518	NA	149240.7108	-83814.52778	149240.7108	0	NA	37.9575	-119.3005	-0.350000024	13.76666641	43.56540298	630.5444946	17.89999962	-13.69999981	31.59999847	-5.183333397	7.133333206	8.449999809	-6.733333111	804	132	21	62.85953522	360	71	81	339	3206
N/A	N/A	KMMB0267	Rana sierrae	8/25/23	California	70413	N/A	day	Adult	N/A	N/A	N/A		103	476	1.03E+05	47600	0.462135922	360	245	10	100	4	1.44E+06	9.80E+05	0.680555556	0.319444444	69662	76334	27967	50826	23191	71305	40273.33333	66155	0.608772328	5.66E+05	9.45E+06	1.31E+07	7.70E+06	1	TRUE	13251.22214	NA	159397.5735	-83817.1001	159397.5735	0	NA	37.9575	-119.3005	-0.350000024	13.76666641	43.56540298	630.5444946	17.89999962	-13.69999981	31.59999847	-5.183333397	7.133333206	8.449999809	-6.733333111	804	132	21	62.85953522	360	71	81	339	3322
N/A	N/A	KMMB0253	Rana sierrae	8/25/23	California	70413	N/A	day	Adult	N/A	N/A	N/A		226	103	2.26E+05	10300	0.045575221	359	380	10	100	4	1.44E+06	1.52E+06	1.058495822	-0.058495822	64580	62992	21787	25791	61054	24687	49140.33333	37823.33333	1.299206839	5.11E+05	9.22E+06	5.17E+06	4.97E+06	1	TRUE	14647.4255	NA	55237.03431	-83814.56174	55237.03431	0	NA	37.9575	-119.3005	-0.350000024	13.76666641	43.56540298	630.5444946	17.89999962	-13.69999981	31.59999847	-5.183333397	7.133333206	8.449999809	-6.733333111	804	132	21	62.85953522	360	71	81	339	3322
N/A	N/A	KMMB0231	Rana sierrae	9/7/23	California	70481	N/A	day	Adult	N/A	N/A	N/A		397	371	3.97E+05	37100	0.093450882	354	296	10	100	4	1.42E+06	1.18E+06	0.836158192	0.163841808	56939	54674	86290	90973	62445	69757	68558	71801.33333	0.954829065	8.83E+05	9.66E+06	1.50E+07	8.51E+06	1	TRUE	119634.9698	NA	180156.152	-83815.82783	180156.152	0	NA	36.4053	-118.195	3.229166508	14.1916666	42.49002075	712.854248	22.39999962	-11	33.40000153	-4.716666698	12.01666641	12.51666641	-4.716666698	593	106	11	67.72621155	281	45	60	281	2993
N/A	N/A	KMMB0260	Rana sierrae	8/25/23	California	70413	N/A	day	Adult	N/A	N/A	N/A		449	372	4.49E+05	37200	0.08285078	353	316	10	100	4	1.41E+06	1.26E+06	0.895184136	0.104815864	82841	84459	23522	57328	52742	28519	53035	56768.66667	0.93423015	2.30E+05	9.28E+06	9.91E+05	3.50E+06	1	TRUE	138341.1155	NA	124888.9951	-83815.90357	124888.9951	0	NA	37.9575	-119.3005	-0.350000024	13.76666641	43.56540298	630.5444946	17.89999962	-13.69999981	31.59999847	-5.183333397	7.133333206	8.449999809	-6.733333111	804	132	21	62.85953522	360	71	81	339	3322
N/A	N/A	KMMB0144	Rana sierrae	8/1/23	California	70122	N/A	day	Adult	N/A	N/A	N/A		453	471	4.53E+05	47100	0.10397351	366	366	10	100	4	1.46E+06	1.46E+06	1	0	37744	56350	96208	59000	70066	70864	68006	62071.33333	1.095610427	5.02E+05	9.68E+06	1.18E+07	7.34E+06	1	TRUE	189774.562	NA	144384.0931	-83815.31026	144384.0931	0	NA	37.4988	-118.9142	1.070833325	14.00833321	43.10256577	657.918396	19.5	-13	32.5	-6.033333302	9.100000381	10.0666666	-6.033333302	576	97	15	62.93828964	257	51	61	257	2987
N/A	N/A	KMMB0229	Rana sierrae	9/7/23	California	70481	N/A	day	Adult	N/A	N/A	N/A		396	619	3.96E+05	61900	0.156313131	397	344	10	100	4	1.59E+06	1.38E+06	0.866498741	0.133501259	62313	67184	31785	61160	47928	58971	47342	62438.33333	0.758220111	2.77E+05	9.34E+06	9.09E+06	6.23E+06	1	TRUE	289606.6496	NA	145733.3578	-83816.55066	145733.3578	0	NA	36.4053	-118.195	3.229166508	14.1916666	42.49002075	712.854248	22.39999962	-11	33.40000153	-4.716666698	12.01666641	12.51666641	-4.716666698	593	106	11	67.72621155	281	45	60	281	2993
N/A	N/A	KMMB0141	Rana sierrae	8/1/23	California	70122	N/A	day	Adult	N/A	N/A	N/A		544	147	5.44E+05	14700	0.027022059	350	361	10	100	4	1.40E+06	1.44E+06	1.031428571	-0.031428571	61764	76645	55094	78256	27204	19591	48020.66667	58164	0.825608051	1.06E+05	9.61E+06	1.14E+07	7.03E+06	1	TRUE	431689.6188	NA	130018.8971	-83816.30291	130018.8971	0	NA	37.4988	-118.9142	1.070833325	14.00833321	43.10256577	657.918396	19.5	-13	32.5	-6.033333302	9.100000381	10.0666666	-6.033333302	576	97	15	62.93828964	257	51	61	257	2987
N/A	N/A	KMMB0140	Rana sierrae	8/1/23	California	70122	N/A	day	Adult	N/A	N/A	N/A		145	502	1.45E+05	50200	0.346206897	369	268	10	100	4	1.48E+06	1.07E+06	0.726287263	0.273712737	41310	75277	27903	24579	29569	43770	32927.33333	47875.33333	0.687772409	3.22E+05	9.28E+06	8.64E+06	6.08E+06	1	TRUE	445272.7714	NA	92192.91667	-83816.80966	92192.91667	0	NA	37.4988	-118.9142	1.070833325	14.00833321	43.10256577	657.918396	19.5	-13	32.5	-6.033333302	9.100000381	10.0666666	-6.033333302	576	97	15	62.93828964	257	51	61	257	2987
N/A	N/A	KMMB0222	Rana sierrae	9/7/23	California	70481	N/A	day	Adult	N/A	N/A	N/A		452	498	4.52E+05	49800	0.110176991	389	258	10	100	4	1.56E+06	1.03E+06	0.663239075	0.336760925	27368	86051	21995	62003	58744	48398	36035.66667	65484	0.550297274	1.62E+05	9.31E+06	5.27E+06	4.91E+06	1	TRUE	464275.3054	NA	156930.6618	-83817.31508	156930.6618	0	NA	36.4053	-118.195	3.229166508	14.1916666	42.49002075	712.854248	22.39999962	-11	33.40000153	-4.716666698	12.01666641	12.51666641	-4.716666698	593	106	11	67.72621155	281	45	60	281	2993
N/A	N/A	KMMB0142	Rana sierrae	8/1/23	California	70122	N/A	day	Adult	N/A	N/A	N/A		209	310	2.09E+05	31000	0.148325359	393	270	10	100	4	1.57E+06	1.08E+06	0.687022901	0.312977099	35298	28186	78288	21565	44739	45080	52775	31610.33333	1.669548987	1.96E+05	9.59E+06	1.43E+07	8.03E+06	1	TRUE	502576.7458	NA	32395.12255	-83813.20019	32395.12255	0	NA	37.4988	-118.9142	1.070833325	14.00833321	43.10256577	657.918396	19.5	-13	32.5	-6.033333302	9.100000381	10.0666666	-6.033333302	576	97	15	62.93828964	257	51	61	257	2987
N/A	N/A	KMMB0145	Rana sierrae	8/1/23	California	70122	N/A	day	Adult	N/A	N/A	N/A		171	323	1.71E+05	32300	0.188888889	305	258	10	100	4	1.22E+06	1.03E+06	0.845901639	0.154098361	62208	58138	20691	53866	63387	30225	48762	47409.66667	1.028524422	7.32E+05	9.44E+06	1.31E+07	7.74E+06	1	TRUE	693937.2242	NA	90480.90686	-83815.5569	90480.90686	0	NA	37.4988	-118.9142	1.070833325	14.00833321	43.10256577	657.918396	19.5	-13	32.5	-6.033333302	9.100000381	10.0666666	-6.033333302	576	97	15	62.93828964	257	51	61	257	2987
N/A	N/A	KMMB0266	Rana sierrae	8/25/23	California	70413	N/A	day	Adult	N/A	N/A	N/A		291	377	2.91E+05	37700	0.129553265	333	331	10	100	4	1.33E+06	1.32E+06	0.993993994	0.006006006	26170	85088	90030	36097	65163	50107	60454.33333	57097.33333	1.058794339	4.95E+05	9.48E+06	7.26E+06	5.75E+06	1	TRUE	2021117.955	NA	126097.3284	-83815.44561	126097.3284	0	NA	37.9575	-119.3005	-0.350000024	13.76666641	43.56540298	630.5444946	17.89999962	-13.69999981	31.59999847	-5.183333397	7.133333206	8.449999809	-6.733333111	804	132	21	62.85953522	360	71	81	339	3322