SampleID	Species	Location	region	site	survey_time	life_stage	sex	snout_vent_length	body_mass_g	bd_swab_tube_id	dry_swab_tube_id	bacterial_swab_tube_id	CFU_bact	CFU_past	Percent_spore_culturing	Total_cells_ml	Active_cells_ml	Per_active	Per_dormant	PerViableSpores	S16CopiesAvg	bd_detected	bd_mean_its1_copies_per_swab	total_peptides_ug	TotalNoSporesTbClCorrected	ViableNoSporesTbClCorrected	body_temp_c	lat	long	annual_mean_temp	mean_diurnal_range	isothermality	temp_seasonality	max_temp_warmest_month	min_temp_coldest_month	temp_annual_range	mean_temp_wettest_quarter	mean_temp_driest_quarter	mean_temp_warmest_quarter	mean_temp_coldest_quarter	annual_precip	precip_wettest_month	precip_driest_month	precip_seasonality	precip_wettest_quarter	precip_driest_quarter	precip_warmest_quarter	precip_coldest_quarter	TotalOTUs	ActiveOTUs	PerActive_Ratio
BR1	Hylodes_phyllodes	Brazil	Boraceia	B3W	day	Adult	NA	23	1.66	BRBd001	BRMic001	BRBac001	190000	3200	0.016842105	1168000	1000000	0.856164384	0.143835616	0.990003546	1123333.333	FALSE	0	38.61	0	0	N/A	-23.6575	-45.90628	17.14999962	8.733333588	53.25203323	252.9822235	24.70000076	8.300000191	16.40000153	20.10000038	14	20.23333359	14	2112	286	78	42.93177032	826	276	795	276	510	324	63.52941176
BR2	Hylodes_phyllodes	Brazil	Boraceia	B3W	day	Adult	NA	28	1.97	BRBd002	BRMic002	BRBac002	153000	2400	0.015686275	1204000	1160000	0.96345515	0.03654485	0.990004294	1113333.333	TRUE	397.294342	78.546	0	0	N/A	-23.6575	-45.90628	17.14999962	8.733333588	53.25203323	252.9822235	24.70000076	8.300000191	16.40000153	20.10000038	14	20.23333359	14	2112	286	78	42.93177032	826	276	795	276	372	241	64.78494624
BR3	Hylodes_phyllodes	Brazil	Boraceia	B3W	day	Adult	NA	31	2.74	BRBd003	BRMic003	BRBac003	183000	5100	0.027868852	1176000	928000	0.789115646	0.210884354	0.990011435	1123333.333	FALSE	0	29.7	0	0	N/A	-23.6575	-45.90628	17.14999962	8.733333588	53.25203323	252.9822235	24.70000076	8.300000191	16.40000153	20.10000038	14	20.23333359	14	2112	286	78	42.93177032	826	276	795	276	367	282	76.83923706
BR4	Hylodes_phyllodes	Brazil	Boraceia	B3W	day	Adult	NA	25	1.12	BRBd004	BRMic004	BRBac004	188000	3400	0.018085106	1208000	1012000	0.837748344	0.162251656	0.9900155	1163333.333	FALSE	0	30.132	0	0	N/A	-23.6575	-45.90628	17.14999962	8.733333588	53.25203323	252.9822235	24.70000076	8.300000191	16.40000153	20.10000038	14	20.23333359	14	2112	286	78	42.93177032	826	276	795	276	609	427	70.11494253
BR5	Hylodes_phyllodes	Brazil	Boraceia	B3W	night	Adult	NA	29	2.02	BRBd005	BRMic005	BRBac005	195000	2900	0.014871795	1224000	1044000	0.852941176	0.147058824	0.990001611	1223333.333	FALSE	0	38.628	0	0	N/A	-23.6575	-45.90628	17.14999962	8.733333588	53.25203323	252.9822235	24.70000076	8.300000191	16.40000153	20.10000038	14	20.23333359	14	2112	286	78	42.93177032	826	276	795	276	NA	NA	NA
BR6	Hylodes_phyllodes	Brazil	Boraceia	B3W	night	Adult	NA	26	1.35	BRBd006	BRMic006	BRBac006	192000	5200	0.027083333	1228000	1004000	0.817589577	0.182410423	0.990009257	1246666.667	FALSE	0	30.216	0	0	N/A	-23.64673	-45.91349	17.26250076	8.741666794	53.62985611	251.1801605	24.70000076	8.399999619	16.30000114	20.18333244	14.11666679	20.31666756	14.11666679	2095	283	78	42.87940598	818	273	788	273	NA	NA	NA
BR7	Ischnocnema_henselii	Brazil	Boraceia	B3W	night	Adult	NA	25	1.39	BRBd007	BRMic007	BRBac007	174000	6300	0.036206897	1168000	904000	0.773972603	0.226027397	0.990000055	1116666.667	FALSE	0	49.302	0	0	N/A	-23.64673	-45.91349	17.26250076	8.741666794	53.62985611	251.1801605	24.70000076	8.399999619	16.30000114	20.18333244	14.11666679	20.31666756	14.11666679	2095	283	78	42.87940598	818	273	788	273	319	208	65.20376176
BR8	Hylodes_phyllodes	Brazil	Boraceia	B3W	day	Adult	Male	30	1.76	BRBd008	BRMic008	BRBac008	202000	6500	0.032178218	1256000	972000	0.77388535	0.22611465	0.990007113	1280000	FALSE	0	69.804	0	0	N/A	-23.64673	-45.91349	17.26250076	8.741666794	53.62985611	251.1801605	24.70000076	8.399999619	16.30000114	20.18333244	14.11666679	20.31666756	14.11666679	2095	283	78	42.87940598	818	273	788	273	577	376	65.16464471
BR9	Hylodes_phyllodes	Brazil	Boraceia	B3W	day	Adult	Male	27	1.91	BRBd009	BRMic009	BRBac009	265000	2900	0.010943396	1272000	1060000	0.833333333	0.166666667	0.990004458	1306666.667	FALSE	0	41.004	0	0	N/A	-23.64673	-45.91349	17.26250076	8.741666794	53.62985611	251.1801605	24.70000076	8.399999619	16.30000114	20.18333244	14.11666679	20.31666756	14.11666679	2095	283	78	42.87940598	818	273	788	273	392	298	76.02040816
BR10	Ischnocnema_henselii	Brazil	Boraceia	B3T	night	Adult	NA	26	1.63	BRBd010	BRMic010	BRBac010	184000	6500	0.035326087	1172000	1004000	0.85665529	0.14334471	0.990009756	1150000	FALSE	0	108.498	0	0	N/A	-23.64673	-45.91349	17.26250076	8.741666794	53.62985611	251.1801605	24.70000076	8.399999619	16.30000114	20.18333244	14.11666679	20.31666756	14.11666679	2095	283	78	42.87940598	818	273	788	273	212	149	70.28301887
BR11	Ischnocnema_henselii	Brazil	Boraceia	B3T	night	Adult	NA	26	1.42	BRBd011	BRMic011	BRBac011	197000	5500	0.027918782	1192000	964000	0.808724832	0.191275168	0.990009824	1170000	FALSE	0	148.398	0	0	N/A	-23.64673	-45.91349	17.26250076	8.741666794	53.62985611	251.1801605	24.70000076	8.399999619	16.30000114	20.18333244	14.11666679	20.31666756	14.11666679	2095	283	78	42.87940598	818	273	788	273	407	295	72.48157248
BR12	Ischnocnema_henselii	Brazil	Boraceia	B3T	night	Adult	NA	26	1.91	BRBd012	BRMic012	BRBac012	183000	2900	0.015846995	1240000	1044000	0.841935484	0.158064516	0.9900033	1253333.333	FALSE	0	47.856	0	0	N/A	-23.64029	-45.84747	17.02499962	8.899999619	53.61445618	254.4646912	24.60000038	8	16.60000038	19.98333359	13.83333302	20.11666679	13.83333302	2038	286	71	45.60791016	817	250	783	250	367	265	72.20708447
BR13	Ischnocnema_henselii	Brazil	Boraceia	B3T	night	Subadult	NA	22	1.15	BRBd013	BRMic013	BRBac013	193000	1400	0.007253886	1252000	1200000	0.958466454	0.041533546	0.990011061	1303333.333	TRUE	391.5096741	129.378	0	0	N/A	-23.64029	-45.84747	17.02499962	8.899999619	53.61445618	254.4646912	24.60000038	8	16.60000038	19.98333359	13.83333302	20.11666679	13.83333302	2038	286	71	45.60791016	817	250	783	250	290	225	77.5862069
BR14	Ischnocnema_henselii	Brazil	Boraceia	B3T	night	Subadult	NA	19	0.56	BRBd014	BRMic014	BRBac014	199000	5200	0.026130653	1260000	1000000	0.793650794	0.206349206	0.990009136	1256666.667	FALSE	0	27.732	0	0	N/A	-23.64029	-45.84747	17.02499962	8.899999619	53.61445618	254.4646912	24.60000038	8	16.60000038	19.98333359	13.83333302	20.11666679	13.83333302	2038	286	71	45.60791016	817	250	783	250	180	133	73.88888889
BR15	Ischnocnema_henselii	Brazil	Boraceia	B3T	night	Adult	NA	26	1.64	BRBd015	BRMic015	BRBac015	220000	11200	0.050909091	1260000	1208000	0.958730159	0.041269841	0.99000443	1260000	TRUE	108.2058792	57.132	0	0	N/A	-23.64029	-45.84747	17.02499962	8.899999619	53.61445618	254.4646912	24.60000038	8	16.60000038	19.98333359	13.83333302	20.11666679	13.83333302	2038	286	71	45.60791016	817	250	783	250	175	118	67.42857143
BR16	Ischnocnema_henselii	Brazil	Boraceia	B3T	night	Subadult	NA	21	1.05	BRBd016	BRMic016	BRBac016	204000	11400	0.055882353	1228000	1180000	0.960912052	0.039087948	0.990012076	1163333.333	TRUE	112.8878555	27.894	0	0	N/A	-23.64029	-45.84747	17.02499962	8.899999619	53.61445618	254.4646912	24.60000038	8	16.60000038	19.98333359	13.83333302	20.11666679	13.83333302	2038	286	71	45.60791016	817	250	783	250	306	238	77.77777778
BR17	Ischnocnema_henselii	Brazil	Boraceia	B3T	night	Subadult	NA	21	0.72	BRBd017	BRMic017	BRBac017	208000	11000	0.052884615	1296000	1000000	0.771604938	0.228395062	0.990005276	1273333.333	FALSE	0	65.16	0	0	N/A	-23.64029	-45.84747	17.02499962	8.899999619	53.61445618	254.4646912	24.60000038	8	16.60000038	19.98333359	13.83333302	20.11666679	13.83333302	2038	286	71	45.60791016	817	250	783	250	268	206	76.86567164
BR18	Ischnocnema_henselii	Brazil	Boraceia	B3T	night	Adult	NA	26	1.65	BRBd018	BRMic018	BRBac018	210000	2500	0.011904762	1240000	1036000	0.835483871	0.164516129	0.990016952	1276666.667	FALSE	0	60.066	0	0	N/A	-23.64029	-45.84747	17.02499962	8.899999619	53.61445618	254.4646912	24.60000038	8	16.60000038	19.98333359	13.83333302	20.11666679	13.83333302	2038	286	71	45.60791016	817	250	783	250	273	169	61.9047619
BR19	Ischnocnema_henselii	Brazil	Boraceia	B3T	night	Adult	NA	25	1.45	BRBd019	BRMic019	BRBac019	223000	2300	0.010313901	1284000	1036000	0.806853583	0.193146417	0.990006592	1396666.667	FALSE	0	66.054	0	0	N/A	-23.64029	-45.84747	17.02499962	8.899999619	53.61445618	254.4646912	24.60000038	8	16.60000038	19.98333359	13.83333302	20.11666679	13.83333302	2038	286	71	45.60791016	817	250	783	250	479	318	66.38830898
BR20	Ischnocnema_henselii	Brazil	Boraceia	B3T	night	Subadult	NA	22	0.88	BRBd020	BRMic020	BRBac020	213000	1000	0.004694836	1284000	1152000	0.897196262	0.102803738	0.9900067	1323333.333	TRUE	28.53313446	38.952	0	0	N/A	-23.64029	-45.84747	17.02499962	8.899999619	53.61445618	254.4646912	24.60000038	8	16.60000038	19.98333359	13.83333302	20.11666679	13.83333302	2038	286	71	45.60791016	817	250	783	250	507	361	71.20315582
BR21	Ischnocnema_henselii	Brazil	Boraceia	B3T	night	Adult	NA	23	0.97	BRBd021	BRMic021	BRBac021	182000	7400	0.040659341	1160000	972000	0.837931034	0.162068966	0.990004205	1193333.333	FALSE	0	29.082	0	0	N/A	-23.64029	-45.84747	17.02499962	8.899999619	53.61445618	254.4646912	24.60000038	8	16.60000038	19.98333359	13.83333302	20.11666679	13.83333302	2038	286	71	45.60791016	817	250	783	250	549	405	73.7704918
BR22	Ischnocnema_henselii	Brazil	Boraceia	B3T	night	Adult	NA	24	1.19	BRBd022	BRMic022	BRBac022	192000	6800	0.035416667	1196000	924000	0.772575251	0.227424749	0.990006303	1160000	FALSE	0	48.096	0	0	N/A	-23.64029	-45.84747	17.02499962	8.899999619	53.61445618	254.4646912	24.60000038	8	16.60000038	19.98333359	13.83333302	20.11666679	13.83333302	2038	286	71	45.60791016	817	250	783	250	453	357	78.80794702
BR23	Ischnocnema_henselii	Brazil	Boraceia	B3T	night	Subadult	NA	17	0.41	BRBd023	BRMic023	BRBac023	191000	7200	0.037696335	1212000	1012000	0.834983498	0.165016502	0.990011461	1146666.667	FALSE	0	36.948	0	0	N/A	-23.64029	-45.84747	17.02499962	8.899999619	53.61445618	254.4646912	24.60000038	8	16.60000038	19.98333359	13.83333302	20.11666679	13.83333302	2038	286	71	45.60791016	817	250	783	250	NA	NA	NA
BR24	Ischnocnema_henselii	Brazil	Boraceia	B3T	night	Adult	NA	27	1.58	BRBd024	BRMic024	BRBac024	187000	2300	0.012299465	1208000	1124000	0.930463576	0.069536424	0.990017663	1303333.333	TRUE	171.1800842	95.82	0	0	N/A	-23.64029	-45.84747	17.02499962	8.899999619	53.61445618	254.4646912	24.60000038	8	16.60000038	19.98333359	13.83333302	20.11666679	13.83333302	2038	286	71	45.60791016	817	250	783	250	761	572	75.16425756
BR25	Ischnocnema_henselii	Brazil	Boraceia	B3T	night	Adult	Female	36	4.81	BRBd025	BRMic025	BRBac025	196000	2100	0.010714286	1164000	900000	0.773195876	0.226804124	0.990014743	1173333.333	FALSE	0	194.478	0	0	N/A	-23.64029	-45.84747	17.02499962	8.899999619	53.61445618	254.4646912	24.60000038	8	16.60000038	19.98333359	13.83333302	20.11666679	13.83333302	2038	286	71	45.60791016	817	250	783	250	459	344	74.94553377
BR26	Ischnocnema_henselii	Brazil	Boraceia	B4T	night	Adult	NA	23	1.26	BRBd026	BRMic026	BRBac026	182000	2100	0.011538462	1160000	984000	0.848275862	0.151724138	0.990004085	1063333.333	FALSE	0	47.634	0	0	N/A	-23.64029	-45.84747	17.02499962	8.899999619	53.61445618	254.4646912	24.60000038	8	16.60000038	19.98333359	13.83333302	20.11666679	13.83333302	2038	286	71	45.60791016	817	250	783	250	269	215	79.92565056
BR27	Ischnocnema_henselii	Brazil	Boraceia	B4T	night	Adult	NA	27	1.53	BRBd027	BRMic027	BRBac027	192000	3200	0.016666667	1184000	1136000	0.959459459	0.040540541	0.990005326	1170000	TRUE	940.7962036	33.342	0	0	N/A	-23.64029	-45.84747	17.02499962	8.899999619	53.61445618	254.4646912	24.60000038	8	16.60000038	19.98333359	13.83333302	20.11666679	13.83333302	2038	286	71	45.60791016	817	250	783	250	748	587	78.47593583
BR28	Ischnocnema_henselii	Brazil	Boraceia	B4T	night	Adult	NA	20	0.66	BRBd028	BRMic028	BRBac028	184000	2700	0.014673913	1184000	1092000	0.922297297	0.077702703	0.990009278	1156666.667	FALSE	0	29.178	0	0	N/A	-23.64029	-45.84747	17.02499962	8.899999619	53.61445618	254.4646912	24.60000038	8	16.60000038	19.98333359	13.83333302	20.11666679	13.83333302	2038	286	71	45.60791016	817	250	783	250	696	477	68.53448276
BR29	Hylodes_phyllodes	Brazil	Boraceia	B4T	night	Adult	NA	29	1.91	BRBd029	BRMic029	BRBac029	183000	1700	0.009289617	1192000	1172000	0.983221477	0.016778523	0.989997539	1160000	TRUE	810.6918945	48.516	0	0	N/A	-23.64029	-45.84747	17.02499962	8.899999619	53.61445618	254.4646912	24.60000038	8	16.60000038	19.98333359	13.83333302	20.11666679	13.83333302	2038	286	71	45.60791016	817	250	783	250	617	433	70.17828201
BR30	Hylodes_phyllodes	Brazil	Boraceia	B4T	night	Adult	NA	30	1.64	BRBd030	BRMic030	BRBac030	193000	4100	0.021243523	1212000	1216000	1.00330033	-0.00330033	0.989999228	1203333.333	TRUE	12.13130379	208.44	0	0	N/A	-23.64029	-45.84747	17.02499962	8.899999619	53.61445618	254.4646912	24.60000038	8	16.60000038	19.98333359	13.83333302	20.11666679	13.83333302	2038	286	71	45.60791016	817	250	783	250	359	249	69.35933148
BR31	Hylodes_phyllodes	Brazil	Boraceia	B3W	night	Adult	NA	29	2.11	BRBd031	BRMic031	BRBac031	194000	1600	0.008247423	1244000	928000	0.745980707	0.254019293	0.9900139	1160000	FALSE	0	57.198	0	0	N/A	-23.64029	-45.84747	17.02499962	8.899999619	53.61445618	254.4646912	24.60000038	8	16.60000038	19.98333359	13.83333302	20.11666679	13.83333302	2038	286	71	45.60791016	817	250	783	250	214	165	77.10280374
BR32	Hylodes_phyllodes	Brazil	Boraceia	B3W	night	Adult	NA	28	1.83	BRBd032	BRMic032	BRBac032	125000	2400	0.0192	1236000	972000	0.786407767	0.213592233	0.990005698	1106666.667	FALSE	0	62.856	0	0	N/A	-23.64029	-45.84747	17.02499962	8.899999619	53.61445618	254.4646912	24.60000038	8	16.60000038	19.98333359	13.83333302	20.11666679	13.83333302	2038	286	71	45.60791016	817	250	783	250	NA	NA	NA
BR33	Hylodes_phyllodes	Brazil	Boraceia	B3W	night	Adult	NA	30	2	BRBd033	BRMic033	BRBac033	202000	6900	0.034158416	1200000	1000000	0.833333333	0.166666667	0.990011045	1156666.667	TRUE	422.2007751	80.796	0	0	N/A	-23.64029	-45.84747	17.02499962	8.899999619	53.61445618	254.4646912	24.60000038	8	16.60000038	19.98333359	13.83333302	20.11666679	13.83333302	2038	286	71	45.60791016	817	250	783	250	NA	NA	NA
BR34	Hylodes_phyllodes	Brazil	Boraceia	B3W	night	Adult	NA	32	2.52	BRBd034	BRMic034	BRBac034	173000	2100	0.012138728	1216000	1004000	0.825657895	0.174342105	0.990011063	1186666.667	FALSE	0	51.87	0	0	N/A	-23.64029	-45.84747	17.02499962	8.899999619	53.61445618	254.4646912	24.60000038	8	16.60000038	19.98333359	13.83333302	20.11666679	13.83333302	2038	286	71	45.60791016	817	250	783	250	566	349	61.66077739
BR35	Hylodes_phyllodes	Brazil	Boraceia	B4T	night	Adult	Female	30	2.06	BRBd035	BRMic035	BRBac035	188000	3900	0.020744681	1192000	904000	0.758389262	0.241610738	0.990012923	1166666.667	FALSE	0	140.04	0	0	N/A	-23.64029	-45.84747	17.02499962	8.899999619	53.61445618	254.4646912	24.60000038	8	16.60000038	19.98333359	13.83333302	20.11666679	13.83333302	2038	286	71	45.60791016	817	250	783	250	326	228	69.93865031
BR36	Hylodes_phyllodes	Brazil	Boraceia	B5	night	Adult	NA	30	2.06	BRBd036	BRMic036	BRBac036	188000	7300	0.038829787	1208000	1120000	0.927152318	0.072847682	0.990000469	1170000	TRUE	3421.443848	30.318	0	0	N/A	-23.64029	-45.84747	17.02499962	8.899999619	53.61445618	254.4646912	24.60000038	8	16.60000038	19.98333359	13.83333302	20.11666679	13.83333302	2038	286	71	45.60791016	817	250	783	250	NA	NA	NA
BR37	Hylodes_phyllodes	Brazil	Boraceia	B5	night	Adult	NA	28	1.79	BRBd037	BRMic037	BRBac037	192000	1600	0.008333333	1184000	1164000	0.983108108	0.016891892	0.990001585	1196666.667	TRUE	8.301618576	87.39	0	0	N/A	-23.64029	-45.84747	17.02499962	8.899999619	53.61445618	254.4646912	24.60000038	8	16.60000038	19.98333359	13.83333302	20.11666679	13.83333302	2038	286	71	45.60791016	817	250	783	250	260	178	68.46153846
BR38	Hylodes_phyllodes	Brazil	Boraceia	B5	night	Adult	NA	29.5	1.74	BRBd038	BRMic038	BRBac038	201000	4700	0.023383085	1236000	1200000	0.970873786	0.029126214	0.990006479	1270000	TRUE	997.2203979	48.984	0	0	N/A	-23.64029	-45.84747	17.02499962	8.899999619	53.61445618	254.4646912	24.60000038	8	16.60000038	19.98333359	13.83333302	20.11666679	13.83333302	2038	286	71	45.60791016	817	250	783	250	488	310	63.52459016
BR39	Hylodes_phyllodes	Brazil	Boraceia	B5	night	Adult	NA	31.5	2.51	BRBd039	BRMic039	BRBac039	195000	4700	0.024102564	1220000	1204000	0.986885246	0.013114754	0.990009308	1206666.667	TRUE	7504.155762	35.532	0	0	N/A	-23.64029	-45.84747	17.02499962	8.899999619	53.61445618	254.4646912	24.60000038	8	16.60000038	19.98333359	13.83333302	20.11666679	13.83333302	2038	286	71	45.60791016	817	250	783	250	254	180	70.86614173
BR40	Hylodes_phyllodes	Brazil	Boraceia	B5	night	Adult	NA	29	1.81	BRBd040	BRMic040	BRBac040	184000	7200	0.039130435	1140000	1160000	1.01754386	-0.01754386	0.990004517	1136333.333	TRUE	35.36994171	49.11	0	0	N/A	-23.64029	-45.84747	17.02499962	8.899999619	53.61445618	254.4646912	24.60000038	8	16.60000038	19.98333359	13.83333302	20.11666679	13.83333302	2038	286	71	45.60791016	817	250	783	250	121	86	71.07438017
BR41	Ischnocnema_henselii	Brazil	Santa_Virginia	Olho_de_agua	night	Adult	NA	24	1.34	BRBd041	BRMic041	BRBac041	207000	6200	0.029951691	1196000	1044000	0.872909699	0.127090301	0.990004621	1140000	FALSE	0	72.906	0	0	N/A	-23.34394	-45.12866	16.94583321	10.14166641	56.03130341	252.6087494	25.20000076	7.099999905	18.10000038	19.88333321	13.75	20	13.75	1785	279	43	59.89416885	802	162	768	162	643	519	80.71539658
BR42	Ischnocnema_henselii	Brazil	Santa_Virginia	Olho_de_agua	night	Adult	NA	20	0.78	BRBd042	BRMic042	BRBac042	189000	2000	0.010582011	1200000	1140000	0.95	0.05	0.990009293	1250000	TRUE	64.77602386	93.984	0	0	N/A	-23.34394	-45.12866	16.94583321	10.14166641	56.03130341	252.6087494	25.20000076	7.099999905	18.10000038	19.88333321	13.75	20	13.75	1785	279	43	59.89416885	802	162	768	162	196	155	79.08163265
BR43	Ischnocnema_henselii	Brazil	Santa_Virginia	Olho_de_agua	night	Subadult	NA	14	0.68	BRBd043	BRMic043	BRBac043	201000	3500	0.017412935	1236000	1036000	0.838187702	0.161812298	0.990007056	1146666.667	FALSE	0	46.842	0	0	N/A	-23.34332	-45.14438	17.10833359	10.10000038	56.1111145	252.125824	25.29999924	7.300000191	18	20.04999924	13.91666603	20.14999962	13.91666603	1790	279	43	59.7257576	803	163	770	163	676	474	70.1183432
BR44	Ischnocnema_henselii	Brazil	Santa_Virginia	Olho_de_agua	night	Subadult	NA	22	0.94	BRBd044	BRMic044	BRBac044	184000	5900	0.032065217	1232000	1084000	0.87987013	0.12012987	0.990015024	1113333.333	FALSE	0	53.76	0	0	N/A	-23.34332	-45.14438	17.10833359	10.10000038	56.1111145	252.125824	25.29999924	7.300000191	18	20.04999924	13.91666603	20.14999962	13.91666603	1790	279	43	59.7257576	803	163	770	163	230	140	60.86956522
BR45	Ischnocnema_henselii	Brazil	Santa_Virginia	Olho_de_agua	night	Adult	NA	27	1.54	BRBd045	BRMic045	BRBac045	188000	2800	0.014893617	1240000	1196000	0.964516129	0.035483871	0.990018036	1293333.333	TRUE	656.836792	159.498	0	0	N/A	-23.34332	-45.14438	17.10833359	10.10000038	56.1111145	252.125824	25.29999924	7.300000191	18	20.04999924	13.91666603	20.14999962	13.91666603	1790	279	43	59.7257576	803	163	770	163	NA	NA	NA
BR46	Ischnocnema_henselii	Brazil	Santa_Virginia	Olho_de_agua	night	Adult	NA	26	1.6	BRBd046	BRMic046	BRBac046	194000	3200	0.016494845	1192000	944000	0.791946309	0.208053691	0.990013603	1240000	FALSE	0	52.458	0	0	N/A	-23.34332	-45.14438	17.10833359	10.10000038	56.1111145	252.125824	25.29999924	7.300000191	18	20.04999924	13.91666603	20.14999962	13.91666603	1790	279	43	59.7257576	803	163	770	163	223	178	79.8206278
BR47	Ischnocnema_henselii	Brazil	Santa_Virginia	Olho_de_agua	night	Subadult	NA	22	0.9	BRBd047	BRMic047	BRBac047	180000	1700	0.009444444	1164000	1068000	0.917525773	0.082474227	0.990009831	1076666.667	TRUE	11.69658375	46.182	0	0	N/A	-23.34332	-45.14438	17.10833359	10.10000038	56.1111145	252.125824	25.29999924	7.300000191	18	20.04999924	13.91666603	20.14999962	13.91666603	1790	279	43	59.7257576	803	163	770	163	184	147	79.89130435
BR48	Ischnocnema_henselii	Brazil	Santa_Virginia	Olho_de_agua	night	Adult	NA	29	2.64	BRBd048	BRMic048	BRBac048	190000	4600	0.024210526	1164000	1060000	0.910652921	0.089347079	0.990000782	1133333.333	TRUE	12.15980625	127.914	0	0	N/A	-23.34332	-45.14438	17.10833359	10.10000038	56.1111145	252.125824	25.29999924	7.300000191	18	20.04999924	13.91666603	20.14999962	13.91666603	1790	279	43	59.7257576	803	163	770	163	305	205	67.21311475
BR49	Ischnocnema_henselii	Brazil	Santa_Virginia	Olho_de_agua	night	Adult	NA	36	4.03	BRBd049	BRMic049	BRBac049	200000	2400	0.012	1180000	956000	0.810169492	0.189830508	0.990009303	1226666.667	FALSE	0	407.364	0	0	N/A	-23.34332	-45.14438	17.10833359	10.10000038	56.1111145	252.125824	25.29999924	7.300000191	18	20.04999924	13.91666603	20.14999962	13.91666603	1790	279	43	59.7257576	803	163	770	163	183	125	68.30601093
BR50	Ischnocnema_henselii	Brazil	Santa_Virginia	Olho_de_agua	night	Adult	NA	34	3.38	BRBd050	BRMic050	BRBac050	195000	6200	0.031794872	1204000	1096000	0.910299003	0.089700997	0.990017253	1216666.667	FALSE	0	50.028	0	0	N/A	-23.34321	-45.1443	17.10833359	10.10000038	56.1111145	252.125824	25.29999924	7.300000191	18	20.04999924	13.91666603	20.14999962	13.91666603	1790	279	43	59.7257576	803	163	770	163	164	129	78.65853659
BR51	Ischnocnema_henselii	Brazil	Santa_Virginia	Olho_de_agua	night	Subadult	NA	20	0.73	BRBd051	BRMic051	BRBac051	180000	6800	0.037777778	1180000	1004000	0.850847458	0.149152542	0.990001928	1123333.333	FALSE	0	52.5	0	0	N/A	-23.34122	-45.11756	16.85416603	10.17500019	55.90658951	252.7886047	25.20000076	7	18.20000076	19.79999924	13.66666698	19.91666603	13.66666698	1775	278	41	60.30778122	800	159	765	159	188	114	60.63829787
BR52	Ischnocnema_henselii	Brazil	Santa_Virginia	Olho_de_agua	night	Adult	NA	32	3.07	BRBd052	BRMic052	BRBac052	199000	5600	0.028140704	1212000	984000	0.811881188	0.188118812	0.990003119	1266666.667	FALSE	0	215.16	0	0	N/A	-23.34122	-45.11756	16.85416603	10.17500019	55.90658951	252.7886047	25.20000076	7	18.20000076	19.79999924	13.66666698	19.91666603	13.66666698	1775	278	41	60.30778122	800	159	765	159	589	376	63.83701188
BR53	Ischnocnema_henselii	Brazil	Santa_Virginia	Olho_de_agua	night	Subadult	NA	21	0.79	BRBd053	BRMic053	BRBac053	200000	1600	0.008	1208000	928000	0.768211921	0.231788079	0.990008289	1280000	FALSE	0	44.97	0	0	N/A	-23.34122	-45.11756	16.85416603	10.17500019	55.90658951	252.7886047	25.20000076	7	18.20000076	19.79999924	13.66666698	19.91666603	13.66666698	1775	278	41	60.30778122	800	159	765	159	414	310	74.87922705
BR54	Ischnocnema_henselii	Brazil	Santa_Virginia	Olho_de_agua	night	Subadult	NA	19	0.58	BRBd054	BRMic054	BRBac054	210000	6300	0.03	1192000	956000	0.802013423	0.197986577	0.990010237	1200000	FALSE	0	28.344	0	0	N/A	-23.34122	-45.11756	16.85416603	10.17500019	55.90658951	252.7886047	25.20000076	7	18.20000076	19.79999924	13.66666698	19.91666603	13.66666698	1775	278	41	60.30778122	800	159	765	159	270	212	78.51851852
BR55	Ischnocnema_henselii	Brazil	Santa_Virginia	Olho_de_agua	night	Subadult	NA	18	0.52	BRBd055	BRMic055	BRBac055	213000	2900	0.013615023	1240000	1052000	0.848387097	0.151612903	0.990012554	1200000	FALSE	0	55.236	0	0	N/A	-23.34122	-45.11756	16.85416603	10.17500019	55.90658951	252.7886047	25.20000076	7	18.20000076	19.79999924	13.66666698	19.91666603	13.66666698	1775	278	41	60.30778122	800	159	765	159	640	414	64.6875
BR56	Ischnocnema_henselii	Brazil	Santa_Virginia	Olho_de_agua	night	Subadult	NA	19	0.47	BRBd056	BRMic056	BRBac056	187000	4600	0.02459893	1164000	924000	0.793814433	0.206185567	0.990000756	1093333.333	FALSE	0	19.152	0	0	N/A	-23.34122	-45.11756	16.85416603	10.17500019	55.90658951	252.7886047	25.20000076	7	18.20000076	19.79999924	13.66666698	19.91666603	13.66666698	1775	278	41	60.30778122	800	159	765	159	290	204	70.34482759
BR57	Ischnocnema_henselii	Brazil	Santa_Virginia	A4W	night	Adult	NA	27	1.97	BRBd057	BRMic057	BRBac057	190000	5300	0.027894737	1200000	1072000	0.893333333	0.106666667	0.990008506	1080000	FALSE	0	122.898	0	0	N/A	-23.34067	-45.14935	17.05833244	10.1833334	56.26151276	251.918396	25.29999924	7.199999809	18.09999847	19.98333359	13.86666679	20.10000038	13.86666679	1778	278	42	60.12615585	800	160	767	160	274	180	65.69343066
BR58	Ischnocnema_henselii	Brazil	Santa_Virginia	A4W	night	Adult	Female	28	1.86	BRBd058	BRMic058	BRBac058	195000	7300	0.037435897	1236000	1048000	0.84789644	0.15210356	0.990008471	1273333.333	FALSE	0	124.554	0	0	N/A	-23.34067	-45.14935	17.05833244	10.1833334	56.26151276	251.918396	25.29999924	7.199999809	18.09999847	19.98333359	13.86666679	20.10000038	13.86666679	1778	278	42	60.12615585	800	160	767	160	431	374	86.774942
BR59	Hylodes_phyllodes	Brazil	Santa_Virginia	Pirapitinga	day	Adult	NA	29	1.75	BRBd059	BRMic059	BRBac059	197000	4100	0.020812183	1112000	972000	0.874100719	0.125899281	0.990004861	1226666.667	FALSE	0	39.546	0	0	N/A	-23.34067	-45.14935	17.05833244	10.1833334	56.26151276	251.918396	25.29999924	7.199999809	18.09999847	19.98333359	13.86666679	20.10000038	13.86666679	1778	278	42	60.12615585	800	160	767	160	498	328	65.86345382
BR60	Hylodes_phyllodes	Brazil	Santa_Virginia	Pirapitinga	day	Adult	NA	30	1.83	BRBd060	BRMic060	BRBac060	200000	2700	0.0135	1232000	1044000	0.847402597	0.152597403	0.990006442	1260000	FALSE	0	61.17	0	0	N/A	-23.34067	-45.14935	17.05833244	10.1833334	56.26151276	251.918396	25.29999924	7.199999809	18.09999847	19.98333359	13.86666679	20.10000038	13.86666679	1778	278	42	60.12615585	800	160	767	160	495	380	76.76767677
BR61	Hylodes_phyllodes	Brazil	Santa_Virginia	A3W	night	Adult	NA	28	1.56	BRBd061	BRMic061	BRBac061	190000	3500	0.018421053	1208000	1036000	0.857615894	0.142384106	0.990004416	1183333.333	FALSE	0	75.702	0	0	N/A	-23.34067	-45.14935	17.05833244	10.1833334	56.26151276	251.918396	25.29999924	7.199999809	18.09999847	19.98333359	13.86666679	20.10000038	13.86666679	1778	278	42	60.12615585	800	160	767	160	417	274	65.70743405
BR62	Hylodes_phyllodes	Brazil	Santa_Virginia	A3W	night	Adult	NA	25	1.47	BRBd062	BRMic062	BRBac062	145000	3900	0.026896552	1152000	1008000	0.875	0.125	0.989998421	1220000	FALSE	0	23.916	0	0	N/A	-23.34067	-45.14935	17.05833244	10.1833334	56.26151276	251.918396	25.29999924	7.199999809	18.09999847	19.98333359	13.86666679	20.10000038	13.86666679	1778	278	42	60.12615585	800	160	767	160	457	307	67.17724289
BR63	Hylodes_phyllodes	Brazil	Santa_Virginia	A2W	night	Adult	NA	31	2.13	BRBd063	BRMic063	BRBac063	199000	3800	0.019095477	1228000	1144000	0.931596091	0.068403909	0.990009369	1246666.667	TRUE	4.502942085	69.684	0	0	N/A	-23.33646	-45.14643	17.05833244	10.1833334	56.26151276	251.918396	25.29999924	7.199999809	18.09999847	19.98333359	13.86666679	20.10000038	13.86666679	1778	278	42	60.12615585	800	160	767	160	289	191	66.0899654
BR64	Hylodes_phyllodes	Brazil	Santa_Virginia	A2W	night	Adult	NA	30	1.71	BRBd064	BRMic064	BRBac064	145000	3300	0.022758621	1192000	1016000	0.852348993	0.147651007	0.990006929	1163333.333	FALSE	0	46.764	0	0	N/A	-23.33646	-45.14643	17.05833244	10.1833334	56.26151276	251.918396	25.29999924	7.199999809	18.09999847	19.98333359	13.86666679	20.10000038	13.86666679	1778	278	42	60.12615585	800	160	767	160	548	423	77.18978102
BR65	Hylodes_phyllodes	Brazil	Santa_Virginia	A2W	night	Adult	NA	28	1.61	BRBd065	BRMic065	BRBac065	153000	4500	0.029411765	1216000	952000	0.782894737	0.217105263	0.990006214	1200000	FALSE	0	71.202	0	0	N/A	-23.33646	-45.14643	17.05833244	10.1833334	56.26151276	251.918396	25.29999924	7.199999809	18.09999847	19.98333359	13.86666679	20.10000038	13.86666679	1778	278	42	60.12615585	800	160	767	160	575	378	65.73913043
BR66	Hylodes_phyllodes	Brazil	Santa_Virginia	A4W	night	Adult	NA	27	1.74	BRBd066	BRMic066	BRBac066	143000	4400	0.030769231	1148000	980000	0.853658537	0.146341463	0.990008187	1263333.333	FALSE	0	46.842	0	0	N/A	-23.33646	-45.14643	17.05833244	10.1833334	56.26151276	251.918396	25.29999924	7.199999809	18.09999847	19.98333359	13.86666679	20.10000038	13.86666679	1778	278	42	60.12615585	800	160	767	160	208	165	79.32692308
BR67	Hylodes_phyllodes	Brazil	Santa_Virginia	A4W	night	Adult	Female	31	2.22	BRBd067	BRMic067	BRBac067	122000	7000	0.057377049	1160000	952000	0.820689655	0.179310345	0.990005194	1266666.667	FALSE	0	47.004	0	0	N/A	-23.33646	-45.14643	17.05833244	10.1833334	56.26151276	251.918396	25.29999924	7.199999809	18.09999847	19.98333359	13.86666679	20.10000038	13.86666679	1778	278	42	60.12615585	800	160	767	160	271	209	77.12177122
BR69	Hylodes_phyllodes	Brazil	Santa_Virginia	Estrada	night	Adult	NA	28	1.52	BRBd069	BRMic069	BRBac069	180000	2000	0.011111111	1164000	956000	0.821305842	0.178694158	0.990005088	1120000	FALSE	0	131.73	0	0	N/A	-23.33646	-45.14643	17.05833244	10.1833334	56.26151276	251.918396	25.29999924	7.199999809	18.09999847	19.98333359	13.86666679	20.10000038	13.86666679	1778	278	42	60.12615585	800	160	767	160	NA	NA	NA
BR70	Hylodes_phyllodes	Brazil	Santa_Virginia	A4W	night	Adult	NA	30	1.68	BRBd070	BRMic070	BRBac070	208000	2700	0.012980769	1316000	1048000	0.796352584	0.203647416	0.990012568	1326666.667	FALSE	0	175.464	0	0	N/A	-23.33646	-45.14643	17.05833244	10.1833334	56.26151276	251.918396	25.29999924	7.199999809	18.09999847	19.98333359	13.86666679	20.10000038	13.86666679	1778	278	42	60.12615585	800	160	767	160	230	158	68.69565217
BR71	Hylodes_phyllodes	Brazil	Santa_Virginia	A4W	night	Adult	NA	30	2.04	BRBd071	BRMic071	BRBac071	208000	3500	0.016826923	1324000	1200000	0.906344411	0.093655589	0.99000351	1346666.667	TRUE	42.77315903	166.266	0	0	N/A	-23.33646	-45.14643	17.05833244	10.1833334	56.26151276	251.918396	25.29999924	7.199999809	18.09999847	19.98333359	13.86666679	20.10000038	13.86666679	1778	278	42	60.12615585	800	160	767	160	432	332	76.85185185
BR72	Hylodes_phyllodes	Brazil	Santa_Virginia	A2W	night	Adult	NA	26	1.65	BRBd072	BRMic072	BRBac072	254000	2400	0.009448819	1268000	988000	0.779179811	0.220820189	0.990004213	1356666.667	FALSE	0	78.906	0	0	N/A	-23.33646	-45.14643	17.05833244	10.1833334	56.26151276	251.918396	25.29999924	7.199999809	18.09999847	19.98333359	13.86666679	20.10000038	13.86666679	1778	278	42	60.12615585	800	160	767	160	507	378	74.55621302
BR73	Hylodes_phyllodes	Brazil	Santa_Virginia	A2W	night	Adult	NA	25	1	BRBd073	BRMic073	BRBac073	205000	2900	0.014146341	1292000	1016000	0.786377709	0.213622291	0.990000825	1323333.333	FALSE	0	83.274	0	0	N/A	-23.33646	-45.14643	17.05833244	10.1833334	56.26151276	251.918396	25.29999924	7.199999809	18.09999847	19.98333359	13.86666679	20.10000038	13.86666679	1778	278	42	60.12615585	800	160	767	160	560	439	78.39285714
BR74	Hylodes_phyllodes	Brazil	Santa_Virginia	Pirapitinga	day	Adult	NA	29	1.93	BRBd074	BRMic074	BRBac074	288000	2900	0.010069444	1204000	1152000	0.956810631	0.043189369	0.990011272	1383333.333	TRUE	51.10035706	45.342	0	0	N/A	-23.33646	-45.14643	17.05833244	10.1833334	56.26151276	251.918396	25.29999924	7.199999809	18.09999847	19.98333359	13.86666679	20.10000038	13.86666679	1778	278	42	60.12615585	800	160	767	160	420	335	79.76190476
BR75	Hylodes_phyllodes	Brazil	Santa_Virginia	A2W	night	Adult	NA	29	1.84	BRBd075	BRMic075	BRBac075	205000	4600	0.022439024	1112000	968000	0.870503597	0.129496403	0.990004117	1323333.333	FALSE	0	45.636	0	0	N/A	-23.33646	-45.14643	17.05833244	10.1833334	56.26151276	251.918396	25.29999924	7.199999809	18.09999847	19.98333359	13.86666679	20.10000038	13.86666679	1778	278	42	60.12615585	800	160	767	160	353	262	74.22096317
BR76	Hylodes_phyllodes	Brazil	Santa_Virginia	A2W	night	Adult	NA	27	1.66	BRBd076	BRMic076	BRBac076	208000	4100	0.019711538	1204000	1008000	0.837209302	0.162790698	0.990004428	1376666.667	FALSE	0	73.98	0	0	N/A	-23.33646	-45.14643	17.05833244	10.1833334	56.26151276	251.918396	25.29999924	7.199999809	18.09999847	19.98333359	13.86666679	20.10000038	13.86666679	1778	278	42	60.12615585	800	160	767	160	363	250	68.87052342
BR77	Hylodes_phyllodes	Brazil	Santa_Virginia	Pirapitinga	day	Adult	NA	30	1.72	BRBd077	BRMic077	BRBac077	188000	1600	0.008510638	1172000	1080000	0.921501706	0.078498294	0.99000742	1246666.667	FALSE	0	88.722	0	0	N/A	-23.33646	-45.14643	17.05833244	10.1833334	56.26151276	251.918396	25.29999924	7.199999809	18.09999847	19.98333359	13.86666679	20.10000038	13.86666679	1778	278	42	60.12615585	800	160	767	160	196	125	63.7755102
BR78	Hylodes_phyllodes	Brazil	Santa_Virginia	Pirapitinga	day	Adult	NA	27	1.66	BRBd078	BRMic078	BRBac078	210000	2400	0.011428571	1252000	1172000	0.936102236	0.063897764	0.99001316	1380000	TRUE	14.88963699	48.096	0	0	N/A	-23.33646	-45.14643	17.05833244	10.1833334	56.26151276	251.918396	25.29999924	7.199999809	18.09999847	19.98333359	13.86666679	20.10000038	13.86666679	1778	278	42	60.12615585	800	160	767	160	414	252	60.86956522
BR79	Ischnocnema_henselii	Brazil	Santa_Virginia	Olho_de_agua	day	Adult	NA	38	5.4	BRBd079	BRMic079	BRBac079	205000	3200	0.015609756	1220000	1024000	0.839344262	0.160655738	0.990002407	1203333.333	FALSE	0	78.702	0	0	N/A	-23.33646	-45.14643	17.05833244	10.1833334	56.26151276	251.918396	25.29999924	7.199999809	18.09999847	19.98333359	13.86666679	20.10000038	13.86666679	1778	278	42	60.12615585	800	160	767	160	549	396	72.13114754
BR80	Ischnocnema_henselii	Brazil	Santa_Virginia	Alojamento	night	Adult	NA	28	1.59	BRBd080	BRMic080	BRBac080	207000	5500	0.026570048	1276000	1064000	0.833855799	0.166144201	0.990002935	1336666.667	FALSE	0	41.646	0	0	N/A	-23.33646	-45.14643	17.05833244	10.1833334	56.26151276	251.918396	25.29999924	7.199999809	18.09999847	19.98333359	13.86666679	20.10000038	13.86666679	1778	278	42	60.12615585	800	160	767	160	530	321	60.56603774
BREC	Negative Control	Brazil	N/A	N/A	N/A	N/A	N/A	N/A	N/A	N/A	N/A	N/A	N/A	N/A	N/A	N/A	N/A	N/A	N/A	N/A	N/A	N/A	N/A	N/A	N/A	N/A	18.5	8.5128	-81.12274	21.4750004	8.25	80.0970764	44.7975426	26.7000008	16.3999996	10.3000011	21.1499996	21.7166672	22.083334	21.0166664	3425	445	69	41.3896484	1178	348	561	998	74	57	77.02702703
Pan12	Colostethus panamansis	Panama	El Cope	Guabal	0	Adult	NA	0	0	0	0	0	163000	3000	0.018404908	1192000	940000	0.788590604	0.211409396	0.98998562	1341912	FALSE	0	NA	0	0	20.4	8.5128	-81.12274	21.4750004	8.25	80.0970764	44.7975426	26.7000008	16.3999996	10.3000011	21.1499996	21.7166672	22.083334	21.0166664	3425	445	69	41.3896484	1178	348	561	998	NA	NA	NA
Pan29	Lithobates warzsewitschii	Panama	Santa Fe	Altos de Piedra	0	Adult	NA	0	0	0	0	0	124000	1000	0.008064516	1128000	1044000	0.925531915	0.074468085	0.9900485	1293673.333	TRUE	2450.998375	147.096	0	0	20.4	8.5128	-81.12274	21.4750004	8.25	80.0970764	44.7975426	26.7000008	16.3999996	10.3000011	21.1499996	21.7166672	22.083334	21.0166664	3425	445	69	41.3896484	1178	348	561	998	NA	NA	NA
Pan21	Lithobates warzsewitschii	Panama	Santa Fe	Altos de Piedra	0	Adult	NA	0	0	0	0	0	190000	5200	0.027368421	1140000	1084000	0.950877193	0.049122807	0.990001786	1324370.667	TRUE	3680.665377	101.214	0	0	20.4	8.5128	-81.12274	21.4750004	8.25	80.0970764	44.7975426	26.7000008	16.3999996	10.3000011	21.1499996	21.7166672	22.083334	21.0166664	3425	445	69	41.3896484	1178	348	561	998	NA	NA	NA
Pan45	Lithobates warzsewitschii	Panama	Santa Fe	Altos de Piedra	0	Adult	NA	0	0	0	0	0	525000	1000	0.001904762	1260000	1140000	0.904761905	0.095238095	0.989996452	1372609.333	TRUE	6444.767939	286.392	0	0	20.4	8.5128	-81.12274	21.4750004	8.25	80.0970764	44.7975426	26.7000008	16.3999996	10.3000011	21.1499996	21.7166672	22.083334	21.0166664	3425	445	69	41.3896484	1178	348	561	998	NA	NA	NA
Pan5	Lithobates warzsewitschii	Panama	Santa Fe	Altos de Piedra	0	Adult	NA	0	0	0	0	0	124000	1000	0.008064516	1176000	1096000	0.931972789	0.068027211	0.990030411	1333141.333	TRUE	138.8769379	860.352	0	0	20.4	8.5128	-81.12274	21.4750004	8.25	80.0970764	44.7975426	26.7000008	16.3999996	10.3000011	21.1499996	21.7166672	22.083334	21.0166664	3425	445	69	41.3896484	1178	348	561	998	NA	NA	NA
Pan17	Lithobates warzsewitschii	Panama	Santa Fe	Altos de Piedra	0	Adult	NA	0	0	0	0	0	352000	1100	0.003125	1208000	1076000	0.890728477	0.109271523	0.990012208	1381380	TRUE	761.8165894	1278.42	0	0	20	8.5128	-81.12274	21.4750004	8.25	80.0970764	44.7975426	26.7000008	16.3999996	10.3000011	21.1499996	21.7166672	22.083334	21.0166664	3425	445	69	41.3896484	1178	348	561	998	NA	NA	NA
Pan41	Lithobates warzsewitschii	Panama	Santa Fe	Altos de Piedra	0	Adult	NA	0	0	0	0	0	113000	2500	0.022123894	1160000	1052000	0.906896552	0.093103448	0.990001143	1271746.667	TRUE	137.1129456	467.616	0	0	19.2	8.5128	-81.12274	21.4750004	8.25	80.0970764	44.7975426	26.7000008	16.3999996	10.3000011	21.1499996	21.7166672	22.083334	21.0166664	3425	445	69	41.3896484	1178	348	561	998	NA	NA	NA
Pan26	Lithobates warzsewitschii	Panama	Santa Fe	Altos de Piedra	0	Adult	NA	0	0	0	0	0	202000	2400	0.011881188	1220000	1208000	0.990163934	0.009836066	0.990001746	1359453.333	TRUE	1524.117432	307.656	0	0		8.5128	-81.12274	21.4750004	8.25	80.0970764	44.7975426	26.7000008	16.3999996	10.3000011	21.1499996	21.7166672	22.083334	21.0166664	3425	445	69	41.3896484	1178	348	561	998	NA	NA	NA
Pan4	Negative control	Panama	N/A	N/A	NA	NA	NA	NA	NA				N/A	N/A	N/A	N/A	N/A	N/A	N/A	N/A	N/A	FALSE	0	NA	N/A	N/A	20.1	8.5128	-81.12274	21.4750004	8.25	80.0970764	44.7975426	26.7000008	16.3999996	10.3000011	21.1499996	21.7166672	22.083334	21.0166664	3425	445	69	41.3896484	1178	348	561	998	NA	NA	NA
Pan14	Lithobates warzsewitschii	Panama	Santa Fe	Altos de Piedra	0	Adult	NA	0	0	0	0	0	123000	1000	0.008130081	1164000	1028000	0.883161512	0.116838488	0.990048382	1315600	TRUE	594.5473022	919.992	372.8518519	1220.987667	19	8.5128	-81.12274	21.4750004	8.25	80.0970764	44.7975426	26.7000008	16.3999996	10.3000011	21.1499996	21.7166672	22.083334	21.0166664	3425	445	69	41.3896484	1178	348	561	998	NA	NA	NA
Pan2	Lithobates warzsewitschii	Panama	Santa Fe	Altos de Piedra	0	Adult	NA	0	0	0	0	0	202000	3000	0.014851485	1192000	1140000	0.956375839	0.043624161	0.989998246	1337526.667	TRUE	181.5312958	111.624	0	0	21	8.61304	-80.59042	24.5041656	8.00833321	80.8922577	57.1464462	29.8999996	20	9.89999962	24.0333328	24.5333328	25.3666668	23.9500008	2293	401	16	67.6412506	981	69	394	804	NA	NA	NA
Pan10	Lithobates warzsewitschii	Panama	Santa Fe	Altos de Piedra	0	Adult	NA	0	0	0	0	0	550000	2300	0.004181818	1236000	1116000	0.902912621	0.097087379	0.990003794	1350682.667	TRUE	1410.510376	147.096	0	0	20.2	8.61304	-80.59042	24.5041656	8.00833321	80.8922577	57.1464462	29.8999996	20	9.89999962	24.0333328	24.5333328	25.3666668	23.9500008	2293	401	16	67.6412506	981	69	394	804	NA	NA	NA
Pan36	Lithobates warzsewitschii	Panama	Santa Fe	Altos de Piedra	0	Adult	NA	0	0	0	0	0	116000	3000	0.025862069	1284000	1208000	0.940809969	0.059190031	0.990011167	1324370.667	TRUE	102.100708	950.424	0	0	20	8.61304	-80.59042	24.5041656	8.00833321	80.8922577	57.1464462	29.8999996	20	9.89999962	24.0333328	24.5333328	25.3666668	23.9500008	2293	401	16	67.6412506	981	69	394	804	NA	NA	NA
Pan46	Colostethus panamansis	Panama	Campana	Rabbit	0	Adult	NA	0	0	0	0	0	330000	2000	0.006060606	1160000	1160000	1	0	0.990015563	1346297.333	TRUE	31465.60547	59.772	0	0	20.1	8.61304	-80.59042	24.5041656	8.00833321	80.8922577	57.1464462	29.8999996	20	9.89999962	24.0333328	24.5333328	25.3666668	23.9500008	2293	401	16	67.6412506	981	69	394	804	NA	NA	NA
Pan32	Colostethus panamansis	Panama	Campana	Rabbit	0	Adult	NA	0	0	0	0	0	122000	2000	0.016393443	1240000	1056000	0.851612903	0.148387097	0.990017651	1306829.333	FALSE	0	175.296	0	0	20.7	8.61304	-80.59042	24.5041656	8.00833321	80.8922577	57.1464462	29.8999996	20	9.89999962	24.0333328	24.5333328	25.3666668	23.9500008	2293	401	16	67.6412506	981	69	394	804	NA	NA	NA
Pan16	Colostethus panamansis	Panama	Campana	Rabbit	0	Adult	NA	0	0	0	0	0	212000	1400	0.006603774	1228000	1008000	0.820846906	0.179153094	0.989998563	1333141.333	FALSE	0	26.844	0	0	20	8.61304	-80.59042	24.5041656	8.00833321	80.8922577	57.1464462	29.8999996	20	9.89999962	24.0333328	24.5333328	25.3666668	23.9500008	2293	401	16	67.6412506	981	69	394	804	NA	NA	NA
Pan39	Colostethus panamansis	Panama	Campana	Rabbit	0	Adult	NA	0	0	0	0	0	194000	2000	0.010309278	1176000	1072000	0.911564626	0.088435374	0.99005064	1276132	TRUE	97.78146362	36.81	2711.111111	3535.802481	20.3	8.61304	-80.59042	24.5041656	8.00833321	80.8922577	57.1464462	29.8999996	20	9.89999962	24.0333328	24.5333328	25.3666668	23.9500008	2293	401	16	67.6412506	981	69	394	804	NA	NA	NA
Pan20	Colostethus panamansis	Panama	Campana	Rabbit	0	Adult	NA	0	0	0	0	0	425000	1000	0.002352941	1236000	1156000	0.935275081	0.064724919	0.990000209	1381380	TRUE	1183.729614	88.842	0	0	20.5	8.61304	-80.59042	24.5041656	8.00833321	80.8922577	57.1464462	29.8999996	20	9.89999962	24.0333328	24.5333328	25.3666668	23.9500008	2293	401	16	67.6412506	981	69	394	804	NA	NA	NA
Pan38	Colostethus panamansis	Panama	Campana	Rabbit	0	Adult	NA	0	0	0	0	0	124000	2000	0.016129032	1184000	1128000	0.952702703	0.047297297	0.990002625	1337526.667	TRUE	5331.243164	36.342	0	0	20.5	8.61304	-80.59042	24.5041656	8.00833321	80.8922577	57.1464462	29.8999996	20	9.89999962	24.0333328	24.5333328	25.3666668	23.9500008	2293	401	16	67.6412506	981	69	394	804	NA	NA	NA
Pan44	Colostethus panamansis	Panama	Campana	Rabbit	0	Adult	NA	0	0	0	0	0	173000	1000	0.005780347	1160000	980000	0.844827586	0.155172414	0.990057269	1315600	FALSE	0	20.844	3897.518519	4709.876556	19.6	8.61304	-80.59042	24.5041656	8.00833321	80.8922577	57.1464462	29.8999996	20	9.89999962	24.0333328	24.5333328	25.3666668	23.9500008	2293	401	16	67.6412506	981	69	394	804	NA	NA	NA
Pan47	Colostethus panamansis	Panama	Campana	Rabbit	0	Adult	NA	0	0	0	0	0	318000	1000	0.003144654	1216000	1168000	0.960526316	0.039473684	0.990018856	1355068	TRUE	77626.09375	64.212	0	0	19.6	8.61304	-80.59042	24.5041656	8.00833321	80.8922577	57.1464462	29.8999996	20	9.89999962	24.0333328	24.5333328	25.3666668	23.9500008	2293	401	16	67.6412506	981	69	394	804	NA	NA	NA
Pan35	Colostethus panamansis	Panama	Campana	Rabbit	0	Adult	NA	0	0	0	0	0	220000	1000	0.004545455	1200000	1112000	0.926666667	0.073333333	0.990015474	1350682.667	TRUE	3514.769775	24.384	0	0	20	8.61304	-80.59042	24.5041656	8.00833321	80.8922577	57.1464462	29.8999996	20	9.89999962	24.0333328	24.5333328	25.3666668	23.9500008	2293	401	16	67.6412506	981	69	394	804	NA	NA	NA
Pan8	Colostethus panamansis	Panama	Campana	Rabbit	0	Adult	NA	0	0	0	0	0	252000	1000	0.003968254	1232000	1124000	0.912337662	0.087662338	0.989987919	1355068	TRUE	2862.190674	27.588	3846.925926	4665.432111	20.5	8.61304	-80.59042	24.5041656	8.00833321	80.8922577	57.1464462	29.8999996	20	9.89999962	24.0333328	24.5333328	25.3666668	23.9500008	2293	401	16	67.6412506	981	69	394	804	NA	NA	NA
Pan22	Colostethus panamansis	Panama	Campana	Rabbit	0	Adult	NA	0	0	0	0	0	125000	1200	0.0096	1172000	1088000	0.928327645	0.071672355	0.99001035	1276132	TRUE	555.1235352	127.092	0	0	20.1	8.61304	-80.59042	24.5041656	8.00833321	80.8922577	57.1464462	29.8999996	20	9.89999962	24.0333328	24.5333328	25.3666668	23.9500008	2293	401	16	67.6412506	981	69	394	804	NA	NA	NA
Pan43	Colostethus panamansis	Panama	Campana	Rabbit	0	Adult	NA	0	0	0	0	0	320000	4000	0.0125	1224000	1148000	0.937908497	0.062091503	0.990062981	1350682.667	TRUE	17666.02734	55.602	6211.111111	7000	19.1	8.65217	-80.59049	23.8875008	7.6583333	81.4716339	54.3191261	28.8999996	19.5	9.39999962	23.4833336	24.3166656	24.7000008	23.3833332	2496	446	25	60.0795937	1027	162	344	593	NA	NA	NA
Pan15	Colostethus panamansis	Panama	Campana	Rabbit	0	Adult	NA	0	0	0	0	0	444000	4000	0.009009009	1260000	992000	0.787301587	0.212698413	0.989967851	1420848	FALSE	0	NA	0	443.2098889	24	8.65217	-80.59049	23.8875008	7.6583333	81.4716339	54.3191261	28.8999996	19.5	9.39999962	23.4833336	24.3166656	24.7000008	23.3833332	2496	446	25	60.0795937	1027	162	344	593	NA	NA	NA
Pan31	Colostethus panamansis	Panama	Campana	Rabbit	0	Adult	NA	0	0	0	0	0	194000	2000	0.010309278	1196000	1004000	0.839464883	0.160535117	0.990011373	1311214.667	FALSE	0	1498.62	0	0	19.4	8.68678	-79.92707	22.9041672	7.4083333	81.4102707	53.8287926	27.7999992	18.7000008	9.09999847	22.5333328	23.0499992	23.7166672	22.416666	2589	435	22	66.59021	1064	84	448	924	NA	NA	NA
Pan28	Colostethus panamansis	Panama	Campana	Rabbit	0	Adult	NA	0	0	0	0	0	559000	1000	0.001788909	1232000	1120000	0.909090909	0.090909091	0.990006968	1359453.333	TRUE	751.9414673	16.26	0	0	22.5	8.68678	-79.92707	22.9041672	7.4083333	81.4102707	53.8287926	27.7999992	18.7000008	9.09999847	22.5333328	23.0499992	23.7166672	22.416666	2589	435	22	66.59021	1064	84	448	924	NA	NA	NA
Pan23	Colostethus panamansis	Panama	El Cope	Guabal	0	Adult	NA	0	0	0	0	0	223000	1400	0.006278027	1140000	1000000	0.877192982	0.122807018	0.990014719	1346297.333	FALSE	0	NA	0	0	22.2	8.61304	-80.59042	24.5041656	8.00833321	80.8922577	57.1464462	29.8999996	20	9.89999962	24.0333328	24.5333328	25.3666668	23.9500008	2293	401	16	67.6412506	981	69	394	804	NA	NA	NA
Pan7	Colostethus panamansis	Panama	El Cope	Guabal	0	Adult	NA	0	0	0	0	0	299000	7000	0.023411371	1260000	1100000	0.873015873	0.126984127	0.990054399	1355068	TRUE	582.5077515	28.152	0	0	21.6	8.61304	-80.59042	24.5041656	8.00833321	80.8922577	57.1464462	29.8999996	20	9.89999962	24.0333328	24.5333328	25.3666668	23.9500008	2293	401	16	67.6412506	981	69	394	804	NA	NA	NA
Pan24	Colostethus panamansis	Panama	El Cope	Guabal	0	Adult	NA	0	0	0	0	0	123000	2000	0.016260163	1156000	1132000	0.979238754	0.020761246	0.990011727	1298058.667	TRUE	8944.868164	73.188	0	0	21.5	8.61304	-80.59042	24.5041656	8.00833321	80.8922577	57.1464462	29.8999996	20	9.89999962	24.0333328	24.5333328	25.3666668	23.9500008	2293	401	16	67.6412506	981	69	394	804	NA	NA	NA
Pan33	Lithobates warzsewitschii	Panama	El Valle	Campestre	0	Adult	NA	0	0	0	0	0	160000	1000	0.00625	1192000	1016000	0.852348993	0.147651007	0.990015218	1324370.667	FALSE	0	NA	0	0	22.2	8.61304	-80.59042	24.5041656	8.00833321	80.8922577	57.1464462	29.8999996	20	9.89999962	24.0333328	24.5333328	25.3666668	23.9500008	2293	401	16	67.6412506	981	69	394	804	NA	NA	NA
Pan9	Lithobates warzsewitschii	Panama	El Valle	Campestre	0	Adult	NA	0	0	0	0	0	122000	4000	0.032786885	1120000	1048000	0.935714286	0.064285714	0.990010469	1289288	TRUE	4038.981201	270.528	0	0	22.4	8.61304	-80.59042	24.5041656	8.00833321	80.8922577	57.1464462	29.8999996	20	9.89999962	24.0333328	24.5333328	25.3666668	23.9500008	2293	401	16	67.6412506	981	69	394	804	NA	NA	NA
Pan25	Lithobates warzsewitschii	Panama	El Valle	Campestre	0	Adult	NA	0	0	0	0	0	110000	1000	0.009090909	1160000	1092000	0.94137931	0.05862069	0.989995364	1306829.333	TRUE	67.39846039	493.92	3045.666667	3871.604926	19.2	8.61304	-80.59042	24.5041656	8.00833321	80.8922577	57.1464462	29.8999996	20	9.89999962	24.0333328	24.5333328	25.3666668	23.9500008	2293	401	16	67.6412506	981	69	394	804	NA	NA	NA
Pan1	Lithobates warzsewitschii	Panama	El Valle	Campestre	0	Adult	NA	0	0	0	0	0	129000	1000	0.007751938	1192000	944000	0.791946309	0.208053691	0.99001461	1337526.667	FALSE	0	806.52	0	0	19.9	8.61304	-80.59042	24.5041656	8.00833321	80.8922577	57.1464462	29.8999996	20	9.89999962	24.0333328	24.5333328	25.3666668	23.9500008	2293	401	16	67.6412506	981	69	394	804	NA	NA	NA
Pan11	Lithobates warzsewitschii	Panama	El Valle	Campestre	0	Adult	NA	0	0	0	0	0	140000	1000	0.007142857	1240000	1152000	0.929032258	0.070967742	0.990007979	1346297.333	TRUE	8.136879921	1221.396	0	0	19.7	8.61304	-80.59042	24.5041656	8.00833321	80.8922577	57.1464462	29.8999996	20	9.89999962	24.0333328	24.5333328	25.3666668	23.9500008	2293	401	16	67.6412506	981	69	394	804	777	561	72.2007722
Pan42	Lithobates warzsewitschii	Panama	El Valle	Campestre	0	Adult	NA	0	0	0	0	0	230000	6000	0.026086957	1152000	1032000	0.895833333	0.104166667	0.990004871	1311214.667	TRUE	563.4546509	21.222	0	0	23.2	8.61304	-80.59042	24.5041656	8.00833321	80.8922577	57.1464462	29.8999996	20	9.89999962	24.0333328	24.5333328	25.3666668	23.9500008	2293	401	16	67.6412506	981	69	394	804	796	507	63.69346734
Pan34	Lithobates warzsewitschii	Panama	El Valle	Campestre	0	Adult	NA	0	0	0	0	0	320000	1000	0.003125	1244000	1136000	0.91318328	0.08681672	0.990021008	1359453.333	TRUE	7.822592735	31.614	0	0	20.7	8.61304	-80.59042	24.5041656	8.00833321	80.8922577	57.1464462	29.8999996	20	9.89999962	24.0333328	24.5333328	25.3666668	23.9500008	2293	401	16	67.6412506	981	69	394	804	494	390	78.94736842
Pan19	Lithobates warzsewitschii	Panama	El Valle	Campestre	0	Adult	NA	0	0	0	0	0	119000	1000	0.008403361	1196000	1004000	0.839464883	0.160535117	0.990015264	1328756	FALSE	0	65.91	0	0	19.4	8.61304	-80.59042	24.5041656	8.00833321	80.8922577	57.1464462	29.8999996	20	9.89999962	24.0333328	24.5333328	25.3666668	23.9500008	2293	401	16	67.6412506	981	69	394	804	524	360	68.70229008
Pan13	Lithobates warzsewitschii	Panama	El Valle	Campestre	0	Adult	NA	0	0	0	0	0	363000	1000	0.002754821	1276000	1248000	0.978056426	0.021943574	0.99006015	1407692	TRUE	4.674055099	333.744	3501.222222	4317.283963	21.8	8.61304	-80.59042	24.5041656	8.00833321	80.8922577	57.1464462	29.8999996	20	9.89999962	24.0333328	24.5333328	25.3666668	23.9500008	2293	401	16	67.6412506	981	69	394	804	481	361	75.05197505
Pan3	Lithobates warzsewitschii	Panama	El Valle	Campestre	0	Adult	NA	0	0	0	0	0	145000	1000	0.006896552	1228000	1024000	0.833876221	0.166123779	0.990007538	1350682.667	FALSE	0	82.548	0	0	20.8	8.61304	-80.59042	24.5041656	8.00833321	80.8922577	57.1464462	29.8999996	20	9.89999962	24.0333328	24.5333328	25.3666668	23.9500008	2293	401	16	67.6412506	981	69	394	804	735	494	67.21088435
Pan30	Lithobates warzsewitschii	Panama	El Valle	Campestre	0	Adult	NA	0	0	0	0	0	420000	1000	0.002380952	1296000	1196000	0.922839506	0.077160494	0.990010449	1407692	TRUE	43.68417358	149.736	0	0	19.9	8.61304	-80.59042	24.5041656	8.00833321	80.8922577	57.1464462	29.8999996	20	9.89999962	24.0333328	24.5333328	25.3666668	23.9500008	2293	401	16	67.6412506	981	69	394	804	477	344	72.11740042
Pan48	Lithobates warzsewitschii	Panama	El Valle	Campestre	0	Adult	NA	0	0	0	0	0	108000	5000	0.046296296	1208000	1172000	0.970198675	0.029801325	0.990008619	1324370.667	TRUE	8.582420349	66.924	0	0	19.7	8.65217	-80.59049	23.8875008	7.6583333	81.4716339	54.3191261	28.8999996	19.5	9.39999962	23.4833336	24.3166656	24.7000008	23.3833332	2496	446	25	60.0795937	1027	162	344	593	549	385	70.12750455
Pan18	Lithobates warzsewitschii	Panama	El Valle	Campestre	0	Adult	NA	0	0	0	0	0	113000	1000	0.008849558	1236000	1152000	0.932038835	0.067961165	0.989998772	1333141.333	TRUE	23.1230526	1333.008	0	0	20.8	8.65217	-80.59049	23.8875008	7.6583333	81.4716339	54.3191261	28.8999996	19.5	9.39999962	23.4833336	24.3166656	24.7000008	23.3833332	2496	446	25	60.0795937	1027	162	344	593	141	102	72.34042553
Pan37	Lithobates warzsewitschii	Panama	El Valle	Campestre	0	Adult	NA	0	0	0	0	0	111000	700	0.006306306	1200000	1096000	0.913333333	0.086666667	1.005746538	1337738.333	TRUE	529.147583	258.078	0	0	19.2	8.68678	-79.92707	22.9041672	7.4083333	81.4102707	53.8287926	27.7999992	18.7000008	9.09999847	22.5333328	23.0499992	23.7166672	22.416666	2589	435	22	66.59021	1064	84	448	924	603	428	70.97844113
Pan6	Negative control	Panama	N/A	N/A	NA	NA	NA	NA	NA				N/A	N/A	N/A	N/A	N/A	N/A	N/A	N/A	N/A	FALSE	NA	NA	N/A	N/A	N/A	N/A	N/A	N/A	N/A	N/A	N/A	N/A	N/A	N/A	N/A	N/A	N/A	N/A	N/A	N/A	N/A	N/A	N/A	N/A	N/A	N/A	542	369	68.08118081
Pan27	Negative Control	Panama	N/A	N/A	N/A	N/A	N/A	N/A	N/A	N/A	N/A	N/A	N/A	N/A	N/A	N/A	N/A	N/A	N/A	N/A	N/A	N/A	N/A	N/A	N/A	N/A	N/A	N/A	N/A	N/A	N/A	N/A	N/A	N/A	N/A	N/A	N/A	N/A	N/A	N/A	N/A	N/A	N/A	N/A	N/A	N/A	N/A	N/A	557	378	67.86355476
Pan40	Negative Control	Panama	N/A	N/A	N/A	N/A	N/A	N/A	N/A	N/A	N/A	N/A	N/A	N/A	N/A	N/A	N/A	N/A	N/A	N/A	N/A	N/A	N/A	N/A	N/A	N/A	N/A	N/A	N/A	N/A	N/A	N/A	N/A	N/A	N/A	N/A	N/A	N/A	N/A	N/A	N/A	N/A	N/A	N/A	N/A	N/A	N/A	N/A	NA	NA	NA
PA24	Pseudacris crucifer	Pennsylvania	Admin pond	N/A	N/A	Adult	Male	25.8	0.7	2022-05-18-admin-pscr19	N/A	2022-05-18-admin-pscr19	95000	31500	0.331578947	1320000	1244000	0.942424242	0.057575758	0.990012346	1226666.667	TRUE	2610.356445	NA	0	0	18.2	41.64305	-80.4301	8.75	10.80000019	29.67033005	943.3282471	27.20000076	-9.199999809	36.40000153	20.01666641	-2.349999905	20.01666641	-3.133333206	1056	109	55	19.73647499	315	189	315	199	463	320	69.11447084
PA258	Pseudacris crucifer	Pennsylvania	Admin pond	N/A	0.922222222	Adult	Male	29	1.3	2022-05-18-admin-pscr20	N/A	2022-05-18-admin-pscr20	147000	42000	0.285714286	1288000	1144000	0.888198758	0.111801242	0.990003895	1243333.333	TRUE	29430.42725	NA	0	0	17.8	41.64305	-80.4301	8.75	10.80000019	29.67033005	943.3282471	27.20000076	-9.199999809	36.40000153	20.01666641	-2.349999905	20.01666641	-3.133333206	1056	109	55	19.73647499	315	189	315	199	446	351	78.69955157
PA28	Pseudacris crucifer	Pennsylvania	Admin pond	N/A	N/A	Adult	Male	25.8	1	2022-05-19-admin-pscr4	N/A	2022-05-19-admin-pscr4	242000	31500	0.130165289	1364000	1072000	0.785923754	0.214076246	0.990007579	1430000	TRUE	118222.3633	NA	0	0	18.2	41.64305	-80.4301	8.75	10.80000019	29.67033005	943.3282471	27.20000076	-9.199999809	36.40000153	20.01666641	-2.349999905	20.01666641	-3.133333206	1056	109	55	19.73647499	315	189	315	199	629	461	73.290938
PA12	Rana catesbeiana	Pennsylvania	Vorisek Pond	N/A	NA	Juvenile	Unknown	60.2	17.5	BdSwab00131	DrySwab00012	BacSwab00130	111000	18000	0.162162162	1200000	972000	0.81	0.19	0.99000765	1190000	FALSE	0	NA	0	0	22.5	41.69171	-80.50082	8.524999619	10.9333334	30.20257759	935.7143555	26.89999962	-9.300000191	36.20000076	19.66666603	-2.483333349	19.66666603	-3.333333254	1062	109	55	19.7213974	315	189	315	200	774	561	72.48062016
PA14	Rana catesbeiana	Pennsylvania	Vorisek Pond	N/A	NA	Adult	Female	80	54	BdSwab00132	DrySwab00013	BacSwab00131	282000	5000	0.017730496	1288000	956000	0.742236025	0.257763975	0.99001066	1310000	FALSE	0	NA	0	0	19.7	41.69171	-80.50082	8.524999619	10.9333334	30.20257759	935.7143555	26.89999962	-9.300000191	36.20000076	19.66666603	-2.483333349	19.66666603	-3.333333254	1062	109	55	19.7213974	315	189	315	200	942	646	68.57749469
PA15	Rana catesbeiana	Pennsylvania	Vorisek Pond	N/A	NA	Adult	Female	96.4	103.5	BdSwab00134	DrySwab00015	BacSwab00133	110000	10000	0.090909091	1180000	1100000	0.93220339	0.06779661	0.990022276	1283333.333	TRUE	320.0453568	NA	0	0	19.5	41.69171	-80.50082	8.524999619	10.9333334	30.20257759	935.7143555	26.89999962	-9.300000191	36.20000076	19.66666603	-2.483333349	19.66666603	-3.333333254	1062	109	55	19.7213974	315	189	315	200	393	309	78.6259542
PA16	Negative Control	Pennsylvania	Vorisek Pond	N/A	NA	NA	NA	NA	NA	BdSwab00135	DrySwab00016	BacSwab00134	N/A	N/A	N/A	N/A	N/A	N/A	N/A	N/A	N/A	N/A	N/A	N/A	N/A	N/A	23.4	41.69171	-80.50082	8.524999619	10.9333334	30.20257759	935.7143555	26.89999962	-9.300000191	36.20000076	19.66666603	-2.483333349	19.66666603	-3.333333254	1062	109	55	19.7213974	315	189	315	200	718	450	62.67409471
PA17	Rana catesbeiana	Pennsylvania	Vorisek Pond	N/A	NA	Adult	Female	84.3	60.9	BdSwab00136	DrySwab00017	BacSwab00135	150000	10000	0.066666667	1224000	1156000	0.944444444	0.055555556	0.990054319	1373333.333	TRUE	933.5144806	NA	5717.283963	4914.814815	20	41.69171	-80.50082	8.524999619	10.9333334	30.20257759	935.7143555	26.89999962	-9.300000191	36.20000076	19.66666603	-2.483333349	19.66666603	-3.333333254	1062	109	55	19.7213974	315	189	315	200	391	253	64.70588235
PA18	Rana catesbeiana	Pennsylvania	Vorisek Pond	N/A	NA	Juvenile	Unknown	49.1	14.3	BdSwab00137	DrySwab00018	BacSwab00136	170000	5000	0.029411765	1172000	1080000	0.921501706	0.078498294	0.990009683	1143000	TRUE	81.05724335	1070.19	6077.777778	5275.30863		41.69171	-80.50082	8.524999619	10.9333334	30.20257759	935.7143555	26.89999962	-9.300000191	36.20000076	19.66666603	-2.483333349	19.66666603	-3.333333254	1062	109	55	19.7213974	315	189	315	200	537	369	68.7150838
PA19	Rana catesbeiana	Pennsylvania	Vorisek Pond	N/A	NA	Adult	Male	106.7	116.3	BdSwab00138	DrySwab00019	BacSwab00137	108000	8000	0.074074074	1296000	1180000	0.910493827	0.089506173	0.990030627	1236666.667	TRUE	3204.071045	11577.61	7380.246926	6592.592593	22.9	41.69171	-80.50082	8.524999619	10.9333334	30.20257759	935.7143555	26.89999962	-9.300000191	36.20000076	19.66666603	-2.483333349	19.66666603	-3.333333254	1062	109	55	19.7213974	315	189	315	200	401	320	79.80049875
PA21	Rana catesbeiana	Pennsylvania	Vorisek Pond	N/A	NA	Adult	Female	82.6	59.7	BdSwab00140	DrySwab00021	BacSwab00139	227000	20000	0.088105727	1304000	1152000	0.883435583	0.116564417	0.990006434	1296666.667	TRUE	6900.756836	1960.97	111.1111111	0	25.5	41.69171	-80.50082	8.524999619	10.9333334	30.20257759	935.7143555	26.89999962	-9.300000191	36.20000076	19.66666603	-2.483333349	19.66666603	-3.333333254	1062	109	55	19.7213974	315	189	315	200	NA	NA	NA
PA22	Rana catesbeiana	Pennsylvania	Vorisek Pond	N/A	NA	Adult	Male	108.1	129.4	BdSwab00141	DrySwab00022	BacSwab00140	148000	21000	0.141891892	1228000	1092000	0.889250814	0.110749186	0.990019385	1290000	TRUE	214.1292572	6606.05	9306.172852	8537.037037		41.69171	-80.50082	8.524999619	10.9333334	30.20257759	935.7143555	26.89999962	-9.300000191	36.20000076	19.66666603	-2.483333349	19.66666603	-3.333333254	1062	109	55	19.7213974	315	189	315	200	214	167	78.03738318
PA23	Rana catesbeiana	Pennsylvania	Vorisek Pond	N/A	NA	Juvenile	Unknown	55.6	16.6	BdSwab00142	DrySwab00023	BacSwab00141	163000	10500	0.064417178	1296000	1244000	0.959876543	0.040123457	0.990009118	1336666.667	TRUE	6557.399292	NA	0	0	23.4	41.69171	-80.50082	8.524999619	10.9333334	30.20257759	935.7143555	26.89999962	-9.300000191	36.20000076	19.66666603	-2.483333349	19.66666603	-3.333333254	1062	109	55	19.7213974	315	189	315	200	713	558	78.26086957
PA242	Rana catesbeiana	Pennsylvania	Vorisek Pond	N/A	NA	Juvenile	Unknown	49.5	15.2	BdSwab00143	DrySwab00024	BacSwab00142	116000	10500	0.090517241	1312000	1156000	0.881097561	0.118902439	0.990009288	1366666.667	FALSE	0	NA	0	0	20.9	41.69171	-80.50082	8.524999619	10.9333334	30.20257759	935.7143555	26.89999962	-9.300000191	36.20000076	19.66666603	-2.483333349	19.66666603	-3.333333254	1062	109	55	19.7213974	315	189	315	200	719	532	73.99165508
PA25	Rana catesbeiana	Pennsylvania	Vorisek Pond	N/A	NA	Juvenile	Unknown	53	16.3	BdSwab00144	DrySwab00025	BacSwab00143	116000	21000	0.181034483	1280000	1156000	0.903125	0.096875	0.990011076	1286666.667	TRUE	1220.997238	NA	0	0	21.7	41.69171	-80.50082	8.524999619	10.9333334	30.20257759	935.7143555	26.89999962	-9.300000191	36.20000076	19.66666603	-2.483333349	19.66666603	-3.333333254	1062	109	55	19.7213974	315	189	315	200	172	109	63.37209302
PA26	Rana catesbeiana	Pennsylvania	Vorisek Pond	N/A	NA	Juvenile	Unknown	53.6	17.8	BdSwab00145	DrySwab00026	BacSwab00144	410000	52500	0.12804878	1232000	1092000	0.886363636	0.113636364	0.990007803	1303333.333	NA	NA	NA	0	0		41.69171	-80.50082	8.524999619	10.9333334	30.20257759	935.7143555	26.89999962	-9.300000191	36.20000076	19.66666603	-2.483333349	19.66666603	-3.333333254	1062	109	55	19.7213974	315	189	315	200	715	520	72.72727273
PA36	Rana catesbeiana	Pennsylvania	Vorisek Pond	N/A	NA	Juvenile	Unknown	59.7	14	BdSwab00147	DrySwab00036	BacSwab00146	142000	52500	0.36971831	1356000	1228000	0.90560472	0.09439528	0.990004928	1286666.667	TRUE	543.009758	NA	0	0	19.3	41.69171	-80.50082	8.524999619	10.9333334	30.20257759	935.7143555	26.89999962	-9.300000191	36.20000076	19.66666603	-2.483333349	19.66666603	-3.333333254	1062	109	55	19.7213974	315	189	315	200	621	438	70.53140097
PA37	Rana catesbeiana	Pennsylvania	Vorisek Pond	N/A	NA	Juvenile	Unknown	50.9	14.2	BdSwab00148	DrySwab00037	BacSwab00147	147000	42000	0.285714286	1224000	1084000	0.885620915	0.114379085	0.990009628	1236666.667	TRUE	608.9140701	NA	0	0	17.6	41.59313	-80.35629	8.558333397	11.25	30.99173546	928.5028076	27	-9.300000191	36.29999924	19.63333321	-2.316666842	19.63333321	-3.233333349	1078	113	57	19.97618866	325	194	325	202	35	28	80
PA38	Rana catesbeiana	Pennsylvania	Vorisek Pond	N/A	NA	Juvenile	Unknown	53	16.9	BdSwab00149	DrySwab00038	BacSwab00148	158000	10500	0.066455696	1364000	1284000	0.941348974	0.058651026	0.990008153	1356666.667	TRUE	3483.630066	NA	0	0	18.9	41.59313	-80.35629	8.558333397	11.25	30.99173546	928.5028076	27	-9.300000191	36.29999924	19.63333321	-2.316666842	19.63333321	-3.233333349	1078	113	57	19.97618866	325	194	325	202	NA	NA	NA
PA39	Rana catesbeiana	Pennsylvania	Vorisek Pond	N/A	NA	Adult	Female	97.4	70.4	BdSwab00150	DrySwab00039	BacSwab00149	179000	5300	0.029608939	1364000	1068000	0.782991202	0.217008798	0.990004089	1290000	FALSE	0	NA	0	0	18.7	41.59313	-80.35629	8.558333397	11.25	30.99173546	928.5028076	27	-9.300000191	36.29999924	19.63333321	-2.316666842	19.63333321	-3.233333349	1078	113	57	19.97618866	325	194	325	202	NA	NA	NA
PA40	Rana catesbeiana	Pennsylvania	RV Pond	N/A	NA	Adult	Female	84.7	62.2	BdSwab00151	DrySwab00040	BacSwab00150	449000	8400	0.018708241	1356000	1128000	0.831858407	0.168141593	0.990002044	1410000	NA	NA	NA	0	0	22.7	41.59313	-80.35629	8.558333397	11.25	30.99173546	928.5028076	27	-9.300000191	36.29999924	19.63333321	-2.316666842	19.63333321	-3.233333349	1078	113	57	19.97618866	325	194	325	202	122	95	77.86885246
PA41	Rana catesbeiana	Pennsylvania	RV Pond	N/A	NA	Juvenile	Unknown	43	9.7	BdSwab00152	DrySwab00041	BacSwab00151	105000	8400	0.08	1224000	1144000	0.934640523	0.065359477	0.99000247	1200000	TRUE	2834.627686	NA	0	0	20.8	41.59313	-80.35629	8.558333397	11.25	30.99173546	928.5028076	27	-9.300000191	36.29999924	19.63333321	-2.316666842	19.63333321	-3.233333349	1078	113	57	19.97618866	325	194	325	202	333	224	67.26726727
PA42	Rana catesbeiana	Pennsylvania	RV Pond	N/A	NA	Adult	Female	111.8	177.3	BdSwab00153	DrySwab00042	BacSwab00152	231000	11600	0.05021645	1248000	1136000	0.91025641	0.08974359	0.990008638	1353333.333	NA	NA	NA	0	0	19	41.59313	-80.35629	8.558333397	11.25	30.99173546	928.5028076	27	-9.300000191	36.29999924	19.63333321	-2.316666842	19.63333321	-3.233333349	1078	113	57	19.97618866	325	194	325	202	119	89	74.78991597
PA43	Rana catesbeiana	Pennsylvania	RV Pond	N/A	NA	Adult	Female	98.5	123.4	BdSwab00154	DrySwab00043	BacSwab00153	116000	12600	0.10862069	1236000	956000	0.773462783	0.226537217	0.990008901	1246666.667	TRUE	9277.033691	NA	0	0	20.6	41.59313	-80.35629	8.558333397	11.25	30.99173546	928.5028076	27	-9.300000191	36.29999924	19.63333321	-2.316666842	19.63333321	-3.233333349	1078	113	57	19.97618866	325	194	325	202	NA	NA	NA
PA44	Rana catesbeiana	Pennsylvania	RV Pond	N/A	NA	Adult	Female	76.7	47.5	BdSwab00155	DrySwab00044	BacSwab00154	416000	10400	0.025	1644000	1556000	0.946472019	0.053527981	0.990008826	1640000	TRUE	11787.21191	NA	0	0	19.6	41.63888	-80.49512	8.8125	10.74166679	29.51007271	941.782959	27.20000076	-9.199999809	36.40000153	20.03333282	-2.283333302	20.03333282	-3.066666603	1045	108	54	19.86804199	311	186	311	196	596	452	75.83892617
PA45	Rana catesbeiana	Pennsylvania	RV Pond	N/A	NA	Adult	Female	78.9	55.1	BdSwab00156	DrySwab00045	BacSwab00155	473000	14700	0.031078224	1304000	1152000	0.883435583	0.116564417	0.990004237	1250000	TRUE	247.6784134	NA	0	0	16.6	41.63888	-80.49512	8.8125	10.74166679	29.51007271	941.782959	27.20000076	-9.199999809	36.40000153	20.03333282	-2.283333302	20.03333282	-3.066666603	1045	108	54	19.86804199	311	186	311	196	650	500	76.92307692
PA46	Rana catesbeiana	Pennsylvania	RV Pond	N/A	NA	Adult	Female	106.8	157.8	BdSwab00157	DrySwab00046	BacSwab00156	231000	31500	0.136363636	1336000	1212000	0.907185629	0.092814371	0.990005585	1413333.333	TRUE	648.7930298	NA	0	0		41.63888	-80.49512	8.8125	10.74166679	29.51007271	941.782959	27.20000076	-9.199999809	36.40000153	20.03333282	-2.283333302	20.03333282	-3.066666603	1045	108	54	19.86804199	311	186	311	196	300	235	78.33333333
PA47	Rana catesbeiana	Pennsylvania	RV Pond	N/A	NA	Adult	Female	69.7	42.2	BdSwab00158	DrySwab00047	BacSwab00157	200000	52500	0.2625	1368000	1112000	0.812865497	0.187134503	0.990009696	1360000	FALSE	0	NA	0	0	20	41.63888	-80.49512	8.8125	10.74166679	29.51007271	941.782959	27.20000076	-9.199999809	36.40000153	20.03333282	-2.283333302	20.03333282	-3.066666603	1045	108	54	19.86804199	311	186	311	196	677	477	70.45790251
PA48	Rana catesbeiana	Pennsylvania	RV Pond	N/A	NA	Adult	Female	108.7	138.5	BdSwab00159	DrySwab00048	BacSwab00158	147000	21000	0.142857143	1324000	1156000	0.873111782	0.126888218	0.990007659	1196666.667	TRUE	1356.881256	7512.45	0	0	13.7	41.63888	-80.49512	8.8125	10.74166679	29.51007271	941.782959	27.20000076	-9.199999809	36.40000153	20.03333282	-2.283333302	20.03333282	-3.066666603	1045	108	54	19.86804199	311	186	311	196	435	310	71.26436782
PA49	Rana catesbeiana	Pennsylvania	RV Pond	N/A	NA	Juvenile	Unknown	46.8	9	BdSwab00160	DrySwab00049	BacSwab00159	126000	31500	0.25	1316000	1060000	0.805471125	0.194528875	0.990010736	1186666.667	FALSE	0	799.535	0	0	16	41.63888	-80.49512	8.8125	10.74166679	29.51007271	941.782959	27.20000076	-9.199999809	36.40000153	20.03333282	-2.283333302	20.03333282	-3.066666603	1045	108	54	19.86804199	311	186	311	196	200	143	71.5
PA50	Rana catesbeiana	Pennsylvania	RV Pond	N/A	NA	Adult	Female	111.2	151.2	BdSwab00161	DrySwab00050	BacSwab00160	375000	21000	0.056	1372000	1212000	0.883381924	0.116618076	0.99000442	1403333.333	FALSE	0	9645.24	0	0	17.5	41.63888	-80.49512	8.8125	10.74166679	29.51007271	941.782959	27.20000076	-9.199999809	36.40000153	20.03333282	-2.283333302	20.03333282	-3.066666603	1045	108	54	19.86804199	311	186	311	196	619	406	65.58966074
PA51	Rana catesbeiana	Pennsylvania	RV Pond	N/A	NA	Adult	Female	69	36.2	BdSwab00162	DrySwab00051	BacSwab00161	311000	10500	0.033762058	1436000	1104000	0.768802228	0.231197772	0.989999868	1470000	FALSE	0	1951.29	0	0	18.2	41.69171	-80.50082	8.524999619	10.9333334	30.20257759	935.7143555	26.89999962	-9.300000191	36.20000076	19.66666603	-2.483333349	19.66666603	-3.333333254	1062	109	55	19.7213974	315	189	315	200	295	215	72.88135593
PA52	Rana catesbeiana	Pennsylvania	RV Pond	N/A	NA	Adult	Female	100.8	118.1	BdSwab00163	DrySwab00052	BacSwab00162	133000	17700	0.133082707	1400000	1372000	0.98	0.02	0.990003759	1406666.667	TRUE	2246.451111	5711.64	0	0	22.9	41.69171	-80.50082	8.524999619	10.9333334	30.20257759	935.7143555	26.89999962	-9.300000191	36.20000076	19.66666603	-2.483333349	19.66666603	-3.333333254	1062	109	55	19.7213974	315	189	315	200	766	541	70.62663185
PA55	Rana catesbeiana	Pennsylvania	RV Pond	N/A	NA	Adult	Female	81.2	55.6	BdSwab00164	DrySwab00053	BacSwab00163	116000	18800	0.162068966	1420000	1240000	0.873239437	0.126760563	0.990007972	1463333.333	FALSE	0	NA	0	0	22.1	41.69171	-80.50082	8.524999619	10.9333334	30.20257759	935.7143555	26.89999962	-9.300000191	36.20000076	19.66666603	-2.483333349	19.66666603	-3.333333254	1062	109	55	19.7213974	315	189	315	200	NA	NA	NA
PA62	Rana catesbeiana	Pennsylvania	RV Pond	N/A	NA	Adult	Female	129	287	BdSwab00165	DrySwab00062	BacSwab00164	123000	19900	0.161788618	1356000	1100000	0.81120944	0.18879056	0.990006256	1366666.667	FALSE	0	NA	0	0		41.69171	-80.50082	8.524999619	10.9333334	30.20257759	935.7143555	26.89999962	-9.300000191	36.20000076	19.66666603	-2.483333349	19.66666603	-3.333333254	1062	109	55	19.7213974	315	189	315	200	812	523	64.408867
PA63	Rana catesbeiana	Pennsylvania	RV Pond	N/A	NA	Adult	Female	87.1	128.3	BdSwab00166	DrySwab00063	BacSwab00165	239000	21000	0.087866109	1376000	1248000	0.906976744	0.093023256	0.990009076	1303333.333	TRUE	2142.672424	NA	0	0	21.3	41.69171	-80.50082	8.524999619	10.9333334	30.20257759	935.7143555	26.89999962	-9.300000191	36.20000076	19.66666603	-2.483333349	19.66666603	-3.333333254	1062	109	55	19.7213974	315	189	315	200	925	696	75.24324324
PA64	Rana catesbeiana	Pennsylvania	RV Pond	N/A	NA	Adult	Female	87.2	79.7	BdSwab00167	DrySwab00064	BacSwab00166	116000	22100	0.190517241	1424000	1316000	0.924157303	0.075842697	0.990006815	1376666.667	TRUE	982.2052765	NA	0	0	20.3	41.69171	-80.50082	8.524999619	10.9333334	30.20257759	935.7143555	26.89999962	-9.300000191	36.20000076	19.66666603	-2.483333349	19.66666603	-3.333333254	1062	109	55	19.7213974	315	189	315	200	987	652	66.05876393
PA65	Rana catesbeiana	Pennsylvania	RV Pond	N/A	NA	Adult	Male	102.5	170.2	BdSwab00168	DrySwab00065	BacSwab00167	281000	23300	0.082918149	1420000	1300000	0.915492958	0.084507042	0.990007342	1413333.333	TRUE	936.3973236	NA	0	0	25	41.69171	-80.50082	8.524999619	10.9333334	30.20257759	935.7143555	26.89999962	-9.300000191	36.20000076	19.66666603	-2.483333349	19.66666603	-3.333333254	1062	109	55	19.7213974	315	189	315	200	307	235	76.54723127
PA66	Rana catesbeiana	Pennsylvania	RV Pond	N/A	NA	Adult	Female	113.9	174.8	BdSwab00169	DrySwab00066	BacSwab00168	127000	15500	0.122047244	1340000	1152000	0.859701493	0.140298507	0.990012429	1186666.667	TRUE	2303.8237	NA	0	0	20.2	41.69171	-80.50082	8.524999619	10.9333334	30.20257759	935.7143555	26.89999962	-9.300000191	36.20000076	19.66666603	-2.483333349	19.66666603	-3.333333254	1062	109	55	19.7213974	315	189	315	200	586	400	68.25938567
PA68	Rana catesbeiana	Pennsylvania	RV Pond	N/A	NA	Adult	Female	95.4	87.3	BdSwab00171	DrySwab00068	BacSwab00170	147000	4500	0.030612245	1292000	1148000	0.888544892	0.111455108	0.989998968	1190000	FALSE	0	NA	0	0		41.69171	-80.50082	8.524999619	10.9333334	30.20257759	935.7143555	26.89999962	-9.300000191	36.20000076	19.66666603	-2.483333349	19.66666603	-3.333333254	1062	109	55	19.7213974	315	189	315	200	941	655	69.60680128
PA70	Rana catesbeiana	Pennsylvania	RV Pond	N/A	NA	Adult	Female	99.5	117.8	BdSwab00173	DrySwab00070	BacSwab00172	335000	5600	0.016716418	1384000	1104000	0.797687861	0.202312139	0.990015765	1406666.667	FALSE	0	NA	0	0	20.2	41.69171	-80.50082	8.524999619	10.9333334	30.20257759	935.7143555	26.89999962	-9.300000191	36.20000076	19.66666603	-2.483333349	19.66666603	-3.333333254	1062	109	55	19.7213974	315	189	315	200	783	527	67.30523627
PA71	Rana catesbeiana	Pennsylvania	RV Pond	N/A	NA	Adult	Female	83	76.3	BdSwab00174	DrySwab00071	BacSwab00173	405000	33100	0.081728395	1440000	1080000	0.75	0.25	0.990022222	1463333.333	FALSE	0	NA	2546.913593	1709.876556	25.6	41.69171	-80.50082	8.524999619	10.9333334	30.20257759	935.7143555	26.89999962	-9.300000191	36.20000076	19.66666603	-2.483333349	19.66666603	-3.333333254	1062	109	55	19.7213974	315	189	315	200	794	584	73.55163728
PA72	Rana catesbeiana	Pennsylvania	RV Pond	N/A	NA	Juvenile	Unknown	48.1	11	BdSwab00175	DrySwab00072	BacSwab00174	339000	11100	0.032743363	1304000	1244000	0.95398773	0.04601227	0.990024415	1366666.667	TRUE	196.5329552	NA	3998.765444	3176.543222	21.9	41.69171	-80.50082	8.524999619	10.9333334	30.20257759	935.7143555	26.89999962	-9.300000191	36.20000076	19.66666603	-2.483333349	19.66666603	-3.333333254	1062	109	55	19.7213974	315	189	315	200	584	440	75.34246575
PA73	Rana catesbeiana	Pennsylvania	RV Pond	N/A	NA	Adult	Female	86	75	BdSwab00176	DrySwab00073	BacSwab00175	296000	33100	0.111824324	1284000	1124000	0.875389408	0.124610592	0.990037909	1416666.667	FALSE	0	NA	2414.814815	1577.777778	22.9	41.69171	-80.50082	8.524999619	10.9333334	30.20257759	935.7143555	26.89999962	-9.300000191	36.20000076	19.66666603	-2.483333349	19.66666603	-3.333333254	1062	109	55	19.7213974	315	189	315	200	1028	785	76.3618677
PA74	Rana catesbeiana	Pennsylvania	RV Pond	N/A	NA	Adult	Female	73.2	45	BdSwab00177	DrySwab00074	BacSwab00176	151000	22100	0.146357616	1304000	996000	0.763803681	0.236196319	0.99000266	1293333.333	FALSE	0	NA	7479.012333	6690.123444	19.8	41.69171	-80.50082	8.524999619	10.9333334	30.20257759	935.7143555	26.89999962	-9.300000191	36.20000076	19.66666603	-2.483333349	19.66666603	-3.333333254	1062	109	55	19.7213974	315	189	315	200	687	497	72.34352256
PA75	Rana catesbeiana	Pennsylvania	RV Pond	N/A	NA	Juvenile	Unknown	47.9	8.8	BdSwab00178	DrySwab00075	BacSwab00177	114000	33100	0.290350877	1364000	1244000	0.91202346	0.08797654	0.990032035	1286666.667	TRUE	1585.573425	NA	3567.901222	2741.975296	23.8	41.69171	-80.50082	8.524999619	10.9333334	30.20257759	935.7143555	26.89999962	-9.300000191	36.20000076	19.66666603	-2.483333349	19.66666603	-3.333333254	1062	109	55	19.7213974	315	189	315	200	725	558	76.96551724
PA76	Rana catesbeiana	Pennsylvania	RV Pond	N/A	NA	Juvenile	Unknown	46.8	8.1	BdSwab00179	DrySwab00076	BacSwab00178	292000	5600	0.019178082	1304000	1180000	0.904907975	0.095092025	0.990032961	1306666.667	TRUE	8151.466675	NA	8097.530852	7317.283963	22.9	41.69171	-80.50082	8.524999619	10.9333334	30.20257759	935.7143555	26.89999962	-9.300000191	36.20000076	19.66666603	-2.483333349	19.66666603	-3.333333254	1062	109	55	19.7213974	315	189	315	200	181	129	71.27071823
PA77	Rana catesbeiana	Pennsylvania	RV Pond	N/A	NA	Juvenile	Unknown	48.5	11	BdSwab00180	DrySwab00077	BacSwab00179	395000	3400	0.008607595	1388000	1236000	0.890489914	0.109510086	0.990033067	1473333.333	TRUE	6565.020752	NA	7238.271593	6449.382704	18.9	41.69171	-80.50082	8.524999619	10.9333334	30.20257759	935.7143555	26.89999962	-9.300000191	36.20000076	19.66666603	-2.483333349	19.66666603	-3.333333254	1062	109	55	19.7213974	315	189	315	200	797	554	69.51066499
PA78	Rana catesbeiana	Pennsylvania	RV Pond	N/A	NA	Juvenile	Unknown	46.7	8.7	BdSwab00181	DrySwab00078	BacSwab00180	248000	33100	0.133467742	1436000	1332000	0.927576602	0.072423398	0.990039609	1500000	TRUE	805.0966644	NA	1664.197519	819.7530741	20	41.69171	-80.50082	8.524999619	10.9333334	30.20257759	935.7143555	26.89999962	-9.300000191	36.20000076	19.66666603	-2.483333349	19.66666603	-3.333333254	1062	109	55	19.7213974	315	189	315	200	789	618	78.3269962
PA79	Rana catesbeiana	Pennsylvania	RV Pond	N/A	NA	Juvenile	Unknown	50.2	12.3	BdSwab00182	DrySwab00079	BacSwab00181	191000	22100	0.115706806	1380000	1332000	0.965217391	0.034782609	0.989998815	1360000	TRUE	2147.448883	NA	3109.876556	2276.543222	25.1	41.69171	-80.50082	8.524999619	10.9333334	30.20257759	935.7143555	26.89999962	-9.300000191	36.20000076	19.66666603	-2.483333349	19.66666603	-3.333333254	1062	109	55	19.7213974	315	189	315	200	NA	NA	NA
PA80	Rana catesbeiana	Pennsylvania	RV Pond	N/A	NA	Juvenile	Unknown	39.8	7.5	BdSwab00183	DrySwab00080	BacSwab00182	167000	11100	0.066467066	1344000	1056000	0.785714286	0.214285714	0.990023753	1273333.333	FALSE	0	NA	696.2962963	0	22.3	41.69171	-80.50082	8.524999619	10.9333334	30.20257759	935.7143555	26.89999962	-9.300000191	36.20000076	19.66666603	-2.483333349	19.66666603	-3.333333254	1062	109	55	19.7213974	315	189	315	200	720	494	68.61111111
PA81	Rana catesbeiana	Pennsylvania	RV Pond	N/A	NA	Juvenile	Unknown	45	8.6	BdSwab00184	DrySwab00081	BacSwab00183	386000	66200	0.171502591	1356000	1204000	0.887905605	0.112094395	0.990010157	1376666.667	TRUE	3380.870972	NA	0	0	20	41.69171	-80.50082	8.524999619	10.9333334	30.20257759	935.7143555	26.89999962	-9.300000191	36.20000076	19.66666603	-2.483333349	19.66666603	-3.333333254	1062	109	55	19.7213974	315	189	315	200	982	680	69.24643585
PA82	Rana catesbeiana	Pennsylvania	RV Pond	N/A	NA	Juvenile	Unknown	32.7	2.6	BdSwab00185	DrySwab00082	BacSwab00184	100000	33100	0.331	1296000	1148000	0.885802469	0.114197531	0.990010409	1203333.333	TRUE	622.1456909	NA	0	0	18.8	41.69171	-80.50082	8.524999619	10.9333334	30.20257759	935.7143555	26.89999962	-9.300000191	36.20000076	19.66666603	-2.483333349	19.66666603	-3.333333254	1062	109	55	19.7213974	315	189	315	200	267	193	72.28464419
PA83	Rana catesbeiana	Pennsylvania	RV Pond	N/A	NA	Adult	Female	88.1	71.7	BdSwab00186	DrySwab00083	BacSwab00185	111000	11100	0.1	1436000	1128000	0.78551532	0.21448468	0.990003212	1496666.667	FALSE	0	NA	0	0	21.4	41.69171	-80.50082	8.524999619	10.9333334	30.20257759	935.7143555	26.89999962	-9.300000191	36.20000076	19.66666603	-2.483333349	19.66666603	-3.333333254	1062	109	55	19.7213974	315	189	315	200	NA	NA	NA
PA85	Rana catesbeiana	Pennsylvania	RV Pond	N/A	NA	Adult	Female	90.3	107.4	BdSwab00188	DrySwab00085	BacSwab00187	122000	11100	0.090983607	1424000	1164000	0.81741573	0.18258427	0.990009953	1426666.667	FALSE	0	NA	0	0	19.4	41.69171	-80.50082	8.524999619	10.9333334	30.20257759	935.7143555	26.89999962	-9.300000191	36.20000076	19.66666603	-2.483333349	19.66666603	-3.333333254	1062	109	55	19.7213974	315	189	315	200	331	226	68.27794562
PA86	Rana catesbeiana	Pennsylvania	RV Pond	N/A	NA	Adult	Female	86.7	71.5	BdSwab00189	DrySwab00086	BacSwab00188	122000	22100	0.181147541	1288000	1140000	0.885093168	0.114906832	0.990013338	1260000	FALSE	0	NA	0	0	19.8	41.69171	-80.50082	8.524999619	10.9333334	30.20257759	935.7143555	26.89999962	-9.300000191	36.20000076	19.66666603	-2.483333349	19.66666603	-3.333333254	1062	109	55	19.7213974	315	189	315	200	486	361	74.27983539
PA92	Rana catesbeiana	Pennsylvania	Tuttle Pond	N/A	NA	Adult	Female	53.4	15.7	BdSwab00193	DrySwab00092	BacSwab00192	155000	44100	0.284516129	1436000	1332000	0.927576602	0.072423398	0.989999157	1453333.333	TRUE	310.2039337	NA	0	0		41.71212	-80.38903	8.445833206	10.92500019	30.2631588	931.9516602	26.79999924	-9.300000191	36.09999847	19.58333206	-2.450000048	19.58333206	-3.383333445	1086	111	58	19.02963638	321	197	321	207	546	375	68.68131868
PA93	Rana catesbeiana	Pennsylvania	Tuttle Pond	N/A	NA	Juvenile	Unknown	53.4	13.8	BdSwab00194	DrySwab00093	BacSwab00193	431000	55200	0.128074246	1436000	1124000	0.782729805	0.217270195	0.990027119	1476666.667	FALSE	0	3821.51	0	0	21.2	41.71212	-80.38903	8.445833206	10.92500019	30.2631588	931.9516602	26.79999924	-9.300000191	36.09999847	19.58333206	-2.450000048	19.58333206	-3.383333445	1086	111	58	19.02963638	321	197	321	207	284	218	76.76056338
PA94	Rana pipiens	Pennsylvania	Tuttle Pond	N/A	NA	Juvenile	Unknown	29.2	1.7	BdSwab00195	DrySwab00094	BacSwab00194	255000	33100	0.129803922	1424000	1188000	0.834269663	0.165730337	0.990003762	1350000	FALSE	0	NA	0	0	22.4	41.71212	-80.38903	8.445833206	10.92500019	30.2631588	931.9516602	26.79999924	-9.300000191	36.09999847	19.58333206	-2.450000048	19.58333206	-3.383333445	1086	111	58	19.02963638	321	197	321	207	731	462	63.20109439
PA96	Rana catesbeiana	Pennsylvania	Tuttle Pond	N/A	NA	Adult	Female	55.9	18.4	BdSwab00197	DrySwab00096	BacSwab00196	255000	55200	0.216470588	1288000	1004000	0.779503106	0.220496894	0.990000181	1320000	FALSE	0	1364.55	0	0	21.3	41.71212	-80.38903	8.445833206	10.92500019	30.2631588	931.9516602	26.79999924	-9.300000191	36.09999847	19.58333206	-2.450000048	19.58333206	-3.383333445	1086	111	58	19.02963638	321	197	321	207	699	461	65.95135908
PA97	Rana catesbeiana	Pennsylvania	Tuttle Pond	N/A	NA	Adult	Female	50.6	15	BdSwab00198	DrySwab00097	BacSwab00197	155000	44100	0.284516129	1312000	1156000	0.881097561	0.118902439	0.990011285	1353333.333	FALSE	0	3119.71	0	0	20.4	41.71212	-80.38903	8.445833206	10.92500019	30.2631588	931.9516602	26.79999924	-9.300000191	36.09999847	19.58333206	-2.450000048	19.58333206	-3.383333445	1086	111	58	19.02963638	321	197	321	207	233	144	61.80257511
PA98	Rana catesbeiana	Pennsylvania	Tuttle Pond	N/A	NA	Adult	Female	46.9	11.3	BdSwab00199	DrySwab00098	BacSwab00198	166000	11100	0.06686747	1300000	1004000	0.772307692	0.227692308	0.990015435	1336666.667	FALSE	0	773.41	0	0	23.5	41.71212	-80.38903	8.445833206	10.92500019	30.2631588	931.9516602	26.79999924	-9.300000191	36.09999847	19.58333206	-2.450000048	19.58333206	-3.383333445	1086	111	58	19.02963638	321	197	321	207	302	204	67.54966887
PA99	Rana catesbeiana	Pennsylvania	Tuttle Pond	N/A	NA	Adult	Female	50.2	10.9	BdSwab00200	DrySwab00099	BacSwab00199	388000	5600	0.01443299	1728000	1400000	0.810185185	0.189814815	0.990011983	1886666.667	FALSE	0	NA	0	0	22.1	41.71212	-80.38903	8.445833206	10.92500019	30.2631588	931.9516602	26.79999924	-9.300000191	36.09999847	19.58333206	-2.450000048	19.58333206	-3.383333445	1086	111	58	19.02963638	321	197	321	207	449	318	70.82405345
PA119	Rana catesbeiana	Pennsylvania	Tuttle Pond	N/A	NA	Adult	Female	43.9	8.8	BdSwab00205	DrySwab00104	BacSwab00204	104000	17000	0.163461538	1220000	1076000	0.881967213	0.118032787	0.990021817	1170000	FALSE	0	NA	0	0	18.7	41.71212	-80.38903	8.445833206	10.92500019	30.2631588	931.9516602	26.79999924	-9.300000191	36.09999847	19.58333206	-2.450000048	19.58333206	-3.383333445	1086	111	58	19.02963638	321	197	321	207	595	360	60.50420168
PA108	Rana catesbeiana	Pennsylvania	Tuttle Pond	N/A	NA	Adult	Female	58.4	18.3	BdSwab00209	DrySwab00108	BacSwab00208	234000	21000	0.08974359	1192000	952000	0.798657718	0.201342282	0.989999227	1103333.333	FALSE	0	NA	0	0	17.1	41.71212	-80.38903	8.445833206	10.92500019	30.2631588	931.9516602	26.79999924	-9.300000191	36.09999847	19.58333206	-2.450000048	19.58333206	-3.383333445	1086	111	58	19.02963638	321	197	321	207	225	167	74.22222222
PA110	Rana catesbeiana	Pennsylvania	Tuttle Pond	N/A	NA	Adult	Female	51.9	15.3	BdSwab00211	DrySwab00110	BacSwab00210	273000	13000	0.047619048	1228000	1196000	0.973941368	0.026058632	0.990014108	1303333.333	TRUE	3174.319458	NA	0	0	17.9	41.71212	-80.38903	8.445833206	10.92500019	30.2631588	931.9516602	26.79999924	-9.300000191	36.09999847	19.58333206	-2.450000048	19.58333206	-3.383333445	1086	111	58	19.02963638	321	197	321	207	167	134	80.23952096
PA151	Rana catesbeiana	Pennsylvania	Tuttle Pond	N/A	NA	Adult	Female	52.7	14.8	BdSwab00213	DrySwab00112	BacSwab00212	140000	40000	0.285714286	1180000	992000	0.840677966	0.159322034	0.990005004	1206666.667	FALSE	0	NA	0	0	22.9	41.71212	-80.38903	8.445833206	10.92500019	30.2631588	931.9516602	26.79999924	-9.300000191	36.09999847	19.58333206	-2.450000048	19.58333206	-3.383333445	1086	111	58	19.02963638	321	197	321	207	500	322	64.4
PA113	Rana catesbeiana	Pennsylvania	Tuttle Pond	N/A	NA	Adult	Female	52.7	14.8	BdSwab00213	DrySwab00112	BacSwab00212	112000	15000	0.133928571	1280000	972000	0.759375	0.240625	0.990015477	1166666.667	FALSE	0	NA	0	0	20.8	41.71212	-80.38903	8.445833206	10.92500019	30.2631588	931.9516602	26.79999924	-9.300000191	36.09999847	19.58333206	-2.450000048	19.58333206	-3.383333445	1086	111	58	19.02963638	321	197	321	207	719	445	61.89151599
PA1182	Rana catesbeiana	Pennsylvania	Tuttle Pond	N/A	NA	Adult	Female	47	11.5	BdSwab00219	DrySwab00118	BacSwab00218	120000	16000	0.133333333	1172000	924000	0.788395904	0.211604096	0.990011111	1200000	FALSE	0	NA	0	0	18.6	41.64305	-80.4301	8.75	10.80000019	29.67033005	943.3282471	27.20000076	-9.199999809	36.40000153	20.01666641	-2.349999905	20.01666641	-3.133333206	1056	109	55	19.73647499	315	189	315	199	NA	NA	NA
PA118	Rana catesbeiana	Pennsylvania	Tuttle Pond	N/A	NA	Adult	Female	68.9	44.2	BdSwab00220	DrySwab00119	BacSwab00219	229000	15000	0.065502183	1244000	964000	0.774919614	0.225080386	0.990032598	1296666.667	FALSE	0	NA	0	0	17.6	41.64305	-80.4301	8.75	10.80000019	29.67033005	943.3282471	27.20000076	-9.199999809	36.40000153	20.01666641	-2.349999905	20.01666641	-3.133333206	1056	109	55	19.73647499	315	189	315	199	NA	NA	NA
PA13	Rana catesbeiana	Pennsylvania	Tuttle Pond	N/A	NA	Juvenile	Unknown	31.7	2.9	BdSwab00225	DrySwab00124	BacSwab00224	131000	5000	0.038167939	1240000	1096000	0.883870968	0.116129032	0.990031266	1220000	FALSE	0	NA	0	0		41.64305	-80.4301	8.75	10.80000019	29.67033005	943.3282471	27.20000076	-9.199999809	36.40000153	20.01666641	-2.349999905	20.01666641	-3.133333206	1056	109	55	19.73647499	315	189	315	199	155	105	67.74193548
PA125	Rana catesbeiana	Pennsylvania	Tuttle Pond	N/A	NA	Adult	Female	46.1	7.6	BdSwab00226	DrySwab00125	BacSwab00225	216000	19000	0.087962963	1300000	988000	0.76	0.24	0.990015545	1236666.667	FALSE	0	NA	0	0	18.2	41.64305	-80.4301	8.75	10.80000019	29.67033005	943.3282471	27.20000076	-9.199999809	36.40000153	20.01666641	-2.349999905	20.01666641	-3.133333206	1056	109	55	19.73647499	315	189	315	199	768	537	69.921875
PA126	Rana catesbeiana	Pennsylvania	Tuttle Pond	N/A	NA	Juvenile	Unknown	49.8	11	BdSwab00227	DrySwab00126	BacSwab00226	104000	20000	0.192307692	1184000	996000	0.841216216	0.158783784	0.990003245	1163333.333	FALSE	0	NA	0	0	17.8	41.64305	-80.4301	8.75	10.80000019	29.67033005	943.3282471	27.20000076	-9.199999809	36.40000153	20.01666641	-2.349999905	20.01666641	-3.133333206	1056	109	55	19.73647499	315	189	315	199	441	337	76.41723356
PA127	Rana catesbeiana	Pennsylvania	Tuttle Pond	N/A	NA	Adult	Female	50.5	16.2	BdSwab00228	DrySwab00127	BacSwab00227	173000	21000	0.121387283	1236000	1004000	0.812297735	0.187702265	0.990013065	1170000	FALSE	0	NA	0	0	18.2	41.64305	-80.4301	8.75	10.80000019	29.67033005	943.3282471	27.20000076	-9.199999809	36.40000153	20.01666641	-2.349999905	20.01666641	-3.133333206	1056	109	55	19.73647499	315	189	315	199	202	161	79.7029703
PA128	Rana catesbeiana	Pennsylvania	Tuttle Pond	N/A	NA	Adult	Female	50.6	15.2	BdSwab00229	DrySwab00128	BacSwab00228	123000	14000	0.113821138	1200000	1044000	0.87	0.13	0.990006699	1210000	FALSE	0	NA	0	0		41.64305	-80.4301	8.75	10.80000019	29.67033005	943.3282471	27.20000076	-9.199999809	36.40000153	20.01666641	-2.349999905	20.01666641	-3.133333206	1056	109	55	19.73647499	315	189	315	199	149	101	67.7852349
PA129	Rana catesbeiana	Pennsylvania	Tuttle Pond	N/A	NA	Juvenile	Unknown	38.6	7.8	BdSwab00230	DrySwab00129	BacSwab00229	133000	4000	0.030075188	1192000	960000	0.805369128	0.194630872	0.990027713	1190000	FALSE	0	NA	0	0		41.64305	-80.4301	8.75	10.80000019	29.67033005	943.3282471	27.20000076	-9.199999809	36.40000153	20.01666641	-2.349999905	20.01666641	-3.133333206	1056	109	55	19.73647499	315	189	315	199	641	511	79.71918877
PA130	Rana catesbeiana	Pennsylvania	Tuttle Pond	N/A	NA	Adult	Female	35.2	8.9	BdSwab00231	DrySwab00130	BacSwab00230	185000	30000	0.162162162	1296000	924000	0.712962963	0.287037037	0.990007857	1310000	FALSE	0	NA	0	0		41.64305	-80.4301	8.75	10.80000019	29.67033005	943.3282471	27.20000076	-9.199999809	36.40000153	20.01666641	-2.349999905	20.01666641	-3.133333206	1056	109	55	19.73647499	315	189	315	199	341	228	66.86217009
PA131	Negative Control	Pennsylvania	Tuttle Pond	N/A	NA	NA	NA	NA	NA	BdSwab00232	DrySwab00131	BacSwab00231	N/A	N/A	N/A	N/A	N/A	N/A	N/A	N/A	N/A	FALSE	0	NA	N/A	N/A		41.64305	-80.4301	8.75	10.80000019	29.67033005	943.3282471	27.20000076	-9.199999809	36.40000153	20.01666641	-2.349999905	20.01666641	-3.133333206	1056	109	55	19.73647499	315	189	315	199	327	212	64.83180428
PA135	Rana catesbeiana	Pennsylvania	Tuttle Pond	N/A	NA	Juvenile	Unknown	50.1	14	BdSwab00233	DrySwab00132	BacSwab00232	145000	20000	0.137931034	1224000	992000	0.810457516	0.189542484	0.990014367	1200000	FALSE	0	NA	0	0		41.64305	-80.4301	8.75	10.80000019	29.67033005	943.3282471	27.20000076	-9.199999809	36.40000153	20.01666641	-2.349999905	20.01666641	-3.133333206	1056	109	55	19.73647499	315	189	315	199	254	210	82.67716535
PA132	Rana catesbeiana	Pennsylvania	Tuttle Pond	N/A	NA	Juvenile	Unknown	50.1	14	BdSwab00233	DrySwab00132	BacSwab00232	186000	30000	0.161290323	1284000	1096000	0.853582555	0.146417445	0.990012331	1270000	FALSE	0	NA	0	0	22.5	41.69171	-80.50082	8.524999619	10.9333334	30.20257759	935.7143555	26.89999962	-9.300000191	36.20000076	19.66666603	-2.483333349	19.66666603	-3.333333254	1062	109	55	19.7213974	315	189	315	200	NA	NA	NA
PA136	Rana catesbeiana	Pennsylvania	Tuttle Pond	N/A	NA	Adult	Female	51.2	21	BdSwab00237	DrySwab00136	BacSwab00236	102000	30000	0.294117647	1244000	996000	0.800643087	0.199356913	0.990012793	1250000	FALSE	0	NA	0	0	19.7	41.69171	-80.50082	8.524999619	10.9333334	30.20257759	935.7143555	26.89999962	-9.300000191	36.20000076	19.66666603	-2.483333349	19.66666603	-3.333333254	1062	109	55	19.7213974	315	189	315	200	567	401	70.72310406
PA141	Rana catesbeiana	Pennsylvania	Tuttle Pond	N/A	NA	Juvenile	Unknown	48.2	14.9	BdSwab00240	DrySwab00139	BacSwab00239	187000	3000	0.016042781	1284000	1012000	0.788161994	0.211838006	0.990017688	1213333.333	FALSE	0	NA	0	0	19.5	41.69171	-80.50082	8.524999619	10.9333334	30.20257759	935.7143555	26.89999962	-9.300000191	36.20000076	19.66666603	-2.483333349	19.66666603	-3.333333254	1062	109	55	19.7213974	315	189	315	200	NA	NA	NA
PA149	Rana catesbeiana	Pennsylvania	Tuttle Pond	N/A	NA	Adult	Female	46.5	11.1	BdSwab00242	DrySwab00142	BacSwab00241	100000	10000	0.1	1160000	1012000	0.872413793	0.127586207	0.990036942	1256666.667	FALSE	0	NA	9170.37037	8401.234556	23.4	41.69171	-80.50082	8.524999619	10.9333334	30.20257759	935.7143555	26.89999962	-9.300000191	36.20000076	19.66666603	-2.483333349	19.66666603	-3.333333254	1062	109	55	19.7213974	315	189	315	200	598	443	74.08026756
PA144	Rana catesbeiana	Pennsylvania	Tuttle Pond	N/A	NA	Adult	Female	53	13	BdSwab00244	DrySwab00144	BacSwab00243	242000	30000	0.123966942	1212000	968000	0.798679868	0.201320132	0.990018774	1330000	FALSE	0	NA	0	0	20	41.69171	-80.50082	8.524999619	10.9333334	30.20257759	935.7143555	26.89999962	-9.300000191	36.20000076	19.66666603	-2.483333349	19.66666603	-3.333333254	1062	109	55	19.7213974	315	189	315	200	395	308	77.97468354
PA145	Rana catesbeiana	Pennsylvania	Tuttle Pond	N/A	NA	Adult	Female	51.2	14	BdSwab00245	DrySwab00145	BacSwab00244	172000	20000	0.11627907	1168000	1040000	0.890410959	0.109589041	0.990014535	1233333.333	FALSE	0	NA	0	0		41.69171	-80.50082	8.524999619	10.9333334	30.20257759	935.7143555	26.89999962	-9.300000191	36.20000076	19.66666603	-2.483333349	19.66666603	-3.333333254	1062	109	55	19.7213974	315	189	315	200	553	391	70.70524412
PA146	Rana catesbeiana	Pennsylvania	Tuttle Pond	N/A	NA	Adult	Female	57.8	18	BdSwab00246	DrySwab00146	BacSwab00245	160000	10000	0.0625	1252000	996000	0.795527157	0.204472843	0.990016475	1186666.667	FALSE	0	NA	0	0	22.9	41.69171	-80.50082	8.524999619	10.9333334	30.20257759	935.7143555	26.89999962	-9.300000191	36.20000076	19.66666603	-2.483333349	19.66666603	-3.333333254	1062	109	55	19.7213974	315	189	315	200	280	223	79.64285714
PA147	Rana catesbeiana	Pennsylvania	Tuttle Pond	N/A	NA	Adult	Female	44.4	9.5	BdSwab00247	DrySwab00147	BacSwab00246	250000	60000	0.24	1300000	976000	0.750769231	0.249230769	0.990012211	1343333.333	FALSE	0	NA	0	0	25.5	41.69171	-80.50082	8.524999619	10.9333334	30.20257759	935.7143555	26.89999962	-9.300000191	36.20000076	19.66666603	-2.483333349	19.66666603	-3.333333254	1062	109	55	19.7213974	315	189	315	200	411	303	73.72262774
PA148	Rana catesbeiana	Pennsylvania	Tuttle Pond	N/A	NA	Adult	Female	49.5	12	BdSwab00248	DrySwab00148	BacSwab00247	190000	30000	0.157894737	1180000	976000	0.827118644	0.172881356	0.99001266	1140000	FALSE	0	NA	7400	6611.111111		41.69171	-80.50082	8.524999619	10.9333334	30.20257759	935.7143555	26.89999962	-9.300000191	36.20000076	19.66666603	-2.483333349	19.66666603	-3.333333254	1062	109	55	19.7213974	315	189	315	200	345	250	72.46376812
PA150	Rana catesbeiana	Pennsylvania	Tuttle Pond	N/A	NA	Adult	Female	43.6	6.7	BdSwab00250	DrySwab00150	BacSwab00249	110000	20000	0.181818182	1232000	976000	0.792207792	0.207792208	0.990035672	1333333.333	FALSE	0	NA	0	0	23.4	41.69171	-80.50082	8.524999619	10.9333334	30.20257759	935.7143555	26.89999962	-9.300000191	36.20000076	19.66666603	-2.483333349	19.66666603	-3.333333254	1062	109	55	19.7213974	315	189	315	200	293	199	67.91808874
PA153	Rana catesbeiana	Pennsylvania	Tuttle Pond	N/A	NA	Adult	Female	47.2	11.9	BdSwab00253	DrySwab00153	BacSwab00252	390000	50000	0.128205128	1256000	1004000	0.799363057	0.200636943	0.990009445	1323333.333	FALSE	0	NA	0	0	20.9	41.69171	-80.50082	8.524999619	10.9333334	30.20257759	935.7143555	26.89999962	-9.300000191	36.20000076	19.66666603	-2.483333349	19.66666603	-3.333333254	1062	109	55	19.7213974	315	189	315	200	415	287	69.15662651
PA154	Rana pipiens	Pennsylvania	Tuttle Pond	N/A	NA	Adult	Unknown	34.9	3.3	BdSwab00254	DrySwab00154	BacSwab00253	230000	30000	0.130434783	1296000	908000	0.700617284	0.299382716	0.990013519	1246666.667	FALSE	0	NA	1518.518519	670.3703704	21.7	41.69171	-80.50082	8.524999619	10.9333334	30.20257759	935.7143555	26.89999962	-9.300000191	36.20000076	19.66666603	-2.483333349	19.66666603	-3.333333254	1062	109	55	19.7213974	315	189	315	200	418	323	77.27272727
PA155	Rana pipiens	Pennsylvania	Tuttle Pond	N/A	NA	Adult	Unknown	29.5	2.4	BdSwab00255	DrySwab00155	BacSwab00254	230000	50000	0.217391304	1248000	1100000	0.881410256	0.118589744	0.990020051	1316666.667	FALSE	0	NA	5137.037037	4325.925926		41.69171	-80.50082	8.524999619	10.9333334	30.20257759	935.7143555	26.89999962	-9.300000191	36.20000076	19.66666603	-2.483333349	19.66666603	-3.333333254	1062	109	55	19.7213974	315	189	315	200	325	233	71.69230769
PA194	Rana catesbeiana	Pennsylvania	RV Pond	N/A	NA	Adult	Female	50.3	13.1	BdSwab00256	DrySwab00194	BacSwab00255	100000	8000	0.08	1288000	1156000	0.897515528	0.102484472	0.990038451	1316666.667	TRUE	7189.741821	NA	10262.96296	9504.938259	19.3	41.69171	-80.50082	8.524999619	10.9333334	30.20257759	935.7143555	26.89999962	-9.300000191	36.20000076	19.66666603	-2.483333349	19.66666603	-3.333333254	1062	109	55	19.7213974	315	189	315	200	152	111	73.02631579
PA195	Rana catesbeiana	Pennsylvania	RV Pond	N/A	NA	Adult	Female	48.4	14.1	BdSwab00257	DrySwab00195	BacSwab00256	220000	11000	0.05	1164000	1032000	0.886597938	0.113402062	0.990040014	1243333.333	FALSE	0	NA	1292.592593	444.4444444	22.7	41.69171	-80.50082	8.524999619	10.9333334	30.20257759	935.7143555	26.89999962	-9.300000191	36.20000076	19.66666603	-2.483333349	19.66666603	-3.333333254	1062	109	55	19.7213974	315	189	315	200	848	619	72.99528302
PA196	Rana catesbeiana	Pennsylvania	RV Pond	N/A	NA	Adult	Female	48.6	10.3	BdSwab00258	DrySwab00196	BacSwab00257	110000	12000	0.109090909	1296000	1020000	0.787037037	0.212962963	0.990008177	1143333.333	FALSE	0	NA	10860.49381	10106.17285	19.6	41.69171	-80.50082	8.524999619	10.9333334	30.20257759	935.7143555	26.89999962	-9.300000191	36.20000076	19.66666603	-2.483333349	19.66666603	-3.333333254	1062	109	55	19.7213974	315	189	315	200	726	568	78.2369146
PA197	Rana catesbeiana	Pennsylvania	RV Pond	N/A	NA	Juvenile	Unknown	43.4	8.2	BdSwab00259	DrySwab00197	BacSwab00258	110000	9900	0.09	1296000	1016000	0.783950617	0.216049383	0.990037898	1356666.667	FALSE	0	NA	9162.962963	8393.827148	21.5	41.63888	-80.49512	8.8125	10.74166679	29.51007271	941.782959	27.20000076	-9.199999809	36.40000153	20.03333282	-2.283333302	20.03333282	-3.066666603	1045	108	54	19.86804199	311	186	311	196	512	340	66.40625
PA198	Rana catesbeiana	Pennsylvania	RV Pond	N/A	NA	Juvenile	Unknown	40.6	6.4	BdSwab00260	DrySwab00198	BacSwab00259	450000	14000	0.031111111	1288000	1072000	0.832298137	0.167701863	0.990016425	1323333.333	FALSE	0	NA	24.69137037	0	22.9	41.63888	-80.49512	8.8125	10.74166679	29.51007271	941.782959	27.20000076	-9.199999809	36.40000153	20.03333282	-2.283333302	20.03333282	-3.066666603	1045	108	54	19.86804199	311	186	311	196	NA	NA	NA
PA200	Rana catesbeiana	Pennsylvania	RV Pond	N/A	NA	Juvenile	Unknown	40.2	6.3	BdSwab00262	DrySwab00200	BacSwab00261	220000	30000	0.136363636	1164000	908000	0.780068729	0.219931271	0.990017677	1146666.667	FALSE	0	NA	3319.753074	2490.123444	24.6	41.63888	-80.49512	8.8125	10.74166679	29.51007271	941.782959	27.20000076	-9.199999809	36.40000153	20.03333282	-2.283333302	20.03333282	-3.066666603	1045	108	54	19.86804199	311	186	311	196	179	140	78.2122905
PA201	Rana catesbeiana	Pennsylvania	RV Pond	N/A	NA	Juvenile	Unknown	40.8	3.9	BdSwab00263	DrySwab00201	BacSwab00262	190000	50000	0.263157895	1188000	1080000	0.909090909	0.090909091	0.990012823	1086666.667	TRUE	59.92012978	NA	4583.95063	3766.666667	22.3	41.63888	-80.49512	8.8125	10.74166679	29.51007271	941.782959	27.20000076	-9.199999809	36.40000153	20.03333282	-2.283333302	20.03333282	-3.066666603	1045	108	54	19.86804199	311	186	311	196	363	258	71.07438017
PA202	Rana catesbeiana	Pennsylvania	RV Pond	N/A	NA	Juvenile	Unknown	33	3.8	BdSwab00264	DrySwab00202	BacSwab00263	140000	20000	0.142857143	1176000	908000	0.772108844	0.227891156	0.990018505	1176666.667	FALSE	0	NA	0	0	12.8	41.63888	-80.49512	8.8125	10.74166679	29.51007271	941.782959	27.20000076	-9.199999809	36.40000153	20.03333282	-2.283333302	20.03333282	-3.066666603	1045	108	54	19.86804199	311	186	311	196	505	387	76.63366337
PA203	Negative Control	Pennsylvania	RV Pond	N/A	NA	NA	NA	NA	NA	BdSwab00265	DrySwab00203	BacSwab00264	N/A	N/A	N/A	N/A	N/A	N/A	N/A	N/A	N/A	N/A	N/A	N/A	N/A	N/A	23.6	41.63888	-80.49512	8.8125	10.74166679	29.51007271	941.782959	27.20000076	-9.199999809	36.40000153	20.03333282	-2.283333302	20.03333282	-3.066666603	1045	108	54	19.86804199	311	186	311	196	184	125	67.93478261
PA2042	Rana catesbeiana	Pennsylvania	Tuttle Pond	N/A	NA	Adult	Female	54.9	20.5	BdSwab00266	DrySwab00204	BacSwab00265	101000	20000	0.198019802	1240000	1060000	0.85483871	0.14516129	0.990011381	1153333.333	FALSE	0	1221.11	0	0	26.2	41.63888	-80.49512	8.8125	10.74166679	29.51007271	941.782959	27.20000076	-9.199999809	36.40000153	20.03333282	-2.283333302	20.03333282	-3.066666603	1045	108	54	19.86804199	311	186	311	196	496	356	71.77419355
PA205	Rana catesbeiana	Pennsylvania	Tuttle Pond	N/A	NA	Juvenile	Unknown	50.1	13.7	BdSwab00267	DrySwab00205	BacSwab00266	119000	10000	0.084033613	1272000	1036000	0.814465409	0.185534591	0.990004836	1236666.667	FALSE	0	6634.32	0	0	21.9	41.63888	-80.49512	8.8125	10.74166679	29.51007271	941.782959	27.20000076	-9.199999809	36.40000153	20.03333282	-2.283333302	20.03333282	-3.066666603	1045	108	54	19.86804199	311	186	311	196	742	493	66.44204852
PA206	Rana catesbeiana	Pennsylvania	Tuttle Pond	N/A	NA	Adult	Female	75.8	56.2	BdSwab00268	DrySwab00206	BacSwab00267	126000	16800	0.133333333	1300000	1056000	0.812307692	0.187692308	0.990031201	1253333.333	FALSE	0	5414.64	7253.086407	6464.197519	22.3	41.63888	-80.49512	8.8125	10.74166679	29.51007271	941.782959	27.20000076	-9.199999809	36.40000153	20.03333282	-2.283333302	20.03333282	-3.066666603	1045	108	54	19.86804199	311	186	311	196	272	264	97.05882353
PA207	Rana catesbeiana	Pennsylvania	Tuttle Pond	N/A	NA	Adult	Female	68.5	35.2	BdSwab00269	DrySwab00207	BacSwab00268	110000	17900	0.162727273	1260000	1100000	0.873015873	0.126984127	0.990009628	1326666.667	FALSE	0	3557.29	0	0	24.3	41.63888	-80.49512	8.8125	10.74166679	29.51007271	941.782959	27.20000076	-9.199999809	36.40000153	20.03333282	-2.283333302	20.03333282	-3.066666603	1045	108	54	19.86804199	311	186	311	196	381	288	75.59055118
PA208	Rana catesbeiana	Pennsylvania	Tuttle Pond	N/A	NA	Adult	Female	66.6	31.9	BdSwab00270	DrySwab00208	BacSwab00269	117000	18900	0.161538462	1252000	1008000	0.805111821	0.194888179	0.99002705	1130000	FALSE	0	800.58	0	0	12.3	41.63888	-80.49512	8.8125	10.74166679	29.51007271	941.782959	27.20000076	-9.199999809	36.40000153	20.03333282	-2.283333302	20.03333282	-3.066666603	1045	108	54	19.86804199	311	186	311	196	NA	NA	NA
PA210	Rana catesbeiana	Pennsylvania	Tuttle Pond	N/A	NA	Adult	Female	65.4	36.8	BdSwab00272	DrySwab00210	BacSwab00271	110000	21000	0.190909091	1364000	1052000	0.771260997	0.228739003	0.990015645	1323333.333	FALSE	0	NA	0	0	13.6	41.63888	-80.49512	8.8125	10.74166679	29.51007271	941.782959	27.20000076	-9.199999809	36.40000153	20.03333282	-2.283333302	20.03333282	-3.066666603	1045	108	54	19.86804199	311	186	311	196	181	127	70.16574586
PA211	Rana catesbeiana	Pennsylvania	Tuttle Pond	N/A	NA	Adult	Female	67.1	27.5	BdSwab00273	DrySwab00211	BacSwab00272	514000	22100	0.042996109	1332000	1100000	0.825825826	0.174174174	0.990005908	1400000	FALSE	0	NA	0	0	23.6	41.63888	-80.49512	8.8125	10.74166679	29.51007271	941.782959	27.20000076	-9.199999809	36.40000153	20.03333282	-2.283333302	20.03333282	-3.066666603	1045	108	54	19.86804199	311	186	311	196	NA	NA	NA
PA212	Rana catesbeiana	Pennsylvania	Tuttle Pond	N/A	NA	Juvenile	Unknown	55.1	19.3	BdSwab00274	DrySwab00212	BacSwab00273	225000	14700	0.065333333	1352000	1152000	0.852071006	0.147928994	0.990023155	1346666.667	FALSE	0	NA	6949.382704	6156.790111	12.8	41.63888	-80.49512	8.8125	10.74166679	29.51007271	941.782959	27.20000076	-9.199999809	36.40000153	20.03333282	-2.283333302	20.03333282	-3.066666603	1045	108	54	19.86804199	311	186	311	196	102	75	73.52941176
PA213	Rana catesbeiana	Pennsylvania	Tuttle Pond	N/A	NA	Juvenile	Unknown	59.2	22.6	BdSwab00275	DrySwab00213	BacSwab00274	140000	4200	0.03	1288000	1044000	0.810559006	0.189440994	0.990014461	1280000	TRUE	1321.17157	NA	5304.938259	4495.061741	25	41.63888	-80.49512	8.8125	10.74166679	29.51007271	941.782959	27.20000076	-9.199999809	36.40000153	20.03333282	-2.283333302	20.03333282	-3.066666603	1045	108	54	19.86804199	311	186	311	196	350	225	64.28571429
PA214	Rana catesbeiana	Pennsylvania	Tuttle Pond	N/A	NA	Juvenile	Unknown	56.7	20.9	BdSwab00276	DrySwab00214	BacSwab00275	293000	5300	0.018088737	1308000	1196000	0.914373089	0.085626911	0.990053593	1340000	TRUE	93.05596352	NA	6460.493815	5665.432111	22.1	41.63888	-80.49512	8.8125	10.74166679	29.51007271	941.782959	27.20000076	-9.199999809	36.40000153	20.03333282	-2.283333302	20.03333282	-3.066666603	1045	108	54	19.86804199	311	186	311	196	56	45	80.35714286
PA216	Rana catesbeiana	Pennsylvania	Tuttle Pond	N/A	NA	Juvenile	Unknown	40.3	10.1	BdSwab00278	DrySwab00216	BacSwab00277	290000	31500	0.10862069	1356000	1204000	0.887905605	0.112094395	0.990029638	1486666.667	TRUE	109.712019	NA	0	0	21.3	41.63888	-80.49512	8.8125	10.74166679	29.51007271	941.782959	27.20000076	-9.199999809	36.40000153	20.03333282	-2.283333302	20.03333282	-3.066666603	1045	108	54	19.86804199	311	186	311	196	NA	NA	NA
PA225	Rana catesbeiana	Pennsylvania	Tuttle Pond	N/A	NA	Juvenile	Unknown	40.3	10.1	BdSwab00278	DrySwab00216	BacSwab00277	145000	31500	0.217241379	1220000	1108000	0.908196721	0.091803279	0.990013402	1236666.667	TRUE	109.712019	NA	0	0	25.3	41.63888	-80.49512	8.8125	10.74166679	29.51007271	941.782959	27.20000076	-9.199999809	36.40000153	20.03333282	-2.283333302	20.03333282	-3.066666603	1045	108	54	19.86804199	311	186	311	196	65	50	76.92307692
PA218	Rana catesbeiana	Pennsylvania	Tuttle Pond	N/A	NA	Juvenile	Unknown	47.4	16.3	BdSwab00280	DrySwab00218	BacSwab00279	335000	10500	0.031343284	1352000	1064000	0.786982249	0.213017751	0.990025726	1323333.333	FALSE	0	NA	4355.555556	3537.037037	22.4	41.63888	-80.49512	8.8125	10.74166679	29.51007271	941.782959	27.20000076	-9.199999809	36.40000153	20.03333282	-2.283333302	20.03333282	-3.066666603	1045	108	54	19.86804199	311	186	311	196	95	74	77.89473684
PA219	Rana catesbeiana	Pennsylvania	Tuttle Pond	N/A	NA	Adult	Female	65.8	55.6	BdSwab00281	DrySwab00219	BacSwab00280	191000	31500	0.164921466	1276000	1020000	0.799373041	0.200626959	0.990029272	1310000	FALSE	0	NA	0	0	12.9	41.63888	-80.49512	8.8125	10.74166679	29.51007271	941.782959	27.20000076	-9.199999809	36.40000153	20.03333282	-2.283333302	20.03333282	-3.066666603	1045	108	54	19.86804199	311	186	311	196	281	195	69.39501779
PA220	Rana catesbeiana	Pennsylvania	Tuttle Pond	N/A	NA	Adult	Female	53.5	18.6	BdSwab00282	DrySwab00220	BacSwab00281	108000	31500	0.291666667	1316000	1048000	0.796352584	0.203647416	0.990006947	1396666.667	FALSE	0	NA	0	0	25.3	41.63888	-80.49512	8.8125	10.74166679	29.51007271	941.782959	27.20000076	-9.199999809	36.40000153	20.03333282	-2.283333302	20.03333282	-3.066666603	1045	108	54	19.86804199	311	186	311	196	110	76	69.09090909
PA223	Rana catesbeiana	Pennsylvania	Tuttle Pond	N/A	NA	Juvenile	Unknown	47	15.5	BdSwab00285	DrySwab00223	BacSwab00284	187000	5300	0.028342246	1368000	1028000	0.751461988	0.248538012	0.99005304	1266666.667	FALSE	0	NA	6096.296296	5297.530852	24.6	41.63888	-80.49512	8.8125	10.74166679	29.51007271	941.782959	27.20000076	-9.199999809	36.40000153	20.03333282	-2.283333302	20.03333282	-3.066666603	1045	108	54	19.86804199	311	186	311	196	60	46	76.66666667
PA2252	Rana catesbeiana	Pennsylvania	Tuttle Pond	N/A	NA	Adult	Female	59.6	38.6	BdSwab00287	DrySwab00225	BacSwab00286	181000	21000	0.116022099	1240000	948000	0.764516129	0.235483871	0.990009922	1243333.333	FALSE	0	NA	0	0	24.4	41.63888	-80.49512	8.8125	10.74166679	29.51007271	941.782959	27.20000076	-9.199999809	36.40000153	20.03333282	-2.283333302	20.03333282	-3.066666603	1045	108	54	19.86804199	311	186	311	196	61	38	62.29508197
PA241	Rana catesbeiana	Pennsylvania	RV Pond	N/A	NA	Juvenile	Unknown	32.8	2.9	BdSwab00305	DrySwab00241	BacSwab00301	105000	10500	0.1	1364000	1316000	0.964809384	0.035190616	0.990011445	1476666.667	TRUE	2715.906982	NA	0	0	21.4	41.63888	-80.49512	8.8125	10.74166679	29.51007271	941.782959	27.20000076	-9.199999809	36.40000153	20.03333282	-2.283333302	20.03333282	-3.066666603	1045	108	54	19.86804199	311	186	311	196	80	63	78.75
PA239	Rana catesbeiana	Pennsylvania	RV Pond	N/A	NA	Juvenile	Unknown	33.2	4	BdSwab00302	DrySwab00239	BacSwab00303	153000	63000	0.411764706	1240000	1044000	0.841935484	0.158064516	0.990009054	1213333.333	FALSE	0	NA	0	0	20.4	41.63888	-80.49512	8.8125	10.74166679	29.51007271	941.782959	27.20000076	-9.199999809	36.40000153	20.03333282	-2.283333302	20.03333282	-3.066666603	1045	108	54	19.86804199	311	186	311	196	160	112	70
PA224	Rana catesbeiana	Pennsylvania	Tuttle Pond	N/A	NA	Adult	Female	70.4	39.8	BdSwab00286	DrySwab00224	BacSwab00304	109000	3200	0.029357798	1240000	1028000	0.829032258	0.170967742	0.990011525	1190000	FALSE	0	NA	0	0	22.1																						144	112	77.77777778
Ca1	Rana muscosa	California	Unicorn	Unicorn	N/A	Adult	Male	49	12	RKS35836	BII0001	AJS5023	122000	1000	0.008196721	1196000	1080000	0.903010033	0.096989967	0.990001906	1051231.333	TRUE	423.5385652	52.266	2228.395074	1386.419741		37.8496	-119.3789	1.100000024	14.14999962	44.92063522	612.6655884	19.20000076	-12.30000019	31.5	-3.583333254	8.566666603	9.600000381	-5.083333492	770	136	18	68.74092865	365	60	70	334	39	32	82.05128205
Ca2	Rana muscosa	California	Unicorn	Unicorn	N/A	Adult	Male	46	12	RKS35837	BII0002	AJS5024	250000	2000	0.008	1212000	1092000	0.900990099	0.099009901	0.990019478	3730463.667	TRUE	213476.3186	250.602	9672.839519	8907.407407		37.8496	-119.3789	1.100000024	14.14999962	44.92063522	612.6655884	19.20000076	-12.30000019	31.5	-3.583333254	8.566666603	9.600000381	-5.083333492	770	136	18	68.74092865	365	60	70	334	NA	NA	NA
Ca3	Rana muscosa	California	Unicorn	Unicorn	N/A	Adult	Female	49	14	RKS35838	BII0003	AJS5025	324000	4000	0.012345679	1272000	1092000	0.858490566	0.141509434	0.990022676	8572512	TRUE	16198.30524	154.05	12833.33333	12100		37.8496	-119.3789	1.100000024	14.14999962	44.92063522	612.6655884	19.20000076	-12.30000019	31.5	-3.583333254	8.566666603	9.600000381	-5.083333492	770	136	18	68.74092865	365	60	70	334	NA	NA	NA
Ca4	Rana muscosa	California	Unicorn	Unicorn	N/A	Adult	Female	49	13	RKS35839	BII0004	AJS5026	218000	5000	0.02293578	1212000	1076000	0.887788779	0.112211221	0.990017256	2164705	TRUE	293849.7595	234.954	9812.345667	9048.148148		37.8496	-119.3789	1.100000024	14.14999962	44.92063522	612.6655884	19.20000076	-12.30000019	31.5	-3.583333254	8.566666603	9.600000381	-5.083333492	770	136	18	68.74092865	365	60	70	334	NA	NA	NA
C5	Rana muscosa	California	Unicorn	Unicorn	N/A	Adult	Female	46	14	RKS35840	BII0005	AJS5027	125000	1000	0.008	1232000	1148000	0.931818182	0.068181818	0.990023466	1047358	TRUE	1824.480077	93.09	2781.481481	1946.913593		37.8496	-119.3789	1.100000024	14.14999962	44.92063522	612.6655884	19.20000076	-12.30000019	31.5	-3.583333254	8.566666603	9.600000381	-5.083333492	770	136	18	68.74092865	365	60	70	334	NA	NA	NA
Ca71	Rana muscosa	California	Humphreys Basin	Ameletus Lake	N/A	Adult	Male	43	7	RKS36362	BII0071	AJS5045	198000	4000	0.02020202	1244000	1088000	0.874598071	0.125401929	0.990022605	1164705	FALSE	0	14.622	7198.765444	6408.641963		37.954	-119.294	0.158333346	14.28333378	44.22084427	639.338562	18.70000076	-13.60000038	32.30000305	-5.016666412	7.800000191	9.016666412	-6.416666508	744	125	20	64.15598297	339	66	74	334	NA	NA	NA
Ca72	Rana muscosa	California	Humphreys Basin	Ameletus Lake	N/A	Adult	Male	45	10	RKS36363	BII0072	AJS5046	220000	6000	0.027272727	1280000	1052000	0.821875	0.178125	0.99001188	3002058.667	FALSE	0	25.632	2266.666667	1425.925926		37.954	-119.294	0.158333346	14.28333378	44.22084427	639.338562	18.70000076	-13.60000038	32.30000305	-5.016666412	7.800000191	9.016666412	-6.416666508	744	125	20	64.15598297	339	66	74	334	NA	NA	NA
Ca73	Rana muscosa	California	Humphreys Basin	Ameletus Lake	N/A	Adult	Male	44	9	RKS36364	BII0073	AJS5047	120000	7000	0.058333333	1220000	1012000	0.829508197	0.170491803	0.990020847	1289352.667	FALSE	0	1539.45	5865.432111	5061.728407		37.954	-119.294	0.158333346	14.28333378	44.22084427	639.338562	18.70000076	-13.60000038	32.30000305	-5.016666412	7.800000191	9.016666412	-6.416666508	744	125	20	64.15598297	339	66	74	334	44	31	70.45454545
Ca74	Rana muscosa	California	Humphreys Basin	Ameletus Lake	N/A	Adult	Female	52	14	RKS36365	BII0074	AJS5048	213000	1000	0.004694836	1268000	1120000	0.883280757	0.116719243	0.990025172	4714901.333	TRUE	1764337.172	78.444	7423.456778	6635.802481		37.954	-119.294	0.158333346	14.28333378	44.22084427	639.338562	18.70000076	-13.60000038	32.30000305	-5.016666412	7.800000191	9.016666412	-6.416666508	744	125	20	64.15598297	339	66	74	334	NA	NA	NA
C75	Rana muscosa	California	Humphreys Basin	Ameletus Lake	N/A	Adult	Male	51	12	RKS36366	BII0075	AJS5049	123000	1000	0.008130081	1212000	1000000	0.825082508	0.174917492	0.990008114	1361119.333	FALSE	0	1096.188	4255.555556	3434.567889		37.954	-119.294	0.158333346	14.28333378	44.22084427	639.338562	18.70000076	-13.60000038	32.30000305	-5.016666412	7.800000191	9.016666412	-6.416666508	744	125	20	64.15598297	339	66	74	334	118	91	77.11864407
Ca91	Rana muscosa	California	Humphreys Basin	Trapdoor	N/A	Adult	Male	57	19	RKS36372	BII0091	AJS5057	259000	2000	0.007722008	1268000	1088000	0.858044164	0.141955836	0.990023776	3422066.667	TRUE	3993.374509	154.5	9517.283963	8750.617296		37.3377	-118.8475	-0.14166671	13.11666679	42.58657837	638.8122559	17.5	-13.30000019	30.79999924	-6.566666603	7.549999714	8.716666222	-6.650000095	689	116	17	62.69108963	310	61	74	290	NA	NA	NA
Ca92	Rana muscosa	California	Humphreys Basin	Trapdoor	N/A	Adult	Female	51	15	RKS36373	BII0092	AJS5058	120000	3000	0.025	1264000	1172000	0.92721519	0.07278481	0.990021205	1097641.667	TRUE	1131.717961	138.246	7209.876556	6419.753074		37.3377	-118.8475	-0.14166671	13.11666679	42.58657837	638.8122559	17.5	-13.30000019	30.79999924	-6.566666603	7.549999714	8.716666222	-6.650000095	689	116	17	62.69108963	310	61	74	290	NA	NA	NA
Ca93	Rana muscosa	California	Humphreys Basin	Trapdoor	N/A	Adult	Female	60	22	RKS36374	BII0093	AJS5059	360000	3000	0.008333333	1296000	1208000	0.932098765	0.067901235	0.990024739	8510376	TRUE	10181.9107	846.63	9019.753074	8248.148148		37.3377	-118.8475	-0.14166671	13.11666679	42.58657837	638.8122559	17.5	-13.30000019	30.79999924	-6.566666603	7.549999714	8.716666222	-6.650000095	689	116	17	62.69108963	310	61	74	290	NA	NA	NA
Ca94	Rana muscosa	California	Humphreys Basin	Trapdoor	N/A	Adult	Female	58	22	RKS36375	BII0094	AJS5060	330000	2000	0.006060606	1268000	1156000	0.911671924	0.088328076	0.990013284	8560429.333	TRUE	121.2541985	136.416	7395.061741	6606.172852		37.3377	-118.8475	-0.14166671	13.11666679	42.58657837	638.8122559	17.5	-13.30000019	30.79999924	-6.566666603	7.549999714	8.716666222	-6.650000095	689	116	17	62.69108963	310	61	74	290	31	22	70.96774194
Ca95	Rana muscosa	California	Humphreys Basin	Trapdoor	N/A	Adult	Male	58	21	RKS36376	BII0095	AJS5061	145000	2000	0.013793103	1224000	900000	0.735294118	0.264705882	0.986898178	1099249	FALSE	0	2678.97	4974.074074	3903.703704		37.3377	-118.8475	-0.14166671	13.11666679	42.58657837	638.8122559	17.5	-13.30000019	30.79999924	-6.566666603	7.549999714	8.716666222	-6.650000095	689	116	17	62.69108963	310	61	74	290	104	79	75.96153846
Ca111	Rana muscosa	California	Independence Creek	Slim Lake	N/A	Adult	Male	53	18	RKS36396	BII0111	AJS5089	313000	1000	0.003194888	1296000	1060000	0.817901235	0.182098765	0.990027297	9317640	FALSE	0	753.102	6793.827148	6000		37.9575	-119.3005	-0.350000024	13.76666641	43.56540298	630.5444946	17.89999962	-13.69999981	31.59999847	-5.183333397	7.133333206	8.449999809	-6.733333111	804	132	21	62.85953522	360	71	81	339	140	112	80
Ca112	Rana muscosa	California	Independence Creek	Slim Lake	N/A	Adult	Female	62	32	RKS36397	BII0112	AJS5090	310000	1000	0.003225806	1292000	916000	0.708978328	0.291021672	0.990029031	8385877.333	FALSE	0	64.8	5186.419741	4376.543222		37.9575	-119.3005	-0.350000024	13.76666641	43.56540298	630.5444946	17.89999962	-13.69999981	31.59999847	-5.183333397	7.133333206	8.449999809	-6.733333111	804	132	21	62.85953522	360	71	81	339	169	126	74.55621302
Ca113	Rana muscosa	California	Independence Creek	Slim Lake	N/A	Adult	Male	46	10	RKS36398	BII0113	AJS5091	119000	1000	0.008403361	1160000	1016000	0.875862069	0.124137931	0.990018715	1122432	FALSE	0	253.032	5270.37037	4460.493815		37.9575	-119.3005	-0.350000024	13.76666641	43.56540298	630.5444946	17.89999962	-13.69999981	31.59999847	-5.183333397	7.133333206	8.449999809	-6.733333111	804	132	21	62.85953522	360	71	81	339	124	100	80.64516129
Ca114	Rana muscosa	California	Independence Creek	Slim Lake	N/A	Adult	Female	68	29	RKS36399	BII0114	AJS5092	190000	1000	0.005263158	1280000	916000	0.715625	0.284375	0.990018675	1119801	FALSE	0	84.654	9679.012333	8913.580259		37.9575	-119.3005	-0.350000024	13.76666641	43.56540298	630.5444946	17.89999962	-13.69999981	31.59999847	-5.183333397	7.133333206	8.449999809	-6.733333111	804	132	21	62.85953522	360	71	81	339	308	281	91.23376623
Ca115	Rana muscosa	California	Independence Creek	Slim Lake	N/A	Adult	Female	58	12	RKS36400	BII0115	AJS5093	310000	1000	0.003225806	1300000	900000	0.692307692	0.307692308	0.990032583	8641269.333	FALSE	0	46.272	9449.382704	8682.716037		37.9575	-119.3005	-0.350000024	13.76666641	43.56540298	630.5444946	17.89999962	-13.69999981	31.59999847	-5.183333397	7.133333206	8.449999809	-6.733333111	804	132	21	62.85953522	360	71	81	339	NA	NA	NA
Ca131	Rana muscosa	California	Conness Pond	Conness Pond	N/A	Adult	Male	47	10	RKS33121	BII0131	AJS5101	123000	1000	0.008130081	1212000	1080000	0.891089109	0.108910891	0.990023113	1687684	TRUE	211913.1916	35.196	12095.06174	11354.321		37.9525	-119.306	-0.350000024	13.76666641	43.56540298	630.5444946	17.89999962	-13.69999981	31.59999847	-5.183333397	7.133333206	8.449999809	-6.733333111	804	132	21	62.85953522	360	71	81	339	98	79	80.6122449
Ca132	Rana muscosa	California	Conness Pond	Conness Pond	N/A	Adult	Male	49	12	RKS36382	BII0132	AJS5102	202000	1000	0.004950495	1296000	1180000	0.910493827	0.089506173	0.990035288	1413492	TRUE	16628.98393	177.81	12862.96296	12130.86419		37.9525	-119.306	-0.350000024	13.76666641	43.56540298	630.5444946	17.89999962	-13.69999981	31.59999847	-5.183333397	7.133333206	8.449999809	-6.733333111	804	132	21	62.85953522	360	71	81	339	NA	NA	NA
Ca133	Rana muscosa	California	Conness Pond	Conness Pond	N/A	Adult	Male	52	14	RKS36383	BII0133	AJS5103	129000	1000	0.007751938	1264000	1068000	0.844936709	0.155063291	0.990037036	1506596	FALSE	0	575.826	5734.567889	4930.864185		37.9525	-119.306	-0.350000024	13.76666641	43.56540298	630.5444946	17.89999962	-13.69999981	31.59999847	-5.183333397	7.133333206	8.449999809	-6.733333111	804	132	21	62.85953522	360	71	81	339	NA	NA	NA
Ca134	Rana muscosa	California	Conness Pond	Conness Pond	N/A	Adult	Male	52	15	RKS36384	BII0134	AJS5104	124000	1000	0.008064516	1196000	1100000	0.919732441	0.080267559	0.990022504	1133365.333	FALSE	0	160.89	7934.567889	7151.851852		37.9525	-119.306	-0.350000024	13.76666641	43.56540298	630.5444946	17.89999962	-13.69999981	31.59999847	-5.183333397	7.133333206	8.449999809	-6.733333111	804	132	21	62.85953522	360	71	81	339	NA	NA	NA
Ca135	Rana muscosa	California	Conness Pond	Conness Pond	N/A	Adult	Female	NA	18	RKS36385	BII0135	AJS5105	190000	1000	0.005263158	1200000	1028000	0.856666667	0.143333333	0.990041679	1053277.333	FALSE	0	52.566	8765.432111	7992.592593		37.9525	-119.306	-0.350000024	13.76666641	43.56540298	630.5444946	17.89999962	-13.69999981	31.59999847	-5.183333397	7.133333206	8.449999809	-6.733333111	804	132	21	62.85953522	360	71	81	339	NA	NA	NA
Ca151	Rana muscosa	California	Fourth Recess	Sleet Lake	N/A	Adult	Female	60	22	RKS36416	BII0151	AJS5111	102000	1000	0.009803922	1212000	964000	0.795379538	0.204620462	0.990026337	1082546.333	FALSE	0	135.522	7169.135815	6379.012333		37.4988	-118.9142	1.070833325	14.00833321	43.10256577	657.918396	19.5	-13	32.5	-6.033333302	9.100000381	10.0666666	-6.033333302	576	97	15	62.93828964	257	51	61	257	NA	NA	NA
Ca152	Rana muscosa	California	Fourth Recess	Sleet Lake	N/A	Adult	Male	46	11	RKS36417	BII0152	AJS5112	222000	1000	0.004504505	1280000	904000	0.70625	0.29375	0.990030314	3070053.667	FALSE	0	24.09	10202.46915	9443.209889		37.4988	-118.9142	1.070833325	14.00833321	43.10256577	657.918396	19.5	-13	32.5	-6.033333302	9.100000381	10.0666666	-6.033333302	576	97	15	62.93828964	257	51	61	257	NA	NA	NA
Ca153	Rana muscosa	California	Fourth Recess	Sleet Lake	N/A	Adult	Male	49	16	RKS36418	BII0153	AJS5113	315000	1000	0.003174603	1292000	1020000	0.789473684	0.210526316	0.990032787	10683136	FALSE	0	94.158	11041.9753	10291.35804		37.4988	-118.9142	1.070833325	14.00833321	43.10256577	657.918396	19.5	-13	32.5	-6.033333302	9.100000381	10.0666666	-6.033333302	576	97	15	62.93828964	257	51	61	257	NA	NA	NA
Ca154	Rana muscosa	California	Fourth Recess	Sleet Lake	N/A	Adult	Female	56	20	RKS36419	BII0154	AJS5114	145000	2000	0.013793103	1168000	1072000	0.917808219	0.082191781	0.99001812	1103707.333	FALSE	0	28.794	8703.703704	7928.395074		37.4988	-118.9142	1.070833325	14.00833321	43.10256577	657.918396	19.5	-13	32.5	-6.033333302	9.100000381	10.0666666	-6.033333302	576	97	15	62.93828964	257	51	61	257	NA	NA	NA
Ca155	Rana muscosa	California	Fourth Recess	Sleet Lake	N/A	Adult	Female	60	26	RKS36420	BII0155	AJS5115	125000	2000	0.016	1196000	1024000	0.856187291	0.143812709	0.990022191	1042806.667	FALSE	0	168.03	9039.506185	8267.901222		37.4988	-118.9142	1.070833325	14.00833321	43.10256577	657.918396	19.5	-13	32.5	-6.033333302	9.100000381	10.0666666	-6.033333302	576	97	15	62.93828964	257	51	61	257	NA	NA	NA
Ca161	Rana muscosa	California	Mulkey Meadows	Mulkey Meadows	N/A	Adult	Female	53	18	RKS35978	BII0161	AJS5183	194000	4000	0.020618557	1192000	1052000	0.882550336	0.117449664	0.990017275	3765039	TRUE	4728.766235	58.5	12016.04937	11274.07407		36.4053	-118.195	3.229166508	14.1916666	42.49002075	712.854248	22.39999962	-11	33.40000153	-4.716666698	12.01666641	12.51666641	-4.716666698	593	106	11	67.72621155	281	45	60	281	122	93	76.2295082
Ca162	Rana muscosa	California	Mulkey Meadows	Mulkey Meadows	N/A	Adult	Female	59	25	RKS35979	BII0162	AJS5184	152000	3000	0.019736842	1160000	1120000	0.965517241	0.034482759	0.990029279	1092505.333	TRUE	162873.225	58.482	8371.604926	7593.827148		36.4053	-118.195	3.229166508	14.1916666	42.49002075	712.854248	22.39999962	-11	33.40000153	-4.716666698	12.01666641	12.51666641	-4.716666698	593	106	11	67.72621155	281	45	60	281	110	97	88.18181818
Ca163	Rana muscosa	California	Mulkey Meadows	Mulkey Meadows	N/A	Adult	Female	59	23	RKS35980	BII0163	AJS5185	220000	2000	0.009090909	1240000	1200000	0.967741935	0.032258065	0.99000791	1738230.667	TRUE	1922984.941	80.46	9883.95063	9119.753074		36.4053	-118.195	3.229166508	14.1916666	42.49002075	712.854248	22.39999962	-11	33.40000153	-4.716666698	12.01666641	12.51666641	-4.716666698	593	106	11	67.72621155	281	45	60	281	192	164	85.41666667
Ca164	Rana muscosa	California	Mulkey Meadows	Mulkey Meadows	N/A	Adult	Male	54	18	RKS35981	BII0164	AJS5186	223000	4000	0.01793722	1232000	1188000	0.964285714	0.035714286	0.990012711	2421454	TRUE	628670.0697	78.732	11560.49381	10813.58026		36.4053	-118.195	3.229166508	14.1916666	42.49002075	712.854248	22.39999962	-11	33.40000153	-4.716666698	12.01666641	12.51666641	-4.716666698	593	106	11	67.72621155	281	45	60	281	NA	NA	NA
Ca165	Rana muscosa	California	Mulkey Meadows	Mulkey Meadows	N/A	Adult	Female	54	22	RKS35982	BII0165	AJS5187	330000	1000	0.003030303	1280000	996000	0.778125	0.221875	0.99002898	8704965.333	TRUE	1064752.177	112.95	10948.14815	10196.2963		36.4053	-118.195	3.229166508	14.1916666	42.49002075	712.854248	22.39999962	-11	33.40000153	-4.716666698	12.01666641	12.51666641	-4.716666698	593	106	11	67.72621155	281	45	60	281	46	33	71.73913043